Label,TEXT
0,TIL the movie Starship Troopers was never adapted into a successful video game because...
0,What do you call a fat baby?
0,"Two morons are sitting on a fence. The big one fell off, why didn't the other?"
0,I covered all my weapons in glue.
0,Joke I made up: Caveman and a bear walk into a bar. Bartender says "what's your story?" Caveman says...
0,Late one night a drunk guy is showing some friends around his brand new apartment.
0,It's too early for hurricane jokes
0,"What My Girlfriend Thought, First four Dates:"
0,Why did Donald Trump marry an immigrant?
0,What clown has killed more children than "It"?
0,Dunno what this WiFi dude did
0,Why do Jews get Circumcised?
0,Teacher: tell me a sentence that starts with an "I"
0,Yo mama's so fat
0,A tired american soldier is on a train to london
0,"I???m in so much debt, I can???t afford to pay my electric bill."
0,If you think your microwave and your TV spying on you is bad.
0,What do you call it when a kid teaches their parents?
0,"Today I donated a watch, a phone and my wallet to a poor guy..."
0,A Woman Shoots Her Husband For Stepping On The Clean Floor???
0,What washes up on small beaches?
0,He's Serving Her
0,You know what really grinds my gears?
0,I bought shoes from a drug dealer once...
0,How did Rhianna find out that Chris Brown was cheating?
0,My girlfriend says I'm an idiot who can't do anything right.
0,For the cold nights to come.
0,The way to a man's heart is through his stomach
0,Fish is swimming up river when he bumps his head.
0,I don't like political jokes
0,What do you call a game developer with erectile dysfunction?
0,"I said to my wife, ???I need to call the doctor today.??ù"
0,Looks like I just lost an electron...
0,A man is being arrested...
0,There are eleven types of people in this world...
0,How did Mike Tyson open the door to alcoholism?
0,Why did the cannibal live on his own?
0,"Never fart in an apple store,"
0,Just found out i was colourblind.
0,A wife says to her husband...
0,"""What school?"""
0,Why do the military use acids?
0,Are you today's date?
0,What's a man's most sensitive body part when he's masturbating in the bathroom?
0,The oldest computer can be traced to Adam and Eve.
0,What did a cannibal do after he dumped his girlfriend?
0,Why did the chicken commit suicide?
0,How does a red-headed man reach orgasm?
0,When Magnesium and Oxygen started dating I was like
0,Do you know how to make a dumb person curious?
0,What does a tornado and a divorce in the south have in common?
0,I went to a club for sufferers of premature ejaculation and no one was there...
0,What does Barbie like to go snorkling with?
0,You know what the worst part of a double amputation is?
0,Where does a spy sleep?
0,"In a small town in America, a person decided to open up his bar business, which was right opposite to a church"
0,My girlfriend dumped me today saying I was too childish
0,So my friend died while skydiving today..
0,Threesome?
0,What do you call an alligator that is constantly starting fights with his friends? [OC]
0,My girlfriend said that I'm not a complete dick . . .
0,What is the difference between a coffee shop and a brothel?
0,I have a phobia of over-engineered buildings.
0,I knew a guy who survived mustard gas and pepper spray
0,What if Jesus was just gay and he said
0,"If your dog is barking at the back door and your wife is knocking on the front door, who should you let in first?"
0,One day a little girl was saying her prayers
0,What's the difference between a Jew and a canoe?
0,What's the definition of trust?
0,Did you hear Jeffrey Dahmer had dandruff?
0,Who do businessmen pray to?
0,What did the Boston Marathon bombers accomplish that Hitler could not?
0,My wife left me for being too insecure
0,I had a very expensive amputation.
0,Why wouldn't a mad scientist destroy the world?
0,Why doesn't Trump care about Irma?
0,Why did the roofer visit the doctor???s office? [OC]
0,An very attractive woman took a seat next to me at a bar last night.
0,My girlfriend broke up with me because I talk aboyt video games too much
0,Replaced my girlfriend with a supercharger
0,Man in prison
0,What do you call a fisherman's wife that is good with his bait?
0,Heard you were looking for a stud?
0,I always wanted to try aural sex
0,I???m addicted to seaweed.
0,What do you call a fat computer?
0,Why do dwarfs laugh when they play soccer?
0,I feel sorry for the dyslexic atheist insomniac...
0,Rick Ross goes to the doctor
0,When Trump announced job creations...
0,When I was younger I thought drugs were going to be a much bigger problem.
0,[Long] Three men arrive at a forest.
0,What lightweight material are hispanics made of?
0,What do you call a music-loving captain of a ship?
0,A married couple try to spice up their love life
0,How can you be both right and wrong?
0,What do you call a pod of musical whales
0,Why did the cyclops close his school?
0,How did the butcher hold his tent down at the market? [OC]
0,What do you call a hillbilly who owns sheep and goats.
0,What do you call a potato that gives you cancer?
0,Dating is a lot like fishing...
0,How did the ocean greet the people on shore? [OC]
0,Trouble with the car
0,A man walks into a bar...
0,My uncle all ways recommended me to get a job down at the hospital doing circumcisions..
0,Why do women fart after they pee?
0,How did the cheetah get caught steeling food from the local market? [OC]
0,Snail with an attitude
0,So I saw the new IT movie...
0,What's the difference between the 1950's and the 1980's?
0,How big was the man who was exiled from the town? [OC]
0,How do you keep a blonde at home?
0,What kind of bovine likes to make copies?
0,My girlfriend said she's leaving me because of my narcissistic tendencies...
0,I once made a pun out of paper.
0,Two alligators were swimming next to a law firm...
0,I was laying in bed last night looking up at the stars in the sky when I thought to myself
0,I accidentally sent my friend flowers over the internet
0,I really love playing chess with elderly people in the park.
0,Why were the police called to a kindergarten?
0,Look at your keyboard. U and I are together.
0,"""Honestly son, it's all about separation of the whites and the colored with some strategic hanging thrown in..."
0,I used to work at an aquarium...
0,What???s your stance on 9/11?
0,3 guys are hiking through the woods when they find..
0,What's the best thing about getting a blow job from your wife?
0,My friend came back home after a very long vacation
0,I used to date a one-legged girl who worked at a brewery...
0,Who was the tadpole's favorite relative? [OC]
0,Two Cows Standing In A Field...
0,The Shoe Box
0,What did the orthodontist say to the patient?
0,Child soldiers are important
0,Massive trump rally scheduled for tomorrow
0,A man decides to buy tickets to the Superbowl
0,Parallel lines have so much in common...
0,Life without women would be pain in the ass
0,I like my ceiling...
0,A would-be spy goes for a job interview
0,Yo mama's so ugly
0,I've finished writing my autobiography.
0,I told my neighbour that I spent the night with my wife in the hospital.
0,"I have many jokes about unemployed friends,"
0,What do you call a priest who became a lawyer?
0,What do you call a book club that has been stuck on the same book for centuries?
0,What???s the difference between roast beef and forest fires?
0,Billy Joel's house has burned down. apparently due to a faulty game console.
0,Why was the buffalo embarrassed about his calf? [OC]
0,In Thailand you have to pay the hookers extra
0,What did Kanye say to the Swift winds?
0,How do you cook retarded french-fries?
0,"Trump doesn't believe the hurricane is real,"
0,How do you kill a fox with a broken leg?
0,The doctor told me my voice box is damaged and I may never speak again.
0,Rich emperor is so proud and lucky to have his huge castle built next to many unlucky and unfortunate poor houses.
0,Why does Hellen Keller only masterbate with one hand?
0,Did you hear about the busy suicide bomber?
0,I have a tendency to drop everything I'm holding
0,Morgan took drugs.
0,I accidentally shrank my slacks in the dryer.
0,Lots of people admire Quasimodo.
0,9/8 of common core teaches bad math
0,My wife says I am too insecure
0,"Doctor: Hello, did you come to see me with an eye problem?"
0,What Matthew Mcconaughey movie skips from breakfast to dinner?
0,"So ISIS have stockpiled over 10,000 brand new Syrian passports."
0,How do you know if someone is vegan?
0,Why don't people eat sheep's lungs in America?
0,Your mamma's so ugly...
0,If at first you don???t succeed...
0,Who Came First
0,Having sex is like playing bridge. If you don't have a good partner
0,"Knock knock, who's there?, 9/11, 9/11 who?"
0,So I met a interesting guy today...
0,Why don't you ever see hippos hiding in trees?
0,TIL a mind-blowing fact.
0,What happened to the horny business women who hit on a sexy construction worker on her way to work? [OC]
0,What do you call Halloween displays that are up way too early?
0,Not only is my new Thesaurus terrible...
0,What can you tell a potato to boost its ego?
0,What do you call a dwarf with a fake identity? [OC]
0,I just dropped my monitor on my toe
0,Why did the student rip up his report card? [OC]
0,What did Dahmer sing as he went to the fridge?
0,Why is sex always great when you're camping?
0,Why people come to America?
0,Have you tried the whale sushi?
0,I slipped in the shower yesterday...
0,What did Dahmer ask Lorraina Bobbitt?
0,Why are there no "yo pappa" jokes?
0,What did the teenage stoner at the talent show say to the audience?
0,When's the only time a Jew will leave a tip?
0,Buzzfeed employee is diagnosed with stage 2 brain cancer
0,I walked into a bookshop and said to the girl behind the counter "I'm looking for a book by Shakespeare".
0,I bought a book in the yardsale today.
0,(LONG). There once was a farmer named Bill
0,???Squeeze 18 lemons and drink the juice all at once.??ù
0,How does a Rabbi get paid for circumcising a baby?
0,"Tell a man a joke, he will laugh for a day"
0,Why were the police so convinced their Native American suspect was guilty? [OC]
0,The Blonde that wanted to prove she wasn't dumb.
0,Why did the cowboy jam his heel into the horse? [OC]
0,How did the snake get around the side of the wall? [OC]
0,You won't be able to watch porn on the iPhone 8.
0,Why was the wannabe lawyer stuck in jail? [OC]
0,Have you seen that viral video of Jagmeet Singh?
0,What do you call a bush shaped into a pig? [OC]
0,American children are very mean
0,Ever brush your teeth by accident with diaper cream?
0,"If your father was a bit of a jerk, just remember..."
0,"Guys, seriously, 9/11 jokes are insensitive..."
0,What does Hawkeye say during a drunk fight?
0,I always forget that holiday that comes at the end of October. Then the doorbell rings...
0,What is the best joke in 2017?
0,What do fisherman do when they're lonely at sea?
0,What did the depressed rural estate agent do?
0,How do you know when Christianity isn't "healing" you?
0,A Chinese man and a Jewish man were walking...
0,TIL that Google is a girl
0,Noah's wife was called
0,My neighbor asked if I knew anything about the missing clothes from her clothes line
0,Realty Deal of the Century
0,Pat O'Neill decides to compete in the Dublin Marathon
0,What do you call a red-haired baker?
0,My neighbors are listening to great music.
0,An expectant mother decided to break the news gently to her young son
0,What does a prostitute and a professional soccer player have in common?
0,When you have a pet rock
0,How did trump win the elections
0,My Love Life
0,"???Darling, can I go out in this dress???ù"
0,Your mother
0,What's the scariest thing about a white man in prison?
0,Yo mama's so old...
0,Indecisive Ex
0,Tom asked Dick
0,They say inside every fat person is a skinny person trying to get out.
0,I'm sorry that I left the iron on...
0,Why are messy eaters so rude?
0,"Last night, some bastard broke in and stole my Limbo Trophy"
0,What do you call a white man with a big dick?
0,I sent in some puns in to a contest yesterday.
0,Tramp stamp
0,An acid and a base walk into a bar
0,Manner lesson
0,Why are Americans bad at MOBAs?
0,What's the difference between North Koreans and South Koreans?
0,I was really angry when I didn't get the job as a boxing referee.
0,With all of these Muslims coming into Canada
0,You can really say that these hurricanes are a sign of
0,Ants
0,Why did a Dad's innocent weekend movie plans get him arrested?
0,Why was the obese man concerned about his weight? [OC]
0,Why do prostitutes like lepers?
0,Botany
0,What did the physicist say to the Jedi?
0,What's the difference between a rundown greyhound stop on the seedy side of town and a lobster with huge fake tits?
0,What is the most commonly??? used number in Germany?
0,"I heard that after Hurricane Irma, FEMA will run out of money."
0,Did you hear about the computer virus that led to the ruin of the first men?
0,What's the difference between a joke and 4 dicks?
0,I said hi to a feminist the other day
0,I recently went to the theatre to see a production about puns
0,When does a astronaut eat?
0,My 9 year old nephew told me he wished he could be like Batman.
0,Yo mama so hairy
0,Why is Adolf Hitler the most hated man in history?
0,What did the olive say to the other olive when it fell down from the tree?
0,People are like clothes.
0,What do you get when you breed a demon and a fat cow?
0,Yo mama so ugly
0,I wanna make a joke about my mom and dad being "gender neutral"
0,What did the Cabbage say to the broccoli that imprisoned them?
0,"If a Mexican Star Wars existed, the best character would be"
0,Priests in India are allowed to have sex
0,Yo mama so old and ugly
0,Kim and Kanye expecting another baby....
0,What's brown and sounds like a bell?
0,What do you call someone who gets their 1p change?
0,Your family is so poor...
0,What is the difference between ignorance and apathy?
0,Did you hear about the guy whose license said he needed to wear glasses while driving?
0,???Imagine how great she???ll look after two.??ù
0,Gypsy girl.
0,I told my crush to text me when she gets home.
0,Have you heard of Murphy's Law
0,Why was the Egyptian boy confused?
0,A hurricane is a lot like getting married...
0,Where do wild boars like to go on holiday?
0,What did the nuclear scientist have for lunch
0,"When the marine biologist discovered the first ten legged squid with toes, he said..."
0,I like my women like I like my golf scores
0,How do Arabs read 6<10?
0,Yo mama's so stupid
0,Why is a swordfish's nose 11 inches long?
0,I wrote a code to find photos of the sun on August 21...
0,Stoned group of countrymen confess to crime
0,Pewdiepie fans be like
0,"A leper walks into a bar, sits down."
0,What is mitosis?
0,If brains were gasoline...
0,What did they bury David Hasslehoff in when he died?
0,"My friend asked me what I was being for Halloween, and I said ""Nothing."""
0,"Remember, If your apartment is hit by a dolphin, DO NOT GO OUT TO SEE IF THE DOLPHIN IS OKAY"
0,You been drinking tonight?
0,The insignia of the SA isn't a circle or a square or a triangle...
0,A clown and a five year old boy are walking into the woods
0,I'm really fortunate for my sphincter muscle.
0,Apparently there is bi-partisan agreement in Congress that medicinal marijuana should be allowed for the purpose of relieving arthritic pain.
0,If you piss off a vegan....
0,Why can't you keep a Jew in Jail?
0,Pukka pies taste pretty good...
0,"State of Emergency: Circus Fire Rages in Texas, Deadlier than Hurricane Harvey"
0,Guy walks into a bar and orders a fruit punch.
0,What do a Toyota Prius and a tampon have in common?
0,Money talks
0,Why wasn't the Mexican able to go to archery with his cholo friends ?
0,Off yo blond wife
0,One thing you'll never hear a Hindu say...
0,Yo mama's so stupid...
0,Phil the aspiring chef
0,The Amazing Golfer
0,My Doctor just told me I had Chron's disease...
0,My dick
0,"Electric vibrators and my frat brother have a lot in common,"
0,What's Aaron Rodger's favorite band?
0,Yo momma so cheap...
0,Yo Mama's so fat
0,My girlfriend is like the sqrt(-100).
0,A meeting with my therapist
0,A flea was on the beach.
0,Why was the young Chicken excited when he saw the farmer?
0,Two men are walking in the woods...
0,Why are blind people bad fortune tellers?
0,I broke my finger today...
0,Michael Jordan and Magic Johnson walk into a bar...
0,Store-bought Entenmann???s chocolate chip cookies
0,What do Hurricane Irma and DJ Khaled have in common?
0,I can't make jokes about unemployed people...
0,The SJW chicken crossed the road.
0,I still remember my first love
0,Do you know what else is on 4/20?
0,How many police officers does it take to change a light bulb?
0,I was going to watch the new Stephen King movie.
0,I tried to tell a room full of stationery not to take drugs
0,Life Goals
0,I don't believe in zodiac signs...
0,My Friend Told Me A Chemistry Joke
0,What does a train do before it swallows its food?
0,My family told me to stop eating the leftover Thanksgiving food from the fridge.
0,The thief told me he could help me lose some pounds.
0,Why did the tomato blush?
0,What is it called when a pc builder has rough sex?
0,I met a Nuclear Engineer the other day.
0,Braces at 22 isn't so bad
0,What do you do when your dishwasher stops working?
0,A Rabbi and a Roman Catholic Priest sit next to each other on a plane.
0,My neighbour knocked on my door at 2:30 am this morning. Can you believe it 2:30 am!
0,The Thing About Irma and Jose
0,My girlfriend asked me if I'd ever seen "The Bucket List."
0,I have a coworker just back off maternity leave who takes extra long breaks to pump her breasts..
0,The disadvantage of scamming people at a prisoners' convention is that everyone's trying to scam you too.
0,Claims that cloud storage is the future of smartphone memory issues
0,The costume party
0,What's the cure for marriage?
0,Did you know there's a street in England named Harry Styles Boulevard?
0,What's a crack head's favorite song ?
0,What do you call two midgets spooning?
0,A Bachelor is like a new detergent
0,How many i's does "Carl" have?
0,Why do anarchists only drink Herbal tea?
0,What do you call a drummer without a girlfriend?
0,YO MAMA...
0,Have you seen the newest Stephen King book based horror movie?
0,What do you call someone who hates rice?
0,I want to wish you a Happy Birthday in Chinese.
0,I know a boomerang joke
0,"I fought with my brother about how he likes to kick ice under the refrigerator, but we're cool now."
0,There was a man fighting another man similar to his size.
0,Why did "The Land Before Time" movie series have their insurance denied?
0,I went clubbing once
0,What is The Pope's favorite workout program?
0,What's the difference between a really good golfer and a police officer on paid administrative leave?
0,The thermos. [Long]
0,Why won't Hurricane Jose hit the USA?
0,I dated a contortionist once.
0,I got interested in the BDSM scene
0,A man with a wooden leg walks into a bar
0,Where does a king keep his armies ?
0,Little John
0,Why did the gametes start a porn business?
0,What did the abusive mallard say to his duck wife?
0,"What is Long, Hard, Goes Deep, and Full of Semen?"
0,The doctors think Icy Hot turned me into a homosexual
0,An accountant and a lawyer were laying on a beach in Hawaii sipping mai tai's
0,How many ADD kids does it take to screw in a lightbulb?
0,"Wow, nice legs!"
0,Why did the chicken cross the road?
0,"If you run in front of a car, you get tired..."
0,A man picks up answers a phone in the shopping center.
0,Timmy came home complaining to his dad that he was being picked on and called gay at school by a boy named Johnny.
0,Fight Club turns 18 this year....
0,"A man is nude at a beach,"
0,What happens when you cripple a gay person?
0,If you put your mind to it you can make any dream a reality.
0,"""You can't spell slaughter without laughter!"""
0,My doctor asked me "how's your memory?"
0,My Dad is an optometrist and really wants to retire but..
0,People from Great Britain are so noncommittal.
0,1: "I know a good knock knock joke but you need to start it!"
0,I gave a deaf blind child my seat in the taxi
0,How much does a Hipster weight ?
0,A woodpecker's a bird...
0,What do you call someone that eats cereal?
0,My friend said an onion is the only food that makes you cry
0,I ate a couple brownies the other day
0,"A man just assaulted me with milk, butter and cheese"
0,What's the goal of a Jewish football game?
0,"A Blonde, a brunette and a redhead are trying to get to heaven"
0,I didn't no whether I should shit or go blind.
0,Whats the good thing about living in Houston?
0,"When Dr. Samuel Johnson had finished his first English dictionary, he was visited by a delegation of ""London's Respectable Womanhood"" who came to his parlor at Fleet St. and said, ""Doctor, we congratulate you on your decision to exclude all indecent words from your dictionary."" And he said..."
0,Why didn't Romans use clippers to cut their hair?
0,"I'd like to establish a new city, a proud city."
0,I don't know who this Tas is but people are crazy over him..
0,I once stayed up all night trying figure out where the sun went
0,Why are Greeks so strong?
0,What do you call a duck that falls out of a palm tree?
0,How does the moon cut his hair?
0,What do you call a deer with no eyes?
0,What do you call a shady Italian neighborhood...
0,"Recently I bought a DS-Lite, and was surprised by how heavy it was..."
0,C's get degrees
0,What do you call a really big bowl of regular noodle soup at a Phˇ?? restaurant?
0,What do you call a witchy DJ?
0,Scientists removed the entire right half of a guy's body.
0,What happens when you get a chicken nugget hard?
0,Why did the scarecrow get promoted?
0,If the USSR suddenly came back together...
0,What does Reddit have in common with 'Who's Line Is It Anyway'?
0,Why do pirates wear googles?
0,A magician was asked about the magic trick where someone is put into a coffin and cut in two.
0,My friend is really good at parkour
0,What do you do if an epileptic is having a fit in a bath?
0,My Dad had a headache the other day so I asked if he needed any pills.
0,"""Dad, I'm going to play rugby with my friends ... you know where the ball inflator is?"""
0,What kind of vegetable do people farm indoors after it rains?
0,Jonny the 5th grader needs to take a piss.
0,What do you call a person who's sexually attracted to chic peas and tahini?
0,I once volunteered to help out at a special needs school
0,"I'm gonna name my kids ""Control"", ""Alt"" and ""Delete"""
0,What was the deal the coffee-addict lawyer offered potential clients?
0,"Bubba, Cooter and logic"
0,I never realised how close "f" and "t" were on the keyboard...
0,A father's belt is a lot like watching porn
0,I once persuaded my girlfriend to smuggle my coke through customs by sticking it up her ass.
0,I tell myself I should cut back on my drinking
0,Eggs in my fridge
0,I tried to shake hands with a feminist yesterday
0,Recently opened up a dairy shop
0,Which kind of cane makes you move faster?
0,"If there's a lesson to be learned from the Oscar Pistorius tragedy,"
0,Tall people are less tired than small ones
0,What did the lady say to the man she was having sex with when he had to pee?
0,What does the pasta say after it's done praying?
0,Me: [uncontrollable sobbing] I can't see you anymore. I won't let you hurt me again.
0,When do people like spooning?
0,Mama always said Fishing is like a Hooker...
0,What's the difference between humans and bullets?
0,My Coworker Dropped A Plate Today
0,Robin Williams went on a German talkshow and was asked
0,Not sure why my friends wasted their time and money with college...
0,Do you know how to bake toilet paper?
0,My son wanted to know what it's like to be married
0,I could tell that my parents hated me.
0,My 12 yr old nephew: What do you call a reptile that always starts drama?
0,Why is it so hard to break up with a Japanese girlfriend?
0,"For Arabs, there is this joke"
0,Online dating is a lot like fishing in my local river
0,What's it called when a scientist splits the check with a girl after dinner?
0,Did you hear about the dyslexic agnostic?
0,You got me wet like...
0,"If Thor's hammer had a charging port , what type it would be ?"
0,I am 23 and haven't had my periods as yet. My little sis is 17 and had her period since 13...
0,How do I contact the NSA?
0,They should spray Windex on spectators at sporting events
0,Do you like self deprecating humor?
0,What kind of disease can you get from learning?
0,What do you call a cow with a twitch?
0,What do you call a chicken coop with four doors?
0,Why don't aborted babies understand jokes?
0,My wife asked what a good low key present for a coworker would be.
0,I saw a rabid squirrel humping a pile of acorns in my back yard today...
0,I started a band called 999 megabytes...
0,Scientists have invited a new facial recognition algorithm to use at gay therapy camps...
0,What are the four hardest years for a policeman?
0,Hurricane Irma
0,"""Son, I found a condom in your room."""
0,Read this carefully.
0,I was addicted to The Hokey-Pokey....
0,Why did an IT guy need glasses?
0,[NSWF] Justin Beiber's Arse is Like A Movie Ticket
0,What do you call a mom and dad that like to cross dress?
0,Women are like parking spaces
0,Posted a BYU/Utah joke yesterday. Here's another
0,I just saw Brokeback Mountain
0,My Chinese neighbor offered to walk my dog for me. I almost let him until I saw the book he had on his counter.
0,What's a pan that likes to go fishing?
0,Riding a moped is like banging a fat chick
0,Can a woman help you to become your millionaire dream?
0,what do you get when you insert human DNA into a goat?
0,A man goes to the pharmacy with his 8 year old son
0,I never wanted to believe that my Dad was stealing from his job as a road worker.
0,I think Jesus might have been gay.
0,Life is like a magic eye poster
0,Why i dont trust in biogas?
0,What's an Asian cannibal's favorite food?
0,If Ironman and Silver Surfer teamed up
0,What is a radical feminist`s favorite class in school?
0,What do mechanics and lesbians have in common
0,Why have the gold-diggers left California?
0,At least someone wants to sweep me off my feet
0,A sandwich walks into a bar and asks for a drink.
0,I was in a comedy club where the performer referred to asians with the n-word in one of his jokes.
0,What did the cop say to the dairy thief?
0,"I forgot to bring the drinks to my senior prom. But hey, look at the bright side."
0,There's a fine line between numerator and denominator...
0,Why did the composer get arrested?
0,I saw a cow today that was over 6 feet tall.
0,What??s the easitiest way to cripple America?
0,What's the difference between a hippo and a zippo?
0,Told my girlfriend I wanted something littler and cuter than her.
0,If I had a dollar for every existential crisis I've had...
0,I worked at Apple. Today...
0,Had a blind date last night.
0,Was feeling pretty down in the dumps earlier and tried hanging myself with bungee cords
0,What is brown and sticky?
0,There's no need to worry about Hurricane Jose
0,Got lasik eye surgery...
0,Did you hear what happened to the butcher?
0,Why did bear go to college?
0,Did you hear about the guy who froze to absolute zero?
0,"If hooking up a monkeys testicles to a car battery is gonna save me from dying from AIdS on 10 years, I've got one thing to say"
0,Why did the surfer take a nap
0,I saw a black man riding a bike and I thought it was mine.
0,Fixing my garden
0,I think my dog has a speech impediment.
0,What did the Cedar Tree say to the Maple Tree?
0,How do you call a battle between 2 builders?
0,I am going to change my name. My new name can only be pronounced by the wind blowing through the trees.
0,Ever heard about the bread theif that always has a headache?
0,My grandma said she had an idear.
0,"Two rednecks, lets call them Jim and Daryl..."
0,Bobby has to use the restroom.
0,Can a joke about dinosaurs make you laugh?
0,Evacuating Miami is the best revenge against hurricane Irma.
0,Need your best space pun for a space-themed costume party
0,"A priest and a rabbi are walking down the street, when they see a little boy tying his shoe on the sidewalk..."
0,At first I hated my new haircut
0,"After an argument with my boss, I decided to leave my job at the helium factory."
0,How do you scare a gangster?
0,How do the Cubs get home after playing a game?
0,What's the difference between jam and jelly?
0,Why can't Kylo Ren trick Luke into thinking he is a Sith lord?
0,A genie grants Trump a wish...
0,What is full of cracks and sinks?
0,What did the tumor say when asked if it could kill its host?
0,How do you send a demon to heaven?
0,What do you get when a brewmaster punches you lightly on the shoulder?
0,Did you hear about the circus fire?
0,My doctor said he thought I had the body of a 25 year old.
0,Where do all the potheads stay when they are at hotels
0,What was the foot fetishist happy to taste after he lost?
0,Everybody really loves the new "IT" movie.
0,A guy at a restaurant pays for his meal after eating.
0,Whenever I see more 'research' about how the world is round.
0,I was working in a phone store when I got a message from my girlfriend...
0,I hate having to shop for jeans as a guy. They're all made like cheap castles.
0,What do you call a blind German
0,A friend of mine told me a lazy eye can be sexy
0,"Geologists may not always get along, but when the schist hits the fan..."
0,Put the punchline in the title
0,Opinions Are Like Assholes. Keep your thoughts to yourself. Fools are better seen than heard.
0,A boat joke: Why is the back of a boat tougher than the front?
0,What's the difference between the lost city of Atlantis and Florida?
0,"""Fuck you noob! I hope you die..."""
0,I secretly like that Tom Hiddleston character
0,"What's big, full of wind and hits southern Florida every fall"
0,What does a riddle and a girl have in common?
0,What do you call the Coast Guard during a hurricane?
0,A friend of mine told me this joke many years ago
0,My marriage was a like a hurricane.
0,"In America, dogs are k-9s"
0,"A photon checks in at the airport for his flight. The ticket attendant asks him if he has any baggage to check, and the photon says, ""No..."""
0,Golf Lessons
0,Read a story recently about a guy who went deaf as a result of having acquired immune deficiency syndrome.
0,gluten free whole wheat spaghetti
0,"I was thinking, why do balls appear bigger the closer they get."
0,9/11 jokes are terrible!
0,"A waiter says to a customer ""Excuse me, miss, but you appear to have some lettuce stuck in your pants."""
0,What's the difference between a car tire and 365 used condoms?
0,I decided to leave work an hour early today.
0,An Irish man frees a genie
0,Englishman irishman and a Scotsman
0,What do you call synthetic breast cleavage?
0,I love watching my girlfriend coming out of the shower...
0,I was so close to becoming a gynecologist
0,"Man, we have to many genders these days(Original Joke)"
0,"My dad was dating a woman with enormous breasts, but he dumped her after he found out she was using drugs."
0,A guy shows up late for work
0,Two clowns are eating
0,How do you catch a unique rabbit?
0,"When I tell people I'm a ninja, they always ask if I can throw a star. And I always tell them"
0,Good news everyone: I'm no longer constipated!
0,And this is how men think...
0,Why did the chicken cross the road
0,Condoms are not a 100% effective method of birth control
0,What do you call a fat psychic?
0,Did you hear about the explosion at the plastic wrapping convention?
0,The Chicken is offended that even after all the jokes
0,I bought a puzzle and it said "3-6 years" on it.
0,A lorry carrying a load of tortoises crashed though a railway crossing into a train full of terrapins .
0,"I was in a relationship that got exponentially worse, so I had to break it off."
0,"I have 6 eyes, 3 ears, 2 mouths, but one tooth. What am I?"
0,How does Samuel L Jackson count?
0,My jokes are as bad as a seven on a dice
0,What's a rappers favorite toy?
0,My buddy in the Air Force got injured in the war...
0,What can't a turtle do when you flip it over?
0,Too Many puns. Enjoy!
0,What square did the knight move onto A6 from?
0,What do you call monies generated by a carbon tax?
0,Wife asked me what am I doing
0,I think they should have adjusted for inflation in the new "It"...
0,What did Einstein's Wife say the first time she saw him naked?
0,Little Johnny stole the cookies from the cookie jar....
0,A friend came to my doorstep claiming he'd robbed the pools supply cupboard.
0,"Wow you smell nice today Jim, what did you put on?"
0,What do you call a duck that???s addicted to drugs?
0,"If you're Russian to the bathroom, and when you Finnish you walk out, what are you inside"
0,What happens when you drop your bottle of water and it breaks?
0,Why were there no vegetables in the bolognese?
0,A Mosquito landed on my wife's face...
0,I used to steal Mitch Hedberg jokes.
0,Sometimes I take my shirt of when I'm pooping
0,My Friend Chakakhan walked into a party i was throwing
0,Indian food
0,Where do you find a dog with no legs
0,They say the inventor of yoga pants had comfort in mind
0,A teacher is teaching her class of kindergarteners how to use grown-up expressions.
0,I once persuaded my girlfriend to smuggle my coke through customs by sticking it up her arse
0,What's the difference between E.T. and a refugee?
0,What do you call a table that knows the future?
0,The letter K walks into a bar...
0,Dads are like boomerangs.
0,If a tree falls in the forest and no one is around to hear it...
0,Did you hear about the Doctor on the United Flight?
0,TIL unvaccinated children are less likely to be autistic
0,What???s the difference between a politician and a flying pig?
0,"Yesterday my daughter was playing in the garden when I saw her kill a butterfly. So to teach her a lesson I said, ""Just for that you don't get any butter for a month."""
0,V
0,I'm an animal lover and my GF just moved in.
0,Why will congress never impeach Trump?
0,Three men were driving through a desert while on vacation
0,What concert costs only 45 cents?
0,"Breaking news: A teacher was arrested for carrying a protractor, a compass and a divider."
0,"I couldn't join the KKK if I wanted to, my bloodline isn't pure enough."
0,What do you call an easily scared monkey?
0,A man answered an ad that read "Hiring welders $18-$24 per hour"
0,Still my favorite joke I ever made up. :)
0,"Some people repeat themselves, and it???s really annoying."
0,"""Where are my keys?"""
0,Most people enjoy being tickled a few times.
0,"If a girl sleeps with 10 guys in a day they say she's a slut, if I do,"
0,Why can't a bicycle stand on its own?
0,"A Swede, a Norwegian and a Finn"
0,"Wife: ""If I was a food or drink, what would I be?"""
0,A lot of people like to sleep in the fetal position.
0,What's the problem with the Special Olympics?
0,My grandpa told me about the 3 rings of marriage today...
0,Bringing a girlfriend to New York
0,What do you call four blonds in a Volkswagen?
0,What do you call a snake who makes a living building passenger airplanes?
0,A man goes to the doctor saying that he's seeing everything in twos
0,Why did the honest baker go out of business?
0,Can a kangaroo jump higher than a house?
0,Which Bollywood actress never gets bowled caught stumped lbw or hit wicket?
0,In high school I was in a theatrical production about puns.
0,Chinese Sick Leave
0,What's the difference between my ex-girlfriend and a dirty rat?
0,My girlfriend was really upset when she found my name on the sex offender registry
0,How do you spot a blind man at a nudist colony?
0,A first-grade teacher can???t believe her student isn???t excited about the Super Bowl
0,A blonde walks into a bar.
0,"My bloodtype inspires me ,"
0,What does a slutty horse wear?
0,"What is the name of a medium-well movie, with knights and gambling?"
0,Roses are red violets are blue
0,How do you drown a hipster?
0,Did you hear about the two bodybuilders who always talked at the same time?
0,A man walks into a bar and orders three beers.
0,How much RAM does a great white shark have?
0,What's the difference between Buckingham and necrophil?
0,What's the difference between a hooker and a drug dealer?
0,Representatives from an American NGO are on a visit to a Soviet kindergarten.
0,Fact: You don't actually swallow 6 spiders in your sleep
0,Did you hear about the midget psychic that escaped from prison?
0,I downloaded an app that I thought would help me find great sandwiches...
0,"'Dad, how much did it cost for you and mom to get married?'"
0,Have you seen the latest new article about butter?
0,What's the nationality of someone with many knees?
0,Found this on the interwebs
0,What's the difference between a bulimic and a communist?
0,Soldiers
0,What do Princess Diana and Pink Floyd have in common?
0,It cost NASA scientist 1 billion dollars to send felines into outerspace.
0,What does Bob Ross's paintings and an orphanage have in common?
0,If you were to second-guess your decision to book time to visit a Native American community...
0,Midnight Petrograd... A Red Guards night watch spots a shadow trying to sneak by. "Stop! Who goes there? Documents!"
0,Ex who lives in Florida
0,"Paddy Englishman, Irishman and Scotsman are discussing how great their uncles are"
0,Fred Flintstone:
0,I have gotten chlamydia so many times...
0,I have a reptile in every room but one
0,What tool does a woman like best in the kitchen?
0,"A Rabbi, a Priest and a Minister go golfing"
0,Yo Mama's so fat...
0,A HUSBAND'S LAST REQUEST
0,What do you call a cow with no legs? Ground beef. What about 3 legs? Lean beef. Two legs?
0,They made a mixed drink after Hurricane Sandy
0,The key to success I learned from working at a brothel is to
0,Seventy-five-year-old Marvin goes to the local mall and tries to find a gift for his wife for Valentine's Day.
0,What's the difference between a Ferrari and a pile of dead babies
0,What's the difference between science and religion?
0,What's the difference between Yo Momma and a pretzel?
0,Jaguar just announced an XK-E Concept car they will show at the Frankfurt Auto Show this year.
0,Scientists removed the right half of a man's brain &
0,A man mentions to his coworker that her hair smells nice today
0,I started a cycling club. It's been 1 Month and still no members....
0,I thought the morgue had cremated my dead son.
0,How do you shut an Italian up for good?
0,And I???m really excited........
0,I was in work yesterday and saw an article on a magazine...
0,Did you hear about the meth-head comedian?
0,What do Kim-Jung Un and a penis-shaped potato have in common?
0,"???I know I???m a winter, spring, and summer risk too.??ù"
0,My roommate locked himself in the bathroom and I heard him crying.
0,"Sex, for men, is kinda like pizza..."
0,"Last night, ..."
0,Ever wondered why atheists don't solve exponential equations?
0,What's it called when you leave Charleston for Irma?
0,"The detective said, ""Something's fishy about this evidence..."""
0,What do you call a book club that has been stuck on the same book for hundreds of years?
0,I dont believe in God
0,I feel sorry for gay vegans
0,Directions to the Post Office
0,What do you say to an annoying pacifist?
0,Why couldn't the tomato cross the road?
0,What does a vegan and a 2 year old have in common?
0,"Yo momma's so dumb,"
0,What do you call a police man in bed?
0,What did the blind man say when he passed the fish market?
0,I have the body of a 18 year old
0,My Girlfriend wont stop crying during Hurricane Irma
0,I???m a magician of sorts. I steal candy bars using sleight of hand.
0,The way they seem to just never leave.
0,Yo momma so fat
0,Two idiots envy their boss
0,Build a man a fire and you'll keep him warm for a night
0,A nurse died and arrived before St. Peter
0,My dad had a strict rule where I couldn't go on dates if my age was on the clock...
0,"My friend invented a machine that can take a disc out of a console, then put a new one in"
0,Church in Florida is underwater.
0,What do you call a bear with no teeth?
0,My cat actually plays fetch.
0,The movie IT
0,Went to see IT tonight and people were really scared...
0,Even though Florida chose to be a red state..
0,"I work in a prison, and when people ask me if I enjoy my job..."
0,What do you call the guy whose feet always fall asleep?
0,What did the Redditor say to the leprechaun at the end of the rainbow?
0,A hydrogen atom lost its electron and went to police station to file missing electron report.
0,I'm emotionally constipated.
0,I lost both my legs yesterday
0,"I was hunting a shot a male deer. I hung it on my wall. When I had a hooker over, she saw the deer. She told me I could get 2 extra hours if I gave her that deer"
0,Guess what
0,Arguing with a woman is like reading Terms and Conditions
0,"Did you know that Donald Trump, Kelly Anne Conway, and Rush Limbaugh were supposed to be on one of those planes on 9/11?"
0,I was hiking once with my girlfriend.
0,What do you call it when a man flashes a stranger?
0,The hat said to the necktie...
0,"Excuse me, sir, do you have Prince Albert in a can?"
0,Redneck word of the day: Nascar.
0,This is why I absolutely hate certain races...
0,What do you call Irish James Bond?
0,I used to be an Adventurer like you...
0,#NAME?
0,Why didn't the shark take the fisherman's bait? [OC]
0,Why can't you fool an aborted baby?
0,What do shoes and horny fruitarians have in common?
0,Why was the teenage boy nervous while changing the girls' bathroom garbage? [OC]
0,Why are the Irish getting exponentially richer?
0,I'm sure his name was Nicky
0,THINGS YOUR MOM WOULD NEVER SAY TO YOU
0,Jose isn't making landfall in the US...
0,"Women, do you want longer lashes?"
0,I have a fear of speed bumps...
0,Did you hear about the baseball player that was a pedophile?
0,What did the Formula 1 commentator say when Kimi Raikkonen drifted gracefully past the finish line in pole position?
0,What is the difference between your wife and your job?
0,What do you call the unit that measures emotions?
0,What did the professor always do with his cheese? [OC]
0,Why did Trump make Melania marry him?
0,My friend is a big fan of similes. He's like...
0,My girlfriend's a pornstar.
0,I shaved for the first time in a while today...
0,Take Heart
0,when you're dead you don't know it. It's only painful to others.
0,Diarrhoea is heredetary..
0,Did you hear about the kid born without eye lids?
0,My wife makes me feel like christmas
0,An author is trying to write a new book.
0,When is a pedophile's favourite part of a hockey game?
0,Why blind people don't skydive?
0,What did Juaquin Malphurs do when he volunteered at a local animal shelter?
0,Saw "IT" last night
0,The 22 most hilarious murder stories ever...
0,"Captain: ""Oh cheer up boy-o, thar be plenty-o-fish in the sea!"""
0,My girlfriend and I planned to commit suicide together...
0,What do you call the sun when it masturbates?
0,I finally managed to get rid of that nasty electrical charge I???ve been carrying.
0,"I just found out my best friend is a communist. To be honest, I should have known."
0,I talked back to my OCD mother...
0,My neighbors are listening to good music
0,"In the hospital, I asked the charge nurse for a phone charger - she was very offended."
0,My high school guidance counselor told me I'll always be useless
0,I was in a job interview today...
0,Why was 1 year old African baby crying?
0,Your mommas so poor
0,"Hey Baby, are you russian?"
0,Jack wakes up with a horrible hangover and a throbbing black eye.
0,My high school guidance counselor told me I'd never become anything as an adult.
0,I Used to Be Addicted to The Hokey Pokey.
0,A cowboy is captured by natives after a long battle.
0,What does Batman get in his drinks?
0,A man goes on a date
0,How do you spot a gay man in a group of naked women?
0,"When a musician's fingers move really fast across a piano, they're considered a prodigy and a genius."
0,When an eel hits your eye like a big pizza pie....
0,What do Grammar Nazis call their movement?
0,Did you know that Jim Carrey lost the use of his left hand for a month in 1997?
0,A Dad is washing a car with his son.
0,I've decided to marry a pencil.
0,A 100 married men go to hell
0,I went by the house where I grew up in yesterday
0,This asshole looked at
0,"I told my son, ???You will marry the girl I choose.??ù"
0,what does 18  15 equal?
0,Why was Portugal the best colonial power?
0,If pro means good and con means bad...
0,What did the cold tortilla say?
0,"A string walks into a bar looking really tired and dirty, disheveled and twisted and the bartender says: ""Hey buddy, are you okay?"""
0,"In tech support, we get asked questions that seem like common sense. Today I told a guy ""CTRL-P""..."
0,A woman's hamster isn't moving
0,What do Apple and the NFL have in common?
0,Three statisticians go out hunting together
0,"As i walk in the local shopping mall, a woman comes walking towards me"
0,"A little boy says, ???Dad, I???ve heard that in some parts of Africa a man doesn???t know his wife until he marries her."
0,Pierre the famous French fighter pilot
0,Do you know why women aren???t allowed in space?
0,Why does Kim Jong-un have such a huge library?
0,Why did the blind man cross the road?
0,I always considered myself a Canadian American in spirit
0,What's brown and sticky?
0,I can count on one hand how many times I have been to Chernobyl.
0,Did you hear of the American who robbed a bank in Latvia?
0,Why do ducks have big flat feet?
0,What type of tree doesn???t need to worry about birth control?
0,Ralphie May....
0,My dad told me this one.
0,"Hey Girl, are you a bible?"
0,My best friend got mad at me because he caught me smelling his sister's panties
0,I found a website for broken guns.
0,The reason women don't play football
0,A boy is walking down the street when a man runs from the opposite direction holding a nice shirt.
0,I've got an inferiority complex.
0,A Blonde Puzzle Joke
0,A mother is sitting with her three children...
0,I hate it when people ask me where I see myself in 3 years...
0,Special shop sale:
0,I wanted to post a joke about the unemployed
0,Communism jokes aren???t funny
0,Where did the annoying prophet go on vacation?
0,I hate the book Fahrenhiet 451 so much
0,"I think my wife???s going deaf,"" Joe told their doctor."
0,Who Wants to be a Millionaire!
0,"She yells, ""No, I won't sleep with you tonight, you pig!"""
0,Hey girl are you a construction worker?
0,I hate playing cards in the Oval Office.
0,A photon walks into a hotel
0,Dads are like boomerangs
0,When it comes to sex I'm a wild animal...
0,I always buy groceries with cash.
0,I get seriously pissed off when my professor brings up ??.
0,Why did the chicken cross the basketball court ?
0,Calculators are reliable.
0,What did the mother deer say to her children during a storm...
0,Blonde wakes up after a one night stand.
0,What's Indian Women's favorite movie?
0,"Before you criticize a man, walk a mile in his shoes"
0,Abdul Al-Rhazim
0,Why was the fishing show so successful?
0,I wanted to post a periodic table joke...
0,What do you call an entitled white guy that goes outside with no pants in the winter?
0,Retail clerks who buy their own clothes from their own stores really need a confidence boost.
0,I told the winning team to stop being communist.
0,What do you do with a compressed folder of porn?
0,Cupid lost his id
0,A family is at the dinner table
0,Sex! Sex! Sex! Free sex tonight!
0,They should make another Taken movie about Liam Neeson being underappreciated for keeping his family safe
0,"In Minecraft, there are the Overworld Lands, the End Lands, and the..."
0,Henry VII dating profile
0,What's a ducks favorite drug?
0,What do you call a book club that's been stuck on the same book for centuries?
0,Hellen Keller walked into a bar...
0,What do you call a lobster with a nutcracker?
0,"Weatherman forecasted the worst storm in over a hundred years, but it didn't hit us."
0,The other day I unexpectedly bought a cat.
0,It is a myth that you cannot breathe underwater
0,Did you hear about the Italian Chef that died?
0,Pythagoras
0,"Hey girl, are you a bible?"
0,Why do Astronauts go into space?
0,What's a black and white and red all over?
0,Why is your poop tapered at each end?
0,PEEING ON MY FLOWERS
0,Why wasn't the archaeologist interested in girls?
0,Darth Vader and Luke Christmas joke
0,"""My wife has a stall on the beach..."""
0,What's a pin without a point?
0,Why is it so hard to be friends with a Mathematician?
0,What do Golden Knights do after their games?
0,The eclipse did two things our political leaders cannot.
0,Religion is like farts
0,What do you call a ninja turtle with an addiction to pastries?
0,A man is talking to God.
0,Why do aliens prefer to Masturbate?
0,What do you call an epileptic man in a bush?
0,Why You Should Make Love Once A Year
0,What do you call cheese that goes to the gym?
0,What brand of routers & switches do Native American indians use for computer networking on the reservation?
0,Heard this gem from a coworker yesterday
0,I'm surprised there are so many anti-vax politicians in America
0,Engineer vs Manager
0,Did you hear the one about the speed bump and the cymbal?
0,The difference between an egg and a wank
0,How's the iPhone X design?
0,Two meteorologists walk into a restaurant...
0,So these two ancient Egyptian brothers are mummifying their father.
0,What did the Gourmet Chef say to the local teenagers trespassing on his property?
0,A limping dog walks into a bar...
0,"""She puts it in, takes it out, tastes it, then puts it back in..."
0,You Can???t Teach an Old Dog to Fly
0,A painter paints 10 miles on his first day...
0,What did one mug say to another mug after they got mugged?
0,A blonde and a brunette...
0,My wife says she hates being on her period . . .
0,If Bruce Wayne overcame his fear of bats by becoming his phobia...
0,Three men get their wives birthday presents.
0,"When a woman wears a bikini, they leave 90% of their body exposed."
0,Detroit really dodged a bullet with a tornado today.
0,It always shocks me when people say republicans are anti-communists
0,An old woman asks for her neighbor's parrot..
0,What do you call a cheap circumcision?
0,"What has 10,000 legs and 3 pubes?"
0,What do you call a bearded Nazi?
0,There once was a farmer with 3 daughters who were all going on their first date at the same time...
0,A tourist is travelling down the Rhine
0,What fruit must get married locally?
0,Why can't you ever sing the last verse of a Swedish song?
0,Police: How'd you kill 30 people?
0,"*knock-knock* Hello, sir. Do you live here?"
0,"Before the prostate exam, I asked the doctor where should I put my pants."
0,"I was browsing Toys R Us and the aisles said ""Girls 3-5"", ""Boys 5-7"", etc."
0,"A man was pulled over for driving too fast, even though he thought he was driving just fine."
0,Which spartan was known for his quick reflexes?
0,The Woolies burnt down.
0,What's the only drink size they allow in North Korea?
0,Kendrick Lamars New Song
0,My new girlfriend said I'll have to wait 6 months before we have sex .
0,I am reading r/jokes on the tiolet...
0,What is a catholic priests favorite activity?
0,What do you call a world's shittiest recycling center?
0,My dad is strongly against my gambling addiction.
0,What do you call a pregnant women in the army?
0,Why did the repost cross the road?
0,9/11 jokes aren't funny
0,"At the grocery store today and when asked paper or plastic, I said ???you make the call??ù the guy replied ???no can do.??ù..."
0,I saw two vegetarians arguing
0,Are you the medulla?
0,Getting married is very much like going to a restaurant with friends.
0,What do you call a warehouse district?
0,What vegetable is always burnt?
0,What is a bodybuilders favorite subject?
0,"My friends, it is with a heavy heart I tell you..."
0,A man rubs a lamp and a genie pops out and grants him a wish.
0,"""Would you like a table?"""
0,Why did the cow go on holiday?
0,What do you call it when you throw a cat out of the car?
0,When I get naked in the bathroom
0,Yesterday I took laxatives and laughing gas at the same time.
0,So this moose was on "Who Wants to be a Millionaire" right?
0,"[oc?] In many Asian countries, it's hard to distinguish prostitutes from members of the clergy."
0,I???m starting a YouTube channel about my fixation with lizards and snakes. What am I going to call it?
0,Tom has just one right arm
0,"I took an iq test yesterday on Facebook, as a matter of act..."
0,What???s the least spoken language?
0,What is a pansexuals favorite kind of show?
0,What do you never want to hear during a prostate exam?
0,A Simple Guide to Cake Consumption
0,Why did the Mexican take Xanax?
0,Think New Yorkers don't get along? I just saw two complete strangers share a cab...
0,What is the name of a rock group that has four members yet none of them sing?
0,Why ? Father time and mother earth
0,My penis doesn't mean much to me.
0,Why did the poorly made shoe go to confession?
0,Never trust an atom
0,What's Donald Trump's favorite drink?
0,Some guy just tried to make a chemistry joke.
0,I'm dating a half Asian girl
0,How to get gum out of a child's hair?
0,Why didn't the toilet paper make it across the road?
0,"When trying online dating, you should open with a joke you found on Reddit."
0,Who has the most dangerous job in Transylvania?
0,"Women are like fruits, each have their own qualities."
0,Why there are no Jews in The Orville?
0,Why Brazilians don't have a 'stiff' stance against international terrorism?
0,What is the point in becoming an ISIS terrorist on the off chance you will get 72 Virgins when you die?
0,My school memorary
0,Guy and a monkey walk into a bar...
0,Did you know that the British have a special piece of clothing for their favorite meal of the day?
0,The Bison.
0,Yo mamma is so ugly when she tried to join an ugly contest they said...
0,What did the Spanish pimp tell his woman to do in the garden last Christmas?
0,Last week was my birthday and I didn't feel very well waking up that morning
0,Where did the vampire go when he wanted to learn how to draw?
0,I saw an elephant crossing the road
0,I was fired from the keyboard factory today.
0,Why did the loaf of bread lack manners?
0,Dentist: "So are you doing anything fun for the holidays?"
0,My phone just fell down a flight of stairs...
0,Did you hear about the time Jesus overdosed on male enhancement drugs?
0,Mr_Johnny in English Class
0,Why is Peter Pan always flying?
0,What do you call a man who gets his wife pregnant a lot?
0,Remember the rumor about Robin Williams death surrounding him searching for thrift store deals?
0,What is the difference between an economic recession and a broken down escalator?
0,Two tomatoes were crossing a road....
0,I shot a vulture.
0,What's the difference between a superhero and a professional wrestler?
0,"If D.Va from Overwatch was French, she'd be nicknamed ""The 9-10""."
0,I was unlucky to be sacked as a chef for using the incorrect fish and herbs
0,"Donald Trump, a Black man and a Jew are sitting in a hospital..."
0,They say you can hear your blood pump....
0,"Shitty shitty day, fell off a 50ft ladder :'("
0,Why is there a gate around a cemeteries?
0,Who is Otto Rocket's auto insurance provider?
0,"The secret to a long marriage is that we take time to go to a restaurant two times a week. A little candlelight, dinner, soft music and dancing."
0,2005: One day computers will be so good that you will have to prove you aren???t a robot.
0,TIL that Canadian Natives learn vowels differently than the rest of us.
0,"Hey girl, are your parents retarted?"
0,If everyone cares about blind people..
0,What country???s capital is the fastest growing? Ireland???s
0,Why physics teacher break up with biology teacher?
0,How does an Italian pokemon say hello?
0,What is a Japanese person's favorite Korean food?
0,What do you call a gay man who drops his McDonalds?
0,The best part of waking up...
0,What did one hat say to the other?
0,You know what's the one line you will never see from the "Most interesting man in the world" ?
0,The Death comes visit an old Lady on Halloween
0,What religion do sheep practice?
0,A wife goes to consult a psychiatrist
0,Did you hear about the haunted health food store?
0,Why did the robber take a bath?
0,Why do NASA scientists drink Sprite?
0,What???s the difference between a fisherman and a woodturner?
0,If I had to guess which of my friends might have a heart attack...
0,Two chemists walk into a bar.
0,On some air bases the Air Force is on one side of the field and civilian aircraft use the other side of the field.
0,Join the flat earth society!
0,I left my chicken feed out in the rain and it turmed into porridge overnight.
0,I got fired from my mail route today.
0,I just found out Pride is one of the seven sins.
0,People who are twins are so happy about it...
0,Why are voodoos so good at teaching computer programming?
0,Did you hear about Reese whatever-her-name-is stabbing herself?
0,The fat life...
0,3 men on a plane
0,I could make a list of all the musicians I don't like
0,What did one geneticist say to the other as a pickup line?
0,Sometimes at work...
0,I just paid ??600 for a voyeurs club
0,"An airplane was about to crash, with 4 people in it."
0,I can't stand Jokes about German Sausage.
0,Santa's helpers are known as...
0,Had to give a fecal sample today but the nurse said it wasnt enough. She asked I would be willing to give her another sample.
0,How is Donald Trump going to rebuild Puerto Rico?
0,There should be a Planet Hollywood for Internet Stars
0,I'm here to kick ass and chew bubblegum
0,At least we know /r/Jokes cares about the environment.
0,"You win some, you lose some"
0,"A man rubs a bottle and a genie comes out,"
0,I'm going to open a strip club where the dancers rap.
0,What's the backside of the moon called?
0,"A child asked his father, ""How were people born?"""
0,You're about as useful as...
0,What do you call a clock on thanksgivings?
0,What do skeletons say before eating?
0,What do Marvel and Northrop Grumman have in common?
0,"wherever I touch, it hurts"
0,A very curious customer asked
0,Mummy mummy... why do I keep going round in circles?
0,Why was the student's report card wet?
0,Amish from the future
0,"""Have you got any books on favouritism?"" I asked the librarian."
0,I took a sip of what appears to be some sort of poisonous ink...
0,A scientist brings a sandwich to life by feeding it prunes and bran for 3 days. He then hears its first words...
0,"E-Flat, A-Flat, and B-Flat walk into a bar.."
0,How do you think the unthinkable
0,"An oldie, but a goodie..."
0,Hand phone batteries are like....
0,Who did King Arthur leave in charge of watching his eight electrons?
0,iPhone X has face recognition!
0,Why are there no feminists in Japan?
0,What do you get when you cross the Atlantic with the Titanic?
0,I was dropping off a parcel.
0,The day it's all self-driving cars on the road
0,A man inserted an 'ad' in the classifieds: "Wife wanted."
0,What do you get when you cross the mailman with a Cougar?
0,why are lawyers dishonest
0,I was walking down the street . . .
0,I wanted my computer to run faster
0,Just found out watermelons are 92% water......
0,Russian Roulette isn't that bad
0,My mom loved bingo so much ...
0,Pony
0,What's the problem with a nuclear engineer with boundary issues?
0,I???m not drinking any more.
0,"3 hours in the crucifixion of Jesus one of his disciples, Andrew, is wandering the streets of Jerusalem still trying to fathom what just happened"
0,"A dog looks at its human and thinks ""this person feeds me, they must be God"""
0,Someone in my family lost a couple hundred pounds!
0,What do you call an amphibian who catches criminals?
0,When is the best time to visit the dentist?
0,How come there's no "Yo Daddy" jokes?
0,Someone asked Ghandi what he thought about Western Civilization
0,What did the tomato say to the baseball cap?
0,What's easy to get into but hard to get out of?
0,I accidentally left my wallet in my jeans when I put them in the wash...
0,"If the Cold War had ended badly, what would've happened?"
0,"Dr: ""Mr Smith, your wife is comfortable."""
0,"""Mom, turn on FOX. I want to hear the news."""
0,Jehovah's Witnesses don't celebrate Halloween
0,I freaked out when I saw the clown from IT at my local thrift shop
0,The photographer was positioning my new husband and me for our wedding photos
0,The French Club is Really Fun!
0,What do sneeze attacks and runners both have?
0,What did the mathematician do when he had constipation?
0,My doctor must think I have a bad hard drive
0,so my Irish friend told his town he was an atheist......
0,"I forgot the Roman numerals for 51, 6, and 500."
0,What time did Henry take a dump?
0,Measuring vs Questionaries
0,Have you ever seen the karate kid backwards?
0,Why are intelligent gay people never rembered?
0,A man goes to the movie theatre with his duck...
0,What did the muslim guy say to his girlfriend when she was about to eat gorilla meat?
0,I???m left-handed... (Seinfeld joke)
0,My joke is finished
0,Why did Henry buy some farm equipment?
0,"You know how girls get annoyed if they pay for something with a bunch of $1 bills and you say, ""Hey, when did you become a stripper?"""
0,What did the green grape say to the purple grape?
0,"If you want to read the Gospel according to Shrek, open your Bible to Psalm???"
0,why do magicians pass every exam ?
0,"What is a Jewish, a Black and a Russian man waiting outside a brothel for?"
0,Emergency call
0,Grave robber
0,What's the difference between having sex with a woman and driving a Yugo?
0,What's the most slippery country?
0,When is a door not a door?
0,I have a question for you anime fans.
0,Why did Trump get mad at his keyboard?
0,My really old textbook fell apart today.
0,Why did the Potato call the police?
0,What would you call it if Reddit had an apocalypse
0,i watched my classmate murder our professor with a calculator
0,My origami classes were canceled.
0,I was walking down the street when I came across a particularly dirty looking homeless man
0,"If two men met up in a porno, what would it be called?"
0,I need to look for a job
0,What's Tchaikovsky's lucky number?
0,What do you call someone with no shins?
0,I decided to make my password "incorrect"
0,What should that famous scientist guy Tyson be an NFL player?
0,This gay rights thing has gone too far.
0,Why was the blonde stuck in the shower?
0,How do you confuse a conspiracy theorist?
0,I heard Elon Musk is talking about rebuilding PR's power grid...
0,A sadist and a masochist...
0,Why did the Russian stop before going outside?
0,Why is a whale called a whale?
0,Two wrongs don't make a right...
0,What do you call someone that is wrong 99 times out of 100?
0,Why do Mexicans wear pointy boots
0,They should just confer sainthoods on every US president after their term.
0,"Do you know what do you say, when you outsmart a person from Czech Republic ?"
0,How much does a hipster weigh?
0,Using a new dating app is a lot like shitting on a new toilet..
0,It was hard being a POW.
0,What do rabbits have in common with Africa?
0,I had a good Jew joke...
0,What is Gordon Ramsey's favorite movie?
0,Never play poker with lepers.
0,What do you call a french homosexual?
0,I just bought some vegan donuts.
0,What does golf and an old man have in common?
0,fake gorilla joke
0,Speed dating is pointless.
0,Why won't sharks attack lawyers?
0,A rabbit town hall meeting was held to discuss recent events...
0,"I wanted to see if I was suited for the job at the funnel factory, they said I wasn't"
0,"Her: my car is un-insured, if a tree falls on it it's not covered"
0,A BEAUTIFUL WOMAN LOVES GROWING TOMATOES
0,You know you love me
0,A New Element Has Been Added To Chemistry
0,The creation of the woman.
0,There's a bat competition...
0,"Judge: ""You have been found unanimously guilty of using clickbait, and I sentence you to death by electric chair."""
0,Some bloke started talking to me in the pub last night.
0,Two atheists were lost in a desert.
0,Having bipolar is awful
0,An Impossibly Long Leave
0,Homeless people are the most persistent activists in society.
0,When one door closes another one opens.
0,"Heard an NPR story that a Congressional panel is being convened to better understand advances in AI and the economic implications, but I think they are way too late!!"
0,St Peter invites Jesus to play a round of golf...
0,Why do pilots avoid Mediterranean food?
0,My girlfriend said I could not differentiate between left and right
0,What's the best vegetable to wear on your head?
0,What do you call a line without an imaginary number?
0,"What is the difference between when the UN distributes a flashlight to each country, and when it delivers a cow to each country?"
0,How do you roast a Marshmallow?
0,What do you call a boner at a funeral?
0,"A Nazi, a Confederate and a Fascist have a competition to jump off a cliff. Who wins?"
0,What kind of music do balloons hate?
0,"What is the laziest, most apathetic letter in the alphabet?"
0,If Storks represents birth. Which bird represents birthcontrol?
0,What is worse than a biscuit drowning in the tea ?
0,If emotional scars were visible...
0,"A blonde goes into a library and, speaking clearly and loudly, orders a burger, fries and a milkshake."
0,An old man goes into a drugstore...
0,What has two legs and is red all over?
0,How does Mike Tyson tell a joke?
0,Why was the visually-impared german killed by the allies?
0,An African woman named Betty went to a butcher and asked for beef.
0,Farmer
0,Why couldn't Jesus get laid?
0,A biologist gives birth ...........
0,You can tell Monopoly is an old game...
0,What???s red and smells like blue paint?
0,Why did the man fall down the well?
0,What kind of coffee do Emo's drink?
0,Lions don't discriminate.
0,What do you call two guys with no arms or legs hanging from your wall?
0,The LAW file
0,What is love without life?
0,What Do Anti-Intellectual Zombies Eat?
0,[HELP WITH JOKE] Four people in a car
0,What do you call a policy that covers obnoxious laughter?
0,What's the difference between a Texan and a Redneck?
0,Three men are at a bar drinking
0,Vaccinated kids are more likely to develop autism
0,I think my friend is addicted to brake fluid but...
0,I don't understand why so many people major in English Literature.
0,What if I told you...
0,What do you call a tree with its branch cut off?
0,What do you call a group of Mexican's you can sit on at a beach?
0,Did you hear about the grenade with autosarcophagy?
0,A truck full of toupees tipped over on my way to work this morning.
0,I wanted to make fun of my co-worker???s marathon prep...
0,If women suddenly disappeared off the face of the Earth
0,"Brad Pitt, Donald Trump, a 12-year old and an older gentleman???"
0,An economists left leg is on fire and his right leg is frozen...
0,When was the last time bud light came up with a saying?
0,Lie detector
0,Why did the guy steal a wig from the wig store?
0,I just found out I???m colourblind...
0,What happens when an EGG gets angry?
0,"I have diarrhoea, my father had it before, my grand grandfather suffered from it too.."
0,I lost my job at the M&M factory.
0,"Boy: Dad how come there are no Jews, Christians or Muslims in Star Trek?"
0,"When I was a kid, my cousin always cheated at freeze tag."
0,The best housewarming gift...
0,Three guys had a very late night drinking
0,What did the surgeon say to Kim Kardashian when she requested butt implants?
0,If you give a mouse a cookie...
0,Too Many Characters
0,What do you call it when a man gets a boner at a funeral?
0,A guy walked up to me at school
0,Silly joke I made in my dream: "There is butt sex and there is butter sex.
0,Man Walks Into Store That Is Open
0,My deaf friend committed suicide...
0,What is Trump's favourite joke?
0,Apple released a phone for pirates.
0,Did you hear about the poor waitress who lost her leg in a freak accident?
0,To the guy who invented zero:
0,Why females should avoid a girls night out after they are married...
0,I've been reading this book about anti-gravity...
0,I used to have a job transporting addicts to the nearby rehab clinic.
0,Literary joke
0,What is cardboard's favorite sport?
0,How do you know if a vegan is at your party?
0,Why was the snowman excited?
0,"How to get laid,"
0,A blind girl told me I had a huge dick...
0,Infrequently
0,What do you call a herd of masturbating cattle?
0,Duck is having car trouble....
0,What do you call someone who took your username?
0,What's black and ten inches long?
0,If Valentine's Day is for lovers..
0,What do you call a square that got pounded too hard?
0,How did Putin get engaged to Trump?
0,"With women being able to drive in Saudi Arabia, they will open a woman-only taxi service."
0,What is a man's idea of foreplay?
0,what happens to frogs who park illegally?
0,I have sex daily
0,Could you please pass the butter?
0,What do you call a person who orgasms for the first time?
0,It's not fair that women in Yoga pants get mad at me for staring at their butt.
0,What is the difference between a tart and a torte?
0,If you order German to sing....
0,Cam Newton isn't really a sexist...
0,Trump dies and goes to Hell
0,"""Son, I wanted to let you know you were adopted,"" my dad told me."
0,I want some gum
0,Don't drink too much liquor. You will go to Hell.
0,The Rich Husband
0,What do you call a river that refuses to see the truth?
0,How do Japanese dogs say hello
0,What's grosser than gross?
0,Stephen Paddock knew he had to shoot himself in the head.
0,Why don't rich WASPy women participate in orgies?
0,The secret to a good marriage is having sex at least 3 times a week.
0,What do you get when you cross an Insomniac an Agnostic and a Dyslexic?
0,What was served at the mathematicians' banquet?
0,So do you know what Star Trek and toilet paper have in common?
0,Why did the boy bring a ladder to school?
0,Why did the chiropractor throw away his iPod?
0,I was having a conversation with my dad about Blade Runner
0,What's a newborns favorite A/C setting?
0,What did the fish say when it hit the wall?
0,My high school basketball team brought their own gear
0,What do you call a sassy bumble bee that has to scratch it's nose?
0,What did the ear of corn say when he lost his leaves?
0,You really have to feel bad for applesauce producers this time of year...
0,"Dr: Ma'am, im sorry to tell you this"
0,What do you call a vegetable that doesn't take care if it's children?
0,Chewbacca's son enters his first hockey season
0,What do you call a 2000 pound orgy in a church graveyard?
0,Good news and bad news... I passed my drug test at work
0,Arthritis is the cruelest disease of all. It makes a lot of your parts stiff
0,"A man asks, ???God, why did you make woman so beautiful???ù God responded, ??ùSo you would love her.??ù The man asks, ???But God, why did you make her so dumb???ù God replied, ???So she would love you.??ù"
0,If you cut off a chickens head it can still walk around a little before it dies
0,How does a feminist end her prayer
0,"If you pierce my colon with your stick,"
0,What does Activision and a Dairy worker have in common?
0,The problem of working in IT:
0,Why a gay person wouldn't make a good King
0,What is an accountant's favorite medicine?
0,I had a Freudian slip the other day.
0,"I don't need any anti-psychotic drugs,"
0,They say the Vegas shooter was a white guy...
0,An 8 Year Old Told Me 3 Cow Jokes
0,What did the brown gerbil say to the white gerbil?
0,I don't even have kids and I always tell dad jokes.
0,"An old man, Jim, goes to the golf course..."
0,What's long and hard and full of semen?
0,Planning on wearing a slutty costume this Halloween?
0,My uncle works on a parsley farm and is constantly late to work.
0,The pink ping pong ball
0,What does apple and McDonald's have in common?
0,I took my niece to the zoo the other day...
0,What do Manchester girls use for protection during sex?
0,How many Jews can you fit in a car?
0,What???s the difference between a Skoda and a Jehovah???s Witness?
0,What do you call a belt made of watches?
0,"I saw a glory hole when I went to the toilet at a Pink Floyd concert. That might have been strange for many people, but for me it was just..."
0,What???s green and has wheels
0,A man applies for a job as a police officer.
0,I was going to rob a bakery supply store
0,A young man sees an old monk
0,"Son, have I ever told you the story about your aunt with 3 breasts?"
0,What did Gordon Ramsey say to the Lion with a speech impediment?
0,Who did Square Dickhead rob the bank with?
0,A seven-year old boy challenged a court ruling over who should have custody of him
0,Why did the little girl cross the road?
0,What's Ushers favorite dish that his mother cooks
0,"Hey, do you guys know Joe?"
0,What do a war museum and a teleprompter have in common?
0,Why did Peter Pan know he could beat Captain Hook in poker?
0,What is the best thing about Switzerland?
0,Why couldn't the witch get pregnant?
0,"I hate autocorrect, it can go ahead and duck right off."
0,"A blonde, a brunette and a redhead"
0,People with Diarrhoea should eat healthier...
0,"A guy calls his best friend, hoping to ask him a big favor."
0,What is the scientific name of the swan?
0,Did you hear about the angel with a crack in his chassis?
0,Einstein wasn???t a genius at sex ed...
0,"At the beginning of the NFL season, my ultraconservative grandfather heard the Dallas Cowboys' owner wasn't going to allow any of his players to kneel during the anthem, so he said ""I'm not going to watch anyone but my Cowboys this season."" My dad responded:"
0,Wouldn't you all agree that you just sleep better naked?
0,That 'One Laptop Per Child' thing...
0,A good Timbuktu joke...
0,Bob and His Boss
0,What's a German soldier's favorite vacation spot?
0,What did the Buddhist say to the hot dog vendor?
0,Incest....
0,What's Gordon Ramsay's Favorite Egyptian god?
0,"I can't wait for Tuesday, February 22, 2022 (2/22/22). ."
0,A man is walking home when he spots a hooker in the shadows
0,I took my dog to the vet today
0,My daughter thinks I'm nosey
0,"Trump, Putin, and Merkel are walking along a waterfront"
0,My wife says I am an animal in bed...
0,How do you know you're at a gay barbecue?
0,Why are Catholic priests called Father?
0,What do you call a part time teacher that likes beans?
0,What did one snowman say to the other snowman?
0,Have you ever told your uber driver a story that would never actually happen?
0,The campers had a really rough night last night...
0,I got a raise at the keyboard factory today
0,How to tumble down the stairs
0,How does Han Solo like his is Tauntaun steaks?
0,How do you tell the difference between a construction worker and a chemist?
0,I was fired from the keyboard factory this afternoon.
0,I didn't mean to say she looked like my mother in her lingerie...
0,What do you call beating your meat on the battlefield?
0,Knock Knock
0,They told me not to run from my problems...
0,President Trump's announces his new medical care act
0,I dumped my girlfriend last night
0,I Used to be Indecisive
0,I felt like a man trapped in a woman's body.
0,Why do Crusaders need kitchen sinks?
0,An old man walks into his doctors office and says
0,What did Stevie Wonder say when he heard jokes about him?
0,What do you call a stay-at-home dad?
0,Delivery companies Fed Ex and UPS are thinking about merging.
0,Religious people get mad about abortions because they think it's killing babies.
0,What is E.T short for?
0,I could tell you a Mexican joke
0,"Three men, English, Russian and Pakistani are stuck on a plane.."
0,A drunkard was drinking at a bar...(long)
0,Why do women wear undies with flowers on them?
0,What did the Fish say when it hit a wall?
0,"A teacher, a garbage collector, and a lawyer wound up together at the Pearly Gates."
0,"So an American walks into a store in the Midwest and says, I'd like to buy that .50 cal sniper riffle with 4,000 rounds of ammunition and a box of penicillin..."
0,I was checking out some potential rental property in east TN a few years back...
0,A duck walks into a bar...
0,Why is the polar bear so friendly?
0,I'm at the ER today
0,What do you call an acid with an attitude?
0,"Do you ever wake up, kiss the person sleeping beside you, and be glad that you are alive?"
0,I???ve just been on Trip Advisor.
0,How can you tell that the 7 dwarfs live in a bad neighborhood
0,What do a truck driver and a slightly aroused man have in common?
0,What does an old woman have between her breasts that a young woman doesn't?
0,What do you call someone who has made the transition from male to female?
0,Heard this the other day.... had to share. Why did Snoop Dog need an umbrella?
0,We all know that alchemy isn't real.
0,Whats the best part of all dad jokes?
0,What do you call ISIS when it's defeated
0,A mummy was found in Egypt.
0,What do the other Daleks on planet Skaro say?
0,Why are there no Somalians on Star Trek?
0,What do you put in a bucket to make it lighter?
0,My friend asked what my wifes obsession with North America is all about
0,I was driving with my wife trying to figure out what to have for lunch
0,"A blonde, a brunnete and a redhead"
0,What is Bezos favorite sport?
0,Scientists say that artificial cranial deformation began in Peru at around 100-200 BC...
0,Why does the Norway Navy have barcodes on the sides of their ships?
0,What type of football player is the least gay?
0,Kids today are all snap
0,Why can't you see elephants hiding in trees?
0,"Wow, somebody actually died from smoking too much weed"
0,How many homes did Martin Luther have at the realty office?
0,A man hears a knock at his door...
0,Did you hear about the two gay ghosts?
0,Did you hear about the man who fell into the upholstery machine?
0,"The future, past, and present walk into a bar"
0,What do you use to ship manure cross-country?
0,When you think about it
0,What do Apple products and the NFL have in common?
0,Minecraft taught me one thing
0,"""Oh my god it's coming right at us!"""
0,Did you hear about the retarded Chinese man who does yard work for a living?
0,When someone asks "how was it?" (referring to anything)
0,"I caught a fish today, and it pooped in my hand."
0,Time really flies by. We???re so close to 2020...
0,What is it called when a basketball player from Boston attacks you in the ocean?
0,What do you call an eco friendly place that recycles a lot?
0,A Bisexual women and her boyfriend were making out...
0,"""Wanna hear a really good joke about half-grown bananas?"""
0,Why did the monkey put a steak on his head?
0,A British man is visiting Australia for vacation.
0,First Buddhist: "How's life?"
0,Why don't witches wear underwear?
0,A grandad was getting his hair cut....
0,Yo momma is so fat..............!
0,The local morgue was clearing out old bodies.
0,A man using Apple maps walks into a bar
0,What do Comcast and a stroke have in common?
0,What do you call masturbation in the Star Wars universe?
0,What are your best toe amputation jokes?
0,"From hell, Putin calls Russia"
0,You know that mouth-watering sensation you get when you smell a steak cooking on the grill?
0,What do you call an infinite amount of spiders in old turkey?
0,My teacher recently asked "What's a slip in the tongue called?"
0,I don't understand why Obama had to give his speeches behind bullet proof glass.
0,How does a dinosaur get out of a swimming pool?
0,Taco bell should be free when you first get it
0,I like my men like I like my pop
0,My buddy asked me the other day why i had gained so much weight...
0,One of the most wonderful things in life is to wake up and enjoy a cuddle with somebody
0,Today my girlfriend told me I was being childish...
0,My company got bought out by a Madrid based firm today. Everyone seemed surprised.
0,I'll never forget my dad's last words.
0,A Spanish madman recently bombed a train station...
0,What did Jergens name their face wash?
0,Two priests were playing golf...
0,An Irishman and Donald Trump are reading an article about brain transplants
0,Soul cycle
0,Grenade toss: How do you measure leadership?
0,Once Prince Philip went to China. That time most of the Chinese had poor knowledge in English.
0,Greyhound Buses and Lobsters
0,Why are ghosts so bad at lying?
0,"In the end, it isn???t about whether or not someone uses ???colour??ù or ???armour??ù or ???favourite??ù"
0,I'm no doctor but I'm pretty sure diarrhea is hereditary.
0,Yo mama so fat
0,"The farmer, his horse and his chicken."
0,What???s worse than raining buckets?
0,Bad Things to Tell Your Wife
0,Why can't T-Rex's clap?
0,What is the average maths teacher like?
0,A man goes to a doctor
0,Why should a lonesome man never have the sex with a lemon?
0,I hate when people ask me what I'm doing in the next three years.
0,Why did the invisible parent have two genders?
0,Why do old people like golf?
0,Hubble just discovered something massive coming from Ur-anus.
0,I once dead lifted 350 lbs
0,Two sausages are in a frying pan
0,What Anti-Virus did a the pirate recommend to the gardener?
0,Two Eskimos are sledding through a snow covered valley...
0,I guess I was feeling philosophical at the bar last night
0,Powdered Water
0,I came across a little old lady at the park yesterday
0,What kind of fuel do you put in a sexually ambiguous car?
0,isis is marketing their version of kitkat
0,"1 bottle of Pepsi on the wall, 1 bottle of Pepsi..."
0,Teacher- Where is the CAPITAL of US?
0,"You know, nobody is really interested in the other Nazi Party higher-ups."
0,An elephant is walking through the forest and comes across a naked man.
0,My girlfriend was crying because of a pain around the belly
0,A woman called our airline customer-service desk asking if she could take her dog on board.
0,What family of animals do porpoises belong to?
0,What's the difference between a nun and a woman in the bathtub?
0,I recently found out that "shlong" was Yiddish.
0,Why do men not like women doctors?
0,"A farmer retires, and passes on the family farm to his son."
0,In a bakery...
0,What did the lawyer name his daughter?
0,A young man picks up a Chinese girl...
0,I went for a job interview on a farm today.
0,What do The Office and the NFL have in common?
0,What do you call a Welshman with a sheep under his arm?
0,Why was the Shapes CEO not allowed into the club.
0,"Dancers use 5, 6, 7, 8..."
0,A Married Couple Are Dancing...
0,Did you hear the joke about the roof?
0,My girlfriend said she wanted to try lunges.
0,How do you come up with an original joke?
0,I became a proud Dad today.
0,I may have testicular cancer which proves the phrase "use it or lose it".
0,I found a baby sheep wrapped in plastic sheets the other day
0,Why do sexual deviants love hummus?
0,Two Mexicans are stuck in the desert after crossing into the United States...
0,The Mother-in-law
0,My gf is like the square root of -100.
0,What's the internal temperature of a tauntaun?
0,What is brown and rhymes with snoop?
0,Sometimes I wake up feeling like a Tipi but other days I wake up feeling like a Wigwam
0,I've been watching a cat documentary today
0,LPT: Take the time to find a toothpaste you like
0,Why couldn???t the hacker cross the sea ?
0,Why did the pregnant vampire feel sick?
0,Three guys were sitting in a biker bar.
0,Revolving doors must get frustrated.
0,The God of the Sun has burnt millions and millions of people...
0,I rear-ended another car this morning.
0,What do life and the 90s video games have in common ?
0,My Egyptian friend just couldn't believe he was drowning...
0,Have you heard about the defused bomb that's known for its extreme white nationalist views?
0,Why do white girls walk in odd numbers?
0,I'm surprised so many people stand up against vaccinating their kids.
0,Which is the most popular Apple product in the middle East?
0,I don't trust stairs
0,That moment when a random stranger...
0,Why was the pasta noodle kicked off of the subway?
0,Where can you find the perfect middle between the alt-left & the alt-right?
0,If the U.S. ran out of shredded cheese...
0,Why did the sperm cross the road ?
0,Anyone wanna come to my fart party?
0,I tried comforting the jilted bride by reminding her...
0,What do you call it when a Norwegian falls down a canyon?
0,A stockbroker who had lost it all spending time with board games
0,Two young guys appear in court after being arrested for smoking dope
0,I really hope there are no Golden Globe winners
0,"A nun, really needing to go to the bathroom, walked into a neighborhood pub."
0,How does a ghost go surfing?
0,I bought two mattresses the other day
0,What happened to the skeleton when he saw a succubus?
0,A married Irishman went into the confessional and said to his priest "I almost had an affair with another woman".
0,A poor farmer came to the Parliament house
0,Did you see Mike Pence left the Colts game because the players knelt for the national anthem?
0,How many ears does Captain Kirk have?
0,A lot of women actually turn into good drivers.
0,"A woman got on a bus, holding a baby."
0,A boy comes home from school at 7pm
0,A reposted joke of a man who loves tractors
0,If Ironman and the Silver Surfer teamed up...
0,"Cop on horse says to little girl on bike, ""Did Santa get you that?"""
0,Needed a Password eight characters long::
0,What's the difference between the color pink and the color purple?
0,A man made a bet at a bar...
0,Why do the french have windows at the rear end of their tanks during WW2?
0,"An old lady puts an ad in the paper, looking for a husband..."
0,If someone is a vegan and does CrossFit...
0,In WW2 you could identify which nationality your opponent was from by observing their behaviors
0,"A bunch of thieves broke into my house and stole everything except my soap, shower gel, towels, toothbrush and deodorant."
0,How do you make holy water?
0,A limbo player walks into a bar.
0,My girlfriend left me because I kept pretending to be a transformer
0,A guys dies and goes to heaven...
0,A wife is like a grenade
0,An engaged man asked his father for advice for a long and happy marriage...
0,College_irl
0,Two Prussian soldiers are talking to a captured French Soldier.
0,Picking up women is like chess...
0,What's the difference between a red traffic light and a green traffic light?
0,"Today, I became a father."
0,A young boy named Tommy sees a man at the mall who claims to have a perfect memory
0,Three guys are stranded in a desert
0,A farmer and an interviewer (long)
0,A psycopath goes into a store
0,"Today, my friend warned a pedestrian about a pothole"
0,I asked my wife what she wanted for Christmas.
0,Why haven???t you ever seen any elephants hiding up trees?
0,Referencing Dinosaurs
0,What do you call it when Batman skips church?
0,"On Halloween, a little boy dressed as a pirate."
0,"I hated living in my poor neighborhood. But, thanks to gentrification..."
0,What's the difference between a pregnant woman and a lightbulb?
0,"""You will marry the woman I choose,"" said my dad."
0,Why is America so fat?
0,Did you hear about the tornado that blew through the strip club?
0,What does a vegan zombie eat?
0,Life is like a box of chocolates...
0,Why does Waldo wear striped shirts?
0,I got a part-time job at the gas station glory-hole...
0,I had sex with a blind girl
0,What's the difference between beer nuts and deer nuts?
0,A sad and depressed cat walks to a bar
0,I suggested to my WiFi that it should main Reinhardt on Overwatch
0,Schrodinger had a girlfriend but he was afraid to look at her because she might snap into a state where she didn't exist.
0,The Only Thing Flat-Earthers Fear.....
0,my doctor told me to eat more taco bell
0,A scientist performed an expirement on a spider...
0,"On my way home, an acorn fell on my car and cracked my windshield."
0,I just tried to change my password to 'BeefStew'
0,What do Kurt Cobain and Michelangelo have in common?
0,What do you call a kid with an imaginary friend?
0,Why was the Chinese dumpling behaving in a deliberate and unprovoked way?
0,Son was causing problems...
0,Where do baby citrus fruits go to learn?
0,I've got a pet peeve
0,Ryan Gosling is 36 years old
0,Why did the man forgave the dentist after he fucked up ?
0,You Can use Duct Tape to Fix Any Thing
0,I used to be a banker...
0,My girlfriend's asinine.
0,A society without plates
0,That poor man fell into a pile of crap and glue
0,For the first few years of my life I thought my name was retarded
0,"If you???re cold, just go stand in the corner."
0,How many Oakland Raiders does it take to tackle an opponent?
0,I???m currently writing a script about the battles of Polaris and Betelgeuse???
0,Why did the government of Ethiopia tie a piece of string over their country?
0,My day died after an ABO incompatibility reaction
0,Wait. What's your name?
0,A woman home alone gets a knock on the door at midday...
0,How do you stop a run away train?
0,"My wife just found out I replaced our bed with a trampoline,"
0,Old guy with his personal trainer
0,Why don???t women wear skirts in the winter?
0,Why was the angry anti-feminist blogger arrested?
0,A urologist sneezed mid procedure.
0,A woman goes to a pet shop...
0,The Lord and John..
0,someone tore an entire book out of my bible!
0,What is a rabbit's favourite kind of music?
0,When actors get drunk
0,A man goes to find a Holy Knight of Trigonometry
0,A traveller gets tired of hiking through the woods
0,Australia has a new space program!
0,"On the first night of their honeymoon,"
0,Told my WiFi it should main Reinhardt in Overwatch
0,"What store do you go to, for a good picture of the moon?"
0,An interviewer from a local newspaper knocked on a door in the middle of nowhere...
0,Why does Waldo wear stripes?
0,"In response to their bankruptcy, Toy R Us will be expanding their ""adult"" section."
0,What do you call it when fail army shows a poll dancing fail?
0,My dad fell on some cake yesterday. He said the most dad joke ever.
0,I wanted to become a boxing referee so much that I was shaking.
0,My girlfriend knows I'm not a fan of period sex
0,Kinda a 2 in 1
0,What do bankers worship?
0,There has never been an environmental initiative as popular as this one
0,Walmarts are like sluts...
0,My girlfriend asked me if I'm ever going to stop singing Wonderwall
0,What's the difference between Wayne Rooney and Crystal Palace?
0,My parents said that I'm immature and have to start planning for the future.
0,I'm the best finisher in the NBA
0,"My mathematician friend cut his birthday cake in half and ate a piece. Then he cut the remainder of the cake in half and ate one piece. After doing this over and over, I asked him why he eats it like this."
0,It's not easy being a centaur.
0,Why did the old man have trouble distinguishing foggy glass and thin ice?
0,Why don???t seagulls fly over bays?
0,No one competes against Tom in staring contests anymore. He???s a cheat...
0,why do they call it catfishing
0,ISIS doctors don't know how to circumcise
0,What do you call a highly credentialed acidic penis?
0,I really want to watch Blade Runner 2049 but...
0,Cam Newton called Comcast Tech Support and couldn't stop laughing
0,Who's the teacher of all the senses?
0,"If Jared Fogle was a spokesperson for McDonalds,"
0,Mexican prostitutes are a dime a dozen.
0,What did the bodybuilder say when he ran out of protein powder?
0,So my friend goes ???Are you gonna come???ù And I was like ???That???s what she said.??ù
0,Little Dave asks his father
0,Why don't you play UNO with a Mexican?
0,How do you make a tissue dance?
0,Little Jimmy was eating ketchup
0,Me: I think I need some Emergen-zzz
0,I remembered that my granpa died peacefully in his sleep
0,Did you hear about the thing that happened to a person?
0,Why were the two gay Jewish Sailors sad?
0,Grandpa wanted to refund the grave he just bought
0,A wife and husband wanted to have kids.
0,Did you hear the one about the Atheist who played hide and seek with the Apostles?
0,I like beer and women
0,What do you call an Italian who doesn't like pasta?
0,"I remember the first time I made love, I was scared."
0,A guy calls his wife to tell her about thier cats death
0,I'm so dope my friends call me the semiconductor
0,knock knock
0,Anyone hear about the most violent chip shop in the galaxy?
0,"Finally, Nelly might pay for his greatest crime against humanity...."
0,What do you get if you crossbreed a Bulldog and a Shih Tzu?
0,A man goes out to drink
0,Some jokes try to be "edgy"
0,"I really love the names Chloe, Mary, and Lydia, but I couldn???t choose my favourite when my daughter was born"
0,I finally got kissed by a woman...
0,His (french) wife likes snails.
0,Trump gets a phone call!
0,Do you hear the Matthew McConahay is going to start a political party of free wheeling conservatives?
0,Which animal has its asshole on its back?
0,"Kid: Mom, where do earthquakes come from?"
0,"They asked a paedophile, what is your ultimate dream?"
0,It was all a game
0,"""What Is The Hardest Job In The World?"""
0,What did the Pope say to Jesus when Pavarotti died?
0,NASA is currently examining the planet Mars.
0,If I switch my home music system on...
0,If the joker became a dad...
0,One big chicken cross a lil road
0,What is Donald trump???s favorite chemical process?
0,A man walks into a bar with a frog on his head...
0,What do you call a Scottish bartender?
0,What did Sushi A say to Sushi B?
0,I never met my Dad but my Mother says he was a Magician
0,"I met Mia Khalifa out in the street, so I told her that I'm not a huge fan,"
0,"If the green man lives in the green house, the blue man lives in the blue house, and the red man lives in the red house, who lives in the white house?"
0,Why did Harvey Weinstein attend the Women's March?
0,Free of charge.
0,These new diets are really strict.
0,Why do you never see a Moa in the wild?
0,What do you call 23 men watching the World Cup 2018?
0,"Hey, have you been keeping up with the war in the middle east?"
0,"I saw a news article about how some wildlife biologists wanted to learn more about water buffalo, so they put on shaggy costumes and tried to join a herd."
0,How was your trip to Stockholm?
0,Blatant re-post. "If a man speaks his opinion....
0,My accountant friend's dad just bought him a new car for graduating college
0,Who has the best pet peeves?
0,What utensil in the kitchen is used to keep track of time?
0,What did E.T's mom say when he got home?
0,I came second in a pasta making competition
0,Why does Antifa hate dentists?
0,Hurricane Nate is said to go straight North from The Gulf in to Alabama
0,What do the French call a yellow Jamaican man?
0,Can we stop with the Muslim jokes?
0,Job interview in a psychiatry
0,Why do the English make better lovers than the Germans?
0,...bugs. 
0,Heavy infantry 
0,He was a little more on.
0,"I questioned it at first, but I decided to stick to my guns."
0,Bear with me...
0,"The last stop is the bedroom, where a big brass gong sits next to the bed.""What's that gong for?"" the friend asks him.""It's not a gong,"" the drunk replies. ""It's a talking clock.""""How does it work?""The guy picks up a hammer, gives the gong an ear-shattering pound, and steps back.Suddenly, someone on the other side of the wall screams, ""Hey asshole! It's 3:30 in the fucking morning!"""
0,wait for everything to blow over first.
0,"Nice shirt.Wow. A second nice shirt.OK, first shirt again.He has two shirts"
0,"Once again, immigrants are doing the jobs no American want to do."
0,Ronald McDonald.
0,But I've seen a ton of bars and restaurants demanding his freedom lately
0,Because Jewish women refuse to touch anything that isn't at least 10% off
0,Teacher: tell me a sentence that starts with an "I"Student: I is the...Teacher: stop! Never put 'is' after an "I". Always put 'am' after an "I".Student: okay! I am the ninth letter of the alphabet. 
0,she went out in high heels and came back in flip flops
0,"The train was packed. He went searching for a seat as he came by a middle aged woman and her dog. He asked her ""may I please have that seat"", the woman replied ""you Americans are so rude, cant you see my little Fifi is sitting here"". The soldier walks the length of the train and back to cross the woman and her dog again. He asks again ""may I please have that seat"". The woman replies again ""not only are you Americans ruda but also arrogant"". The man picked up the dog and threw him out the train window. The woman screamed and yelped for help and justice as a man from the other side of the cart yelled ""It's true you Americans do everything wrong, you eat with the wrong fork, you drive on the wrong side of the road and now you threw the wrong bitch out of the window""."
0,These are the darkest days of my life.
0,Your vacuum cleaner has been gathering dirt on you for years.
0,Learning from your mistakes.
0,You can't know the happiness I felt as I saw him put his knife back in his pocket.
0,"A police officer jumps into his squad car and calls the station.???I have an interesting case here,??ù he says. ???A woman shot her husband for stepping on the floor she just mopped.??ù???Have you arrested her???ù asks the sergeant.???No, not yet. The floor???s still wet.??ù"
0,Microwaves
0,"Little Johnny went to visit his grandfather's farm for a holiday. While grandfather was showing him around the farm, he saw a cock doing his business with one of the hens, and he asked, ""Grandpa, what's that???ù Grandpa replied, ""That's a cock, and that's a hen, and he's serving her."" Further on, Johnny saw a horse doing his business with a mare, and he asked, ""Grandpa, what's that???ù Grandpa replied, ""That's a horse, and that's a mare, and he's serving her."" At dinner that night, Grandma said, ""Grandpa, will you please serve the turkey?"" At that, little Johnny jumped up and said, ""If he does that, I'm having a hamburger!"""
0,Not disengaging the clutch properly.
0,"I don't know what he laced them with, but I was tripping all day"
0,She found another woman's lipstick on his knuckles. 
0,So I packed her bags and left.
0,"A husband and wife are out camping. In the middle of the night, the husband shakes his wife awake and says, ""Honey, my hands are freezing!"" ""OK,"" she says. ""Put them between my thighs to warm them up.""An hour later, he shakes her awake again and says, ""Honey, my feet are cold!"" ""Fine,"" she says. ""You can put them between my thighs to warm them up.""Another hour later, he wakes her up and says, ""Honey, my dick is freezing! Can I put it between your thighs to warm up?""""Damn it,"" the wife cries. ""Why can't your ears ever get cold?"""
0,That way the ribcage won't be an obstacle
0,"""Dam!"" "
0,Too many of them get elected. 
0,Ubisoft
0,"She said, ???Which doctor???ùI said, ???No, the regular kind.??ù"
0,I need to keep a better ion them
0,"...by a female police officer, who informs him, ""Anything you say can and will be held against you."" The man replies, ""Boobs!"""
0,... those that understand Roman numerals and those that don't.
0,Withkey. 
0,He was fed up with other people.
0,because they don't have windows.
0,Well that came completely out of the yellow
0,"""You're always pushing me around and talking behind my back."" He says, ""What do you expect? You're in a wheelchair."""
0,"Mother: ""How was school today, Patrick?""Patrick: ""It was really great mum! Today we made explosives!""Mother: ""Ooh, they do very fancy stuff with you these days. And what will you do at school tomorrow?""Patrick: ""What school?"""
0,To neutralize enemy bases
0,Because you're 9/10
0,His ears
0,It was an Apple.But with extremely limited memory - just one byte.Everything crashed.???
0,Wipe his ass.
0,To get to the other side
0,Alone. 
0,"""OMG"""
0,???I???ll tell you tomorrow.??ù
0,Somebody is losing a trailer
0,Guess I came too early.
0,Doll-fins.
0,It costs an arm and a leg
0,Under covers.
0,"The church & its congregation started a campaign to block the bar from opening with petitions and prayed daily against his business.
Work progressed. However, when it was almost complete and was about to open a few days later, a strong lightning struck the bar and it was burnt to the ground. The church folk were rather smug in their outlook after that, till The bar owner sued the church authorities for $2million on the grounds that the church through its congregation & prayers was ultimately responsible For the demise of his bar shop, either through direct or indirect actions or means.
In its reply to the court, the church vehemently denied all responsibility or any connection that their prayers were reasons to the bar shop???s demise. In support of their claim they referred to the Benson study at Harvard that inter-cessionary prayer had no impact !
As the case made its way into court, the judge looked over the paperwork and at the hearing and commented: ???I don???t know how I am going to decide this case, but it appears from the paperwork, we have a bar owner who believes in the power of prayer and we have an entire church and its devotees that doesn???t.???"
0,But today is opposite day so it's all good
0,Such a shame. He was such a down to earth guy.
0,"No thanks, if i want to disappoint 2 people at the same time i'll just have dinner with my parents. "
0,An instigator.
0,Just the foreskin. Sensitive and gets cutoff a lot.
0,My girlfriend never asks for a large black at the coffee shop.
0,It's a complex complex complex.EDIT: THANK YOU KIND STRANGER MY FIRST GOLD
0,He is now a seasoned veteran
0,"'Ah, men'"
0,The dog - at least he will shut up once he's inside.Edit: hi roosh
0,"She prayed ""dear lord I pray for mommy and daddy but grandma's gonna die"" Now her dad overheard this from the next room and thought it very odd but he went on with his business. Now the next day he got a call that the grandmother had infact died. He was deeply troubled by this so the next night he listened in on his daughters prayers again. ""Dear lord I pray for mommy and daddy but aunt Jenny's gonna die"" so the dad called up aunt Jenny but she didn't pick up. Later it was found that she had also died.The very disturbed dad went to listen to his daughter prayers again ""dear lord I pray for mommy but daddy's gonna die"" He was now utterly terrified. The next day at work he went about paranoid of everything around him trying to avoid anything that could possibly be harmful.The exhausted dad gets home and tells his wife ""oh honey I had the worst day"" She replies ""you think you had a bad day, today the mailman dropped dead in the living room"""
,
,Two cannibals giving each other a blowjob.
,They found some head and shoulders in his bathtub
,The Prophet Margin
,They ended a race.
,No wait she's back she was just getting some tea
,It cost me an arm and a leg.
,"A mad scientist would never destroy the world.
...Half the world maybe. That would be enough to have a control group."
,"She's a 5 at best.(Sorry if someone else said this, but I've been ducking away from the storm and not paying much attention to the sub)"
,He had shingles.
,And brought it to a table of friends.
,What a stupid thing to Fallout 4
,At least I enjoy hearing it whine
,"After 12 years in prison, a man finally breaks out. When he gets home, filthy and exhausted, his wife says, ???Where have you been? You escaped eight hours ago!??ù"
,A hooker
,"I got the STD, all that's missing is U."
,But the threat of ending up with hearing aids always put me off
,I must seek kelp.
,A Dell.
,The grass tickles their balls.
,He stays up all night wondering if there really is a dog.
,"Doctor : Your test reports indicate you have diabetes. Rick.    : Yeah Doc, it runs in the family. Doctor : Nobody runs in your family, you fat fuck "
,I didn't think it was for the same position over and over again.
,"Now I'm older, they seem like the only solution."
,"They have heard of a mythical lake that grants any wishes, so they went to the forest to search for it. Within 5 minutes of walking, they have miraculously found the magical lake.The lake spirit, sensing the arrival, solidified from thin air to address the group. ""Welcome to the mythical lake, the lake grants all wishes, however, you must address the lake in this format:"", the spirit huffed up its chest, ""Ohh..., and then the object you wish to obtain. Afterwards, you must jump into the lake and the lake will magically transform into the object you had spoken. Good luck!"" The spirit then vanished into thin air.The first guy, already giddy, shouted, ""OHHH! GOOOLLDDD!"" Then ran and jumped into the lake. Instantly, the whole lake is full of yellow legit gold. The first guy swims in the gold lake and after a while, somehow hauls all the gold out of the lake and went home.The second guy, even more ecstatic, yelled, ""OHHHH! DIAMONDS!"" before jumping into the lake. The lake transformed into millions of diamonds in an instant. The second guy happily scoops up all of them.The third guy, bubbling with happiness, could not contain his excitement anymore. He took a few steps back, then proceed to run as fast as could towards the lake.""OHHHHHH..."" he began, but just as he was about to say his desired object, he slipped and fell on a piece of rock.""OH SHIT!"" he cried, as he tumbled into the lake."
,Cabron fibre
,A sea major
,"The wife says ""I have an idea that I think would be fun. Why don't we go to a bar and you act as if you don't know me, then you can try and pick me up?"" The husband, reluctant at first says ""Okay, sounds interesting. Let's give it a shot."" Later that night they head to their local pub. The husband heads in first and takes a seat at the bar, patiently waiting for his wife. Soon after his wife heads into the bar. Shocked, she sees her husband hitting it off with a beautiful young lady. She storms over to him and says ""What the hell are you doing, you're supposed to be trying to pick me up?!"" The husband turns to her and says ""Who the fuck are you?"""
,Be a republican from a democrat's point of view. 
,An Orca-Stra
,Because he had only one pupil XD
,with steaks
,Bisexual.
,A malignant tuber.
,"Sure there is plenty of fish in the sea, but until I catch one, I am just stuck here holding my rod."
,It waved.
,Wife: "There's trouble with the car.  It has water in the carburetor."Husband: "Water in the carburetor?  That's ridiculous."Wife: "I tell you the car has water in the carburetor."Husband: "You don't even know what a carburetor is.  I"ll check it out.  Where's the car?"Wife: "In the pool."
,"and walks up to the bartender. He says to him ""I bet you $20 that I can take my left eye out of its socket, slosh it around my mouth, and then put it back in."" The bartender replies, ""No way that's a fake eye, you've got a bet."" So, the man takes his eye out, sloshes it around, and puts it back in. The disgruntled bartender holds his end of the bet and gives the man his money. The man says, ""You know what, I feel bad. I tell ya what, double or nothing I can do it with my right eye too."" The bartender replies, ""Deal! You walked right up to me, there's no way your blind!"" But to the bartender's surprise, the man pops out his right eye, sloshes it around, and puts it back in. The bartender, more disgruntled than ever, gives the man his money. The man orders a drink, and goes to interact with the rest of the customers. After a while, the man comes back, and offers the bartender another bet. ""I'll bet you double or nothing that I can piss over the bar and into that cup over there without spilling a drop!"" The bartender agrees, since he knew the man had no eyes. Just like the bartender predicted, the man began pissing on EVERYTHING. All over the bar, himself, the patrons, and the bartender himself. The bartender couldn't help but laugh his ass off. The man gives him the money with a smile, which surprised the bartender. ""Why are you so happy? I just took all your cash!"" ""Simple, I just bet that guy over there $1,000 that I could piss all over you and your bar and make you smile."""
,The tips are great and there's a chance to get a head!
,They can't shake it so they blow dry it
,He was spotted.
,A guy is sitting at home when he hears a knock at the door. He opens the door and sees a snail on the porch. He picks up the snail and throws it as far as he can. Three years later there???s a knock on the door. He opens it and sees the same snail. The snail says: ???What the hell was that all about????
,I was really disappointed and confused that there were absolutely no computers in the movie at all.
,"In the 80's, a man walks into a drugstore and states loudly, ""I'd like some condoms,"" and then, leaning over the counter, whispers, ""and some cigarettes."" "
,Ostrich sized
,Build a circular driveway. 
,A zear ox (xerox)
,"I can't see why she'd say that though, I'm perfect?"
,It was tearable.
,Where the hell is my ceiling. 
,"Whoops, E-Daisies"
,It's just really hard to find thirty two of them willing to do it .
,A small child was resisting a rest
,Look just below it. JK. 
,"Other than that, there's not really much more I can teach you about doing laundry."""
,"It was destroyed in a flood, and I feel like I've lost my porpoise "
,"???What???s my stance on 9/11? Oh, anti. It was a tragedy. I mean, we lost 19 of our best guys.??ù
- Kumail Nanjiani, from The Big Sick"
,"3 guys were hiking through the woods when they find a lamp. One of them picks it up, rubs it, and out pops a Genie.It booms ""You have finally freed me after all these years, so I'll grant each one of you 3 wishes."" The first guy immediately blurts out ""I want a billion dollars."" POOF, he's holding a printout that shows his account balance is now in fact 1,000,000,003.50
The second man thinks for a bit, then says ""I want to be the richest man alive."" POOF, he's holding papers showing his net worth is now well over 100 billion.The third guy thinks even longer about his wish, then says ""I want my left arm to rotate clockwise for the rest of my life."" POOF, his arm starts rotating.The Genie tells them it's time for their second wish.First guy says: ""I want to be married to the most beautiful woman on earth."" POOF, a stunning beauty wraps herself around his arm.
Second guy says ""I want to be good-looking and charismatic, so I can have every girl I want."" POOF, his looks change and the first guy's wife immediately starts flirting with him.Third guy says ""I want my right arm to rotate counter-clockwise until I die."" POOF, now both his arms are rotating, in opposite directions.The genie tells them to think very carefully about their third wish.
First guy does, and after a while says ""I never want to become sick or injured, I want to stay healthy until I die."" POOF, his complexion improves, his acne is gone and his knees don't bother him any more.Second guy says ""I never want to grow old. I want to stay 29 forever."" POOF, he looks younger already.Third guy smiles triumphantly and says ""My last wish is for my head to nod back and forth."" POOF, he's now nodding his head and still flailing his arms around.The genie wishes them good luck, disappears, and the men soon go their separate ways.Many years later they meet again and chat about how things have been going. First guy is ecstatic: ""I've invested the money and multiplied it many times over, so me and my family will be among the richest of the rich pretty much forever. My wife is a freak in the sheets, and I've never gotten so much as a cold in all these years."" Second guy smiles and says ""Well, I built charities worldwide with a fraction of my wealth, I'm still the richest guy alive and also revered for my good deeds. I haven't aged a day since we last met, and yes, your wife is pretty wild in bed.""
Third guy walks in, flailing his arms around and nodding his head, and says:""Guys, I think I fucked up."""
,15 minutes of silence.
,"Me: Where have you been, it's been really long time.Friend: I've been to Australia, Italy, France, Germany, Spain, Portugal, Sweden, Switzerland, Norway, Britain, Lebanon, Egypt, India, China, Croatia, Singapore, Ukraine, Japan, Russia, Netherlands, South Korea, Canada, Poland, Thailand, Greece, Malaysia, Austria, Mexico, Turkey and Brazil.Me: Wow, so you know geography very well?Friend: No, I haven't been there yet."
,..she was in charge of the hops.
,His rich aunt fibian.
,"One cow says to the other, ""Aren't you worried about getting mad cow disease?"" The other says ""Why would I be? I'm an airplane!"""
,"A man and woman had been married for more than 60 years. They had shared everything. They had talked about everything. They had kept no secrets from each other except that the little old woman had a shoe box in the top of her closet that she had cautioned her husband never to open or ask her about. For all of these years, he had never thought about the box, But one day the little old woman got very sick and the doctor said she would not recover. In trying to sort out their affairs, the little old man took down the shoe box and took it to his wife's bedside. She agreed that it was time that he should know what was in the box. When he opened it, he found two crocheted dolls and a stack of money totaling $95,000. He asked her about the contents. 'When we were to be married,' she said, 'my grandmother told me the secret of a happy marriage was to never argue. She told me that if I ever got angry with you, I should just keep quiet and crochet a doll.' The little old man was so moved; he had to fight back tears. Only two precious dolls were in the box. She had only been angry with him two times in all those years of living and loving. He almost burst with happiness. 'Honey,' he said, 'that explains the dolls, but what about all of this money? Where did it come from?' 'Oh,' she said, 'that's the money I made from selling the dolls.' "
,Brace yourself!
,They form the infantry
,"Miami Beach @ 10:00, come show your support!"
,"So after buying the tickets and waiting for game day, he heads to the stadium and tries to locate his seat amidst a sea of people. When he finally finds it he plops down with his over priced beverage and eagerly awaits for the game to start. As he is waiting he looks around and notices an empty seat next to him and spots a woman sitting next to it. The man leans over and says loudly through the roar of the crowd ""Crazy that this seat isn't taken! This place is packed!"" The woman then replies without looking away from the field ""Oh that? That seat was my husband's but he died."" To which the man replies ""I'm so sorry. You couldn't find anyone else to go with you? No relatives, friends or even coworkers? I mean this is the Superbowl and these are great seats!"" the woman still stared forward at the field and replied ""You know I thought the same thing... But they all insisted on going to the funeral."""
,"Just like my parents, but they're still divorced."
,Literally.
,"It's not the best, but it's up there. "
,"As part of the process, she's led into a room by an agent and given ten minutes to unearth anything she deems to be suspicious.Now at the end of the ten minutes she's asked to debrief. She proudly announces that there was a highly suspicious fish in the corner wearing a monocle, listening to Beethoven sonatas and quoting Shakespeare.She is immediately told that she won't be given the job and is asked to leave. Eyes wide in disbelief, she asks how this could be:
""I don't understand! I found the most suspicious thing in the room!""
To which the agent replies:
""Oh, the fish? No, that was just a well-read herring."""
,people break in her house to close the curtains
,"Spoiler: At the end, everyone wants their money back."
,"He said, ""How bad was she?"" I said, ""Not great, but I still managed to finish."" "
,but none of them work.
,A lawyer
,Church.
,Anyone can roast beef but only YOU can prevent forest fires. 
,"Investigators say the fire was caused by a faulty game console. However, Mr Joel has claimed that Wii didn't start the fire."
,Because he had a bi son
,to do their Baht hole.
,Irma let you finish ( I know it's lame for a Sunday night... but this was a shower thought...sorry) 
,In a derp fryer!
,because he is not allowed to look at the models
,Make it run across Canada.~ Reference to Terry Fox
,I can???t tell you how upset I am
,One day one of poor houses got burnt and it burns the whole kingdom.
,So she can moan with the other.
,He was all over the place.
,It's really getting out of hand 
,"Morgan was arrested.
Morgan was rich.
Morgan bailed out.
Morgan Freeman."
,"I soaked them in hot water and fabric softener, and now they're hung up in the laundry room with a three pound weight tied to each pant leg. It's just a weighting game now. "
,"Personally, I thought he was a spineless character."
,That's why 10/3 Americans cannot do fractions right
,Whatever. I will feel better when i figure out who the fuck Al Dente is and why he is sharing pasta recipes with my god damn wife
,"Patient: Wow, yes, how can you tell?Doctor: Because you came in through the window instead of the door."
,Failure to lunch.
,I'm seeing a lot of blank faces. 
,They'll tell you
,Because it is offal
,They put her picture on a laxative box and sold it empty. 
,Then perhaps skydiving isn???t for you.
,"A chicken and an egg are lying in bed. The chicken is leaning against the headboard smoking a cigarette, with a satisfied smile on it's face. The egg, looking very hacked off, grabs the quilt, rolls over and says, ""Well, we finally answered THAT question!"""
,you'd better have a good hand.
,How dare you forget 9/11?!!! Never forget!!'
,"His name was Harvey, and his family was from Houston, said he was visiting for a little bit. We talked about our family and he said his sister was named Irma who was in florida. I thought e was lying until his dad said ""Harvey! Do you want to buy something for Grandma Katrina and Irma"
,Because they are really good at it!
,Some people suck at Russian Roulette.
,"A $10,000 fine and 14 years in jail."
,Premature e-jackolanterns
,but it also died 65 million years ago
,What beautiful eyes and skin you have. 
,An imposter.
,It Hz
,Because it was tearable. (kind of like this joke)
,My baloney had a first name.
,'cause it's in tents.
,People come to this country from all over the world to pursue their dreams of driving a taxi or selling hot dogs or working in a sweatshop.
,It's Killer
,Almost lost 28 years down the drain... 
,You gonna eat all that?
,He said he was going to tell me one when he got back from buying cigarettes 
,"Kush me ousside, howbow dah"
,When he gets circumcised
,Doctor: Number 4 will blow your mind.
,"""Which one?"" She replied. ""William, you moron""."
,It was empty.There are no words to explain how mad I am right now.
,"Bill was a big tractor enthusiast, he really had a passion for them. He collected tractors for many years and had gotten quite the collection, a total of about 50 tractors.One day Bill was looking online at some tractors when he saw one that really caught his eye. A tractor made of solid gold! Bill knew he had to have it so he picked his best tractor and drove it all the way to the owners house in hopes of buying the magnificent golden tractor.He arrives and speaks to the owner, offering him ??100,000 for the tractor. The man refused, he said the tractor meant far too much to him. Bill then offered the man his entire collection of tractors in exchange for his golden tractor. The man said ""a very good offer, but no thank you""Bill was furious, he needed that tractor! So he came back in the middle of the night and stole it and drove it back to his farm.The next morning Bill was awoken by a loud knock at the door. He was greeted by 3 policemen standing with the owner of the golden tractor. Bill was sent to court and sentenced to 3 years in prison for the theft of the tractor and had his whole tractor collection taken away from him.While in prison Bill had major withdrawal symptoms from his tractors, but as time went on, he learned to live without them. After 3 years he was released and he decided to go to his local pub. The bartender was complaining that it was too hot in the pub. Bill told the bartender that he could help him with his problem. The bartender said ""really? How?"" Bill told the bartender ""I'm a big extractor fan"""
,"Man to his priest: ???Yesterday I sinned with an 18 year old girl.??ùThe priest: ???Squeeze 18 lemons and drink the juice all at once.??ùMan: ???And that frees me from my sin???ùPriest: ???No, but it frees your face from that dirty grin.??ù "
,He gets to keep the tips.
,"Tell a redditor a joke, he will change it up a bit so it doesn't look obvious"
,"They caught him not only red handed, but red skinned."
,"A blonde woman kept getting told she was dumb because she was blonde.
She decided to dye her hair black and show people how smart she was.
She approached a farmer with a herd of sheep and asked him.-""Sir, if i can guess how many sheep you have there, will you give me one?""-""Well ma'am, i suppose, if you guess the exact number i'll let you have one"".-""Alright, you have 134 sheep"".-""I'll be damned, that's exactly right, well, pick the one you like"".-""THIS ONE!""-""If i guess the natural color of your hair, can i have my dog back?"""
,It was spur of the moment.
,"He didn't, he scaled it."
,Yeah they still have the jack off. Adapted from Original joke by 
,He couldn't get passed the barr 
,He was Sikh.
,A hedgehog.
,In Germany they are Kinder 
,"No, well be careful I heard there's been a rash of incidents."
,"Technically, everybody's dad was a prick."
,But the other two are pretty funny.
,I'm gonna MS*H your head in.
,Witch reminds me.
,A wall. 
,They cuttlefish
,Sell farm
,When you start to become Sikh.
,"A Chinese man and his Jewish friend were walking along one day when the Jewish man whirled and slugged the Chinese man and knocked him down.""What was that for?"" the Chinese man asked.""That was for Pearl Harbor!"" the Jewish man said.""Pearl Harbor? That was the Japanese. I'm Chinese.""""Chinese, Japanese, you are all the same!""""Oh!""They continued walking and after a while the Chinese man whirled and knocked the Jewish man to the ground.""What was that for?"" the Jewish man asked.""That was for the Titanic!""""The Titanic? That was an iceberg.""""Greenberg, Goldberg, Iceberg, you are all the same."""
,Obviously because it won't let you finish your sentence without suggesting other ideas 
,Joan of Ark.
,I almost shit her pantsEdit: a third of my karma is now from a shitty joke.  Am I doing this right?
,Beachfront property along the newly defined coasts of the Mississippi and Alabama. 
,"To prepare he ran 5 miles a day for 6 weeks.  Unfortunately by the day of the race, he was 210 miles from Dublin."
,Ginger bread man 
,Whether they like it or not.
,"""Darling"" she asked him, ""would like to have a little brother or a little sister?""""Well"" said the son, ""if it wouldn't put you too out of shape, I would like a pony."""
,They both make money by chasing balls.
,"Friend: What are you doing?Me: Training my pet rockFriend: That's dumbPet Rock: Me: No Rocky, No!"
,Cause people felt bad and encouraged that an old man is running.
,"My relationships have always been a bit like the sentences I would have to write in school.I'd be forced to start them, and they'd always end with a period."
,"???Darling, can I go out in this dress???ù
???Yes dear, it???s already dark out.??ù"
,"Your mother is so prodigious they do not measure her weight in stone, they measure it in boulder!"
,You know he actually did it. 
,powdered milk comes out her titties
,"I asked coulrophobic girlfriend if and what movie she wanted to go see. She said, I dont care you pick it. "
,"""Have you ever been in an railway accident?""Dick replied, ""Yes. Once when the train was going through the tunnel, I kissed the father instead of the daughter."""
,But that's silly. Surely the skinny people aren't still alive after they eat them. 
,But please don't hold it against me.
,They always have a chip on their shoulder. 
,How low can you go?
,Michael Jackson 
,No pun in ten did. 
,"Single people discussing their dating life with married friends is like getting a tramp stamp with a misspelling. Irreversible, permanent and embarrassing."
,The police later arrested the two for a salt. 
,"A teacher trying to teach good manners, asked her students the following question:
'Michael, if you were on a date having dinner with a nice young lady, how would you tell her that you have to go to the bathroom? 
'Michael said: 'Just a minute I have to go pee.' The teacher responded by saying: 'That would be rude and impolite. What about you Sherman, how would you say it?'
Sherman said: 'I am sorry, but I really need to go to the bathroom. I'll be right back.'
'That's better, but it's still not very nice to say the word bathroom at the dinner table. And you, little Johnny, can you use your brain for once and show us your good manners?'
Little Johnny said 'I would say: Darling, may I please be excused for 
a moment? I have to shake hands with a very dear friend of mine, whom I hope to introduce you to after dinner.'"
,"Because they suck at defending towers(just in case someone doesnt know what a moba is, it's Dota 2 and league of legends)"
,One is good at starcraft the other is good at starving
,My mum told me to count to ten. 
,"Racisim is suddenly a lot more complicated, it's not so black-and-white anymore."
,Irmageddon 
,"One morning a therapist & a client were discussing bad, automatic negative thoughts in the mind and how to deal with them.The client reached to take a complimentary muffin but fumbled and dropped it on the floor, throwing crumbs everywhere.The client grimaced, laid back in the couch, and said ""I can't even do something so simple right...""The therapist sighed and said ""Look, do you want ANTS? Because  is how you get ANTS."""
,Because he said he was planning to do  with the kids this weekend.
,Because the waitress said his food won't be out for another 15 minutes.
,They always leave a tip.
,Botany good plants lately?
,May the 'ma' be with you.
,One is a crusty bus station and the other's a busty crustacean
,NINE!
,This is surprising since I thought they would have a rainy day fund.
,"Apparently it was an apple, and all it took was one byte"
,My ex can't take a joke.
,My trial starts next week.
,Well really it was a play on words
,At launch time.
,So I killed my brother & his wife & tossed my my nephew into a pit filled with bats.
,She accidentally guest starred on Finding Bigfoot
,Because you shouldn't be able to retire both a name and a mustache with one heinous act of genocide. 
,Olive.Edit: Olive (I'll live)
,You gotta separate the whites from the colored.
,Your mother-in-law
,"When she looked in the mirror, her reflection smashed it from the other side!"
,But it seems too transparent
,"""Lettuce go!"""
,Juan Solo
,So they can go fuck themselves
,When she looked at the ground she broke up Pangaea
,"say they will name it something normal. Congratulations, Something Normal West."
,"Dunnnng, dunnng, dunnng..."
,Pennywise.
,That your daddy is the D.J. for the ice cream truck.
,"I don???t know, and I don???t care."
,"He was pulled over by a cop one day and the cop tells him that he's going to jail for driving without his glasses.""But officer I have contacts!""
""I don't care who you know buddy you're still going to jail!"""
,"The party???s host paid me a great compliment. ???You are a good-looking woman,??ù he said. ???Honest???I???ve had only one beer.??ùMy glow was only slightly dimmed when my husband interjected, ???Imagine how great she???ll look after two.??ù"
,"A young Irish traveller(gypsy) girl got married. On the night of the wedding after she and her new husband went back to their caravan for the first time there was a huge row heard. Her new husband was shouting and beating the poor girl. The neighbours pulled the couple apart and asked what had happened. The husband told them that his new wife had told him she was a virgin which greatly upset him, because if she wasn't good enough for her own family then she certainly wasn't good enough for him. "
,She must have been homeless.
,"Yes, anything can go wrong will go wrongWhat's about Cole's law?NoIt's a thin-slice cabbage dripped in mayonnaise and sour cream"
,Because his dad was a mummy. 
,"Starts with a lot of blowing, then you lose your house. "
,Tusk-any
,Fission chips 
,Ten-toe-clesI'm sorry. I couldn't help it. 
,in the 80's and with a slight handicap.
,10 is greater than 6.
,She thought Dunkin Donuts was a basketball team
,Because if it was 12 it would be a foot
,"...my friend said, ""Woah!  Can you send it to me?""To which I replied, ""No problem.  I'll just write an email to you and attach it with e-clips."""
,"""We'd done it"""
,Pewdiepie makes fun of gay peopleFans: calm down it's not like he's a jew hating naziPewdiepie pays someone to do some anti semitic stuffFans: Pewdiepie did that as a joke he's not fucking racist Pewdiepie calls someone a n*ggerFans: it's just a word why does everyone have to be so butthurt he didn't kill anyone
,"After a moment the bartender looks at him and barfs all over the floor
The leper is deeply hurt and says, ""Hey man, I know I'm not the most handsome man in the world, but the least you could do is not barf right in front of me!""
The bartender apologizes and explains it's not him, it's the man next to him.
""Oh really!?"" The leper shouted in disbelief, ""and what's wrong with the man next to me?""
""He's dipped his nacho in your neck."""
,It's what you say when your sister steps on your foot.
,...you wouldn't have enough to ride a motorcycle half way around a cheerio.
,A Sarhoffagus.
,"He said ""No, that's what you are in real life, you have to wear a costume."""
,That's how the hurricane tricks you into coming outside.
,"Woman's husband would always come home drunk. She got tired of it so one night she locked the door.Husband comes home, sees the door is locked, and drunkenly yells out ""baby it's me! Lemme in!""She yelled back, ""you been drinking tonight?""""No, baby. I ain't been drinkin!""She knew he was lying so she told him, ""blow through the keyhole. Lemme smell your breath.""So he blows through the keyhole. Nothing but whiskey. ""I knew it! Get out of here until you sober up.""So he wanders off and falls asleep. Next day before he goes home he thinks, ""I know what I'll do. I'll eat a can of sardines before I go home. That'll cover up the whiskey and she'll let me in.""So he eats the sardines, goes home, and yells ""it's me, baby. Lemme in!""Once again she yells back, ""you been drinking tonight?""""No, baby. I ain't been drinking.""""Blow through the keyhole.""So he blows through the keyhole. Nothing but sardines.She yells back, ""You son of a bitch! I break you from drinking and you start cheating!""-LaWanda Page(credit where it's due)"
,But a Rohmbus
,"As they get deeper into the forest the little boy says, Wow it's scary in here!
The clown replies, What are you scared of, I gotta walk out of here alone!"
,Without it I'd lose my shit. 
,"In other words, there is joint support for joint support for joint support."
,Is it still called a beef?
,They eat the Lox off doors.
,...but their pads are a bit bland.
,Everyone diedJk it was intense (in tents)
,"Bartender says ""Pal, if you want a punch you'll have to stand in line""
Guy looks around, but there is no punch line.   "
,Every pussy has one. 
,it says good-bye
,Because he didn't habanero to shoot with  
,"If you are married to a blond chick and want to kill her for whatever yo reasons may be, how would you do it and get away with it...?   You would have her drowned herself by putting a scratch n' sniff sticker at the bottom of pool "
,.."Ah well...you only live once!"
,she jumped out the window and fell up.
,"My friend Phil is an aspiring chef, and he keeps trying to find a gimmick to open a restaurant with. About a month ago, he started making breakfast foods centered around chickpeas, and he kept making me try them. After about a week, I just couldn't stand it - they were awful. I blew up at him, and we haven't spoken in weeks. I don't know what to do about Phil's awful falafel waffle kerffufle. "
,"A man competes in a duos golf league every weekend, and is meeting his new partner to practice for the upcoming weekend. He plays the round, with right handed clubs, and preforms absolutely amazing. A couple of hole-in-ones, beating the course's all time record. His new partner exclaims,""Wow! Were you a professional in your past life?!"". 2 days later, the duo meets again for a second practice session. The man walks up, this time sporting left handed clubs. The partner notices, and challenges him; ""There is no way you can play as well with the Lefty clubs!"". They play the round, and the man doesn't play as well. He plays BETTER. He breaks his previous record, and his partner is astonished. ""If you can play with both right handed and left handed clubs, how the hell do you decide which ones to use?"". The man responds,""Whichever way my wife is facing when i wake up, I play from that side. Its a ritual I have. If shes facing left, I use the Left handed clubs, and visa versa."" The partner says,""Wow, that us truly incredible. However, what do you do if she wakes up on her back?"" Grinning, he says, ""Im thirty minutes late"""
,I blame my parent's shitty genes
,I call my dick Excalibur.Because I never pull out.
,they're both charged with sexual batteries.
,Green Day (Bay)
,...that she eats cereal with a fork to save milk.
,She didn't know she was pregnant until she went into labor 
,She's a 10 but she's imaginary.
,"Therapist: How do you feel?Me: With my hands.Therapist: Do you deflect a lot?Me: Only sharp objects. If it's fluffy, I just let it hit me..."
,"Just lying there, enjoying the sun. Another one shows up and says hi, and the first flea asks:
""Why are you all white and panting and looking terrified?""
The second flea explains it hitched a ride on the moustache of a biker,  going 100 miles an hour. Dude wore an open helmet,  so it was holding on for dear life all the way.
The first flea then says:
""Ah! I see. Now look, next time just do what I did. Get in a ladies' restroom, find one that's using the toilet and hide in the panties. You will be warm and cozy and protected. That's how I came here.""
The next week, the first flea is lying there again, just having fun under the sun, when the second flea shows again, looking just like it did last week, all white and terrified. The first one asks how come, since it told the other the best way to travel, and the second says:
""I did that. In fact, it felt so great I fell asleep. When I woke up,  I was again in the moustache of that f*cking biker, going 100 miles an hour!"""
,He wanted to show him the orange marmalade.
,"...all of a sudden, one of them collapses. The other man dials 911 and says, ""Help! I think my friend is dead!"" The operator responds, ""Sir, calm down. First of all, we need to make sure he is dead."" There is a minute of silence and a loud thud before the man responds, ""Okay, now what?"""
,Because they don't have visions.
,"... On the other hand, i'm fine."
,"...and they both spot a beautiful, voluptuous woman sitting by herself at a table, and Michael says,: Hey Magic, you see that woman right there? I think I'mma holla at her.: I'd stay away from that one if I were you, I hear she's got AIDS.: Damn, you sure?: I'm positive."
,"When I was growing up, my mother???s best dish was store-bought Entenmann???s chocolate chip cookies"
,They both got the keys ???ù???ù
,Because they don't work.
,Deal with it!
,I was 20 years old       Chivas 18.  
,"April (04), 20th: Hitler's Birthday... All you pot smokers are having one on Hitler!"
,None. They'll just beat up the room for being black instead. 
,"But knowing how scared I am of horror movies, I probably shouldn't watch it. "
,It went so quiet you could hear a pin drop.
,I asked a girl what she ultimately wanted in life.  She said happiness.  Then I asked her what's so funny about penis.
,But that's only because I am a Taurus. 
,"""Do you know any chemistry jokes?
I do but they're all boron.""
I have to say, I slapped my neon that one."
,Choo choo
,"But sadly, I couldn't quit cold turkey."
,I thought he was talking about my weight.
,He saw the salad dressing :)
,A hard drive
,He had a bunch of Electronic Engineers buzzing around him.
,When I talk to people and they notice my braces I just casually say "I'm researching and method acting       a roll for Jaws from James Bond".
,You break up with her
,"They start talking about themselves and after a while the priest asks the Rabbi if he has ever eaten pork before. The Rabbi denies it vehemently but the priest keeps pushing until finally the Rabbi admits that he had once before he became a Rabbi.   The Rabbi, not happy with the events, asks the priest if he's ever had sex before. The priest denies it but the Rabbi keeps pushing until finally the priest admits that he had before he became a priest. The Rabbi, not content yet, leans forward and says ""it's better than pork isn't it"". "
,Luckily for him I was still up playing my drums.
,"Every time there is a powerful woman, there is a Mexican looking at her ass."
,"I said no, but I'd like to before I die."
,She is really milking it.
,It's a con con con con.
,"Sounds good, but I have no data to back it up."
,"A lady is throwing a party where each guest shows up as their favorite emotion. A guest arrives dressed in green. ""Envy!"" she says, and lets him in.A lady comes dressed in red. She says, ""Anger!"", and lets her in.Two naked guys walk up to the front door. One guy is holding a bowl of pudding with his penis stuck in it, and the other guy has his penis in a hollowed-out pear.""Wait a minute,"" she says to them. ""This is supposed to be an emotion party!""The first guy says, ""Yeah, and I'm fucking dis-custard.""The second guy says, ""And I'm deep in dis-pear."" "
,Alcoholism.
,"It only goes in one direction, though."
,I wanna rock!
,Tea-spooning
,it works fast and leaves no ring.
,One less than "Rick".An original joke I pondered while binging TWD on Netflix.
,Because proper tea is theft.
,Homeless 
,"'Yo mama' jokes are getting boring, because they're always the same jokes that you've heard a thousand times before. Like memes, they're usually just these silly jokes with the same punchlines that really only make children laugh. There's nothing wrong with this, i just find them unfunny and pointless.
.
Just like yo mama. "
,IT's a killer of a thriller.
,Ricist.
,yung no mo !
,"I forgot it, but I'm sure it'll come back to me."
,It's all water under the fridge
,He couldn't recognize Mount Tai.
,Their policy doesn't cover pre-existing conditions
,Those baby seals never had a chance.
,Cross-fit
,"One shot a hole in one, the other shot a hole in Juan."
,"A guy (MAN A) walks into a diner, sits down, and pulls a thermos from his backpack. Across the room, a man at the counter, (MAN B)  noticed the man. MAN B: ""Hey you! What you got there?""MAN A: ""It's called a thermos, it keeps hot stuff hot, and cold stuff cold!""MAN B: ""Wow! I gotta get me one of those!!!""The next day, the same to men, (A and B) walk into the same diner.MAN B: ""Hey look! I picked me up one of those thermos things!""MAN A: ""Great! What did you bring for lunch?""MAN B: ""2 hotdogs and a popsicle for dessert!"""
,Because Trump will deport him. No illegal immigrants are gonna invade the US like that.
,"It didn't last, she was all wrapped up in herself. "
,"Soon I was able to find myself a slave, young guy who moved here from Asia. Back home, he was in the army, so he can handle some pain too. He's my yellow sub marine. "
,"The bartender says "" I was once engaged to a girl with a wooden leg""The man replied "" Oh yeah, What happened? ""The bartender says "" I had to break it off"""
,In his sleevies 
,""" Teacher: ""John, write a sentence on the board.""
Little John wrote: ""My penis in your hand.""
.The teacher slap poor little John.
""
."" Little John: ""Oh my!! I forgot to put a space between pen and is.!"" """
,Because sex cells
,"Whack, whack, whack, whack, whack."
,A Submarine
,Jokes on them because I've Bengay
,"The lawyer started telling the accountant how he came to be there.  ""I had this downtown property in Memphis that caught fire and after the insurance paid off, I came here.""  The accountant said, ""I had a downtown property, too, in Miami. It got flooded so here I am with the insurance proceeds.""  The lawyer took another sip of his mai tai, and then asked in a puzzled voice, ""How do you start a flood?"""
,You guys wanna go ride bikes?!
,"A man goes to a bar and sees a fat girl dancing on a table. He walks over to her and says, ""Wow, nice legs!"" She is flattered and replies, ""You really think so?"" The man says, ""Oh definitely! Most tables would have collapsed by now."""
,To prove to the people that he was no chicken.
,"... and if you run behind one, you get exhausted."
,"""hello darling i recently saw a necklace in a catalog and i want it, so do you mind if i use your credit card?""
""how expensive is it?"" the man says
""just $1200""
""that cheap? hell i'll get four of them for you so you'll wear a different one each season""
""your so generous honey, oh i also want a ring""
""how expensive?"" 
""just $5000""
""get two, one for each hand""
""thank you! oh i also want a new car, it's $40000""
""sure why lot""
""i love you dear! oh i gotta go, bye""
after that the man quizzically looks around the mall and loudly asks ""did anyone drop a phone?"" "
,"Dad: Punch him in the face next time he picks on you son, I won't be mad.Timmy: Idk, he's kinda cute."
,but I don't want to talk about it.
,"and a little girl comes up to him. Seeing the girl he attempts to hide his privates. The girl asks him, ""what's that?"" ""It's a bird."" he replied. The little girl then went on her way, and he fell asleep. Later he awakens in excruciating pain, genitals mangled and broken. Police go around asking who did this, and they come to the little girl who says, ""I came back to play with the bird, but then it spit in my eye. So I snapped its neck, broke its eggs, and set its nest on fire."""
,You turn a fruit into a vegetable.
,"And that, officers, is why I am in this classroom naked. "
,-> Adolf Hitler
,So i said: "i don't remember."
,he is holding out for 20/20
,Not surprising for a group that is only Brit-ish. 
,"2: ""Ok, knock knock.""1: ""Who's there?"""
,"After he ran over several people I began to contemplate my decision, I told him to stop but he just wouldn't listen "
,2 Instagram
,...unless you're a puppet.~ The late great Robin Williams
,A cereal killer
,So I threw a coconut at his face
,Now I'm not allowed back at the girlscout meetings anymore
,How dairy
,To get the quarter back. 
,"St. Peter is at the bottom of a staircase, welcoming them. ""Welcome, these are the steps that lead to the gates of heaven. There are a hundred steps and at each one, I will tell an offensive joke and if you laugh, you have no business getting into heaven. ""So they start their journey and it goes well for quite some time until at step 24 the redhead burst out laughing. St. Peter tells her she is not allowed to go into heaven, so she leaves. At step 47 the brunette couldn't keep a straight face anymore, so St. Peter tells her off as well. But the blonde is still going strong until finally, at step 99 she couldn't keep it in anymore. St. Peter looks confused""Why are you laughing? I didn't even get to the last joke?"" He said. The blonde replied; ""I just got the first joke"" "
,So I just closed one eye and farted.
,Property values are gonna be higher than Miami on Monday.
,"""Ladies, I congratulate you on your persistence in looking them up."""
,They prefer Caesars
,"Gucci, Maine."
,"I mean, they built the whole state of Tasmania."
,Then it dawned on me
,They fight off debt everyday.
,A quackanut
,Eclipse it
,I have no eye deer. 
,The Spaghetto
,No pun nin-tendo!
,So do ???
,Fee fi faux phˇ??.
,A Wicca-Wicca-Wiccan
,Then he was left alone
,You get a chicken tender.
,He was outstanding in his field.
,... it should be called the Soviet Reunion.
,Everything is made up and the points don't matter.
,For aye protection.
,"""What can you tell me about that famous trick where you cut someone in two?""""I obviously can't tell you the secret of how it works, but it failed once. The cutting in two was easy, but I didn't manage to put the poor girl back together...""""My gosh... how is she doing now?I've heard she's doing fine. She lives in London and New York now."""
,Last time I called him he said he was about to jump off a building.
,Throw your washing in
,He said "The only pills that could have stopped this head ache should have been taken 16 years ago"
,Dad: "Go to look for it ... it must be cooking."
,Leaks
,"Jonny says to his teacher, ""Ms. Hill can I go take a piss?""Ms. Hill says, ""Jonny, that's not appropriate language for a 5th grader. The proper word to use is urinate. Now, before you go to the bathroom.. use it in a sentence""Jonny replied, ""Urinate, but you'd be a 10 if you had bigger tits."""
,A hummus-sexual
,"I played games with them like football, tennis, basketball etc.
It makes you feel so good inside...Because you always win."
,So I can hit all three at once
,Grounds for divorce
,"Two rednecks, Bubba and Cooter, decided that they weren't going anywhere in life and thought they should go to college to get ahead.
Bubba goes in first, and the professor advises him to take math, history and logic.
""What's logic?"" asked Bubba.
The professor answered, ""Let me give you an example. Do you own a weed-whacker?""
""I sure do,"" answered the redneck.
""Then I can assume, using logic, that you have a yard,"" replied the professor.
""That's real good,"" the redneck responded in awe.
The professor continued, ""Logic will also tell me that since you have a yard, you also have a house.""
Impressed, the redneck shouted, ""AMAZING!""
""And since you own a house, logic dictates that you have a wife.""
""Betty Mae! This is incredible!""
""Finally, since you have a wife, logically I can assume that you are heterosexual,"" said the professor.
""You're absolutely right! Why, that's the most fascinating thing I ever heard of! I can't wait to take this here logic class.""
Bubba, proud of the new world opening up to him, walked back into the hallway where Cooter waswaiting.
""So, what classes are ya takin?"" he asks.
""Math, history and logic,"" replies Bubba.
Cooter asks, ""What's logic?""
""Let me give you an example. Do ya own a weed-eater?""
""No.""
""You're gay, ain't ya?"""
,"...not until I texted my wife and told her I'd tucked our daughter in, anyway."
,It helps you beat it up.
,I didn't know I could buy another can in the departure lounge
,but I am not gonna listen to a drunk who talks to his self
,I bought 12 eggs today but there was no room for them in my fridge. Dozen fit
,I'm now in court due to rape charges
,"I called it ""Cheese and Thank You"", I really milked the cow dry coming up with the name."
,A Hurricane!
,It's that cyborgs are not to be trusted.
,Because they are longer in bed. 
,Urine!!
,Ramen.
,Trainer: It was a sit-up. You did one sit-up.
,After they are finished forking
,You never know what you're gonna catch.
,Humans miss John F. Kennedy.
,The poor thing. It must be shattered.
,"""Mr Williams why do you think there is not so much comedy in Germany?""""Did you ever think you tried to kill all the funny people""[true story]"
,All it took was a couple of hurricanes to turn all of them into fucking scientists.
,"Neither do I, only know how to brown one side."
,. I told him to leave me alone and when he did I asked him why he was ignoring me.
,My bath toys were a toaster and a radio.
,An instigator!
,You have to drop the bomb twice before she gets it.
,"""Why have abs when you can have kebabs"""
,Catfish get all the best ones for themselves
,Carbon dating
,He spent the evening wondering what a dog was 
,"Harvey, and I???m about to blow you like Irma ????"
,A lighting port 
,... I feel ashamed to talk about this to my friends because I don't know if I have a problem....Or does it take longer when you are a boy?
,Just pick a phone and start talking. Any phone.
,Doesn't stop them being rowdy but it will stop them streaking
,Well to bad. I'm not very good at it. 
,Training aids. 
,Beef jerky.  
,A chicken sedan.
,It doesn't get the delivery
,I told her a tuba. I still don't think it has resonated with her yet. 
,It was fucking nuts!
,We still haven't got a gig
,This algorithm can differentiate between homosexual and "no longer homosexual" faces with almost 100% accuracy. Scientists are now claiming they can see in eX-Gay vision. 
,First grade 
,"Right now Irma is signaling for a left turn. But it's Florida so, you know, you can't really be sure whats going to happen."
,"""Gee thanks, grandpa.""""Why are you calling me grandpa?""""Because I didn't find it yeterday."""
,"A zoophile, a sadist, a murderer, a necrophile, a pyromaniac, and a masochist, are all sitting on a bench in a mental institution.""Let's have sex with a cat?"" said the zoophile.""Let's have sex with the cat and then torture it,"" says the sadist.""Let's have sex with the cat, torture it and then kill it,"" shouted the murderer.""Let's have sex with the cat, torture it, kill it and then have sex with it again,"" said the necrophile.""Let's have sex with the cat, torture it, kill it, have sex with it again and then burn it,"" said the pyromaniac.There was silence, and then the masochist said: ""Meow."""
,"Luckily, I turned myself around"
,He couldn't see sharp enough. 
,It's Been Ripped Apart By An Usher.
,Trans-parent
,The best ones are taken. The ones that are left are for handicapped people.
,"Did you hear about University of Utah's honor code?Yes, your honor. No, your honor. Thank you, your honor."
,The action was in tents
,"""100 Ways to Wok Your Dog"""
,A cast iron. (Pretty sure a million people have said this joke before but I suddenly thought of it the other day)
,They're both fun until your friends catch you
,Yes!! If you are a billionaire 
,Kicked out of the petting zoo.
,"While looking for his medicine the kid looks to a pack of condoms and asks his dad: Dad, what is this?His dad replies: those are condoms son, people use them so they can safely have fun together, while under the blankets.A few moments later the kid point to a pack of 3 condoms and asks: Dad what are those for?His dad replies: those are for the highschool folks, one to use on Friday, one to use on Saturday and one to use on Sunday.The kid points to a pack of 6 and asks: and what are those for?His dad replies: those are for college folks, 2 to use on Friday, 2 to use on Saturday and 2 to use on Sunday.Later the kid points to a pack of 12 and asks: Dad, what are those for?With a smile on his face his dad replies: those are for the married folks.For which the kid replies: really dad?His dad replies: Yes son, it's one to use on January, one to use on February, one to use on March...."
,"But when I got home, all the signs were there."
,"He never said anything about homosexuality, and he did say ""Get behind me, Satan."""
,I'm so tired of squinting.
,Because its mostly bullshit
,Ramen
,They would be alloys.
,Triggernometry. 
,They both use Snap-on tools.
,Because it's a state of 'mined'.
,It's Irma. 
,"The bartender says, ""I'm sorry, we dont serve food here."""
,I thought that was a bit off-color.
,Stop! That's nacho cheese!
,No punch line.
,I feel only a fraction of you will get this.
,He said he loved a minor.
,No bull.
,Hack their creditability. 
,One's a heavy animal and one's a little lighter.
,Probably wasn't the best way to bring up getting a puppy.
,... Does money even matter?
,iQuit. 
,Her name was ..:::.::???..:::.::
,A stick
,Trump won't let him in.
,20/20 would recommend
,He backed into his meat grinder and got a little behind in his work.
,Because the hurricane went over the zoo
,He's 0k now
,"Red is positive, black is negative"
,He was board
,"I went home to make sure and there it was, chained up in the basement, asking me to feed him. "
,I think I'm going to hire the same landscaper I used last year - he was really easy to get a lawn with
,"But I will never know, he only marks when I'm not home. "
,What's Sap 
,Mortar Kombat
,My friends can call me "Woosh".
,He's got my grains.
,I didn't know Apple was making animals now.
,"were sitting at a bar, drinking deep into their whiskey bottles, when all the sudden Jim gets an idea. ""You know what, Daryl, im'a gettin' sorta' older now, so I think I needa get myself and ed-u-ma-cation."" ""Yep."" Says Daryl, so Jim runs down to the community college and signs up. He gets approved, and soon enough he's meeting with the dean. The dean tells him his classes: ""Before you can get a major, we will put you in the basic classes. You know, math, logic, history, science."" ""Uh, I understand all of dose classes but that middle one. Wat kinda a class is logic?"". ""Well, let me show you."" Says the dean ""So, Jim, do you own a weed-wacker?"" ""Yep."" replies Jim. ""so, since you own a weed-wacker, I can assume, using logic, you have a yard. Otherwise, there would be no weeds to wack."" ""I do have a yard."" says Jim. ""And since you have a yard, then you have a house, right?"" ""Yep"" ""and since you have a house, you have a family, otherwise you would have an apartment."" ""Wow that is right!"" Jim replies, excitedly. ""And since you have a family, I can assume that you are straight, (this was in the 90's) and since you're middle aged, I can assume your happily married, otherwise you'd be divorced by now."" ""Wow"" exclaimed Jim. ""You figured out that I was straight and happily married all from that I own a weed-wacker! That's some insane stuffs 'ight there"" And so he sprints back to the bar to tell Daryl about his education. ""Daryl! Daryl! Im'a get myself an ed-u-ma-cation with math and logic and history and all the other stuff!"". Daryl takes a swig and says, ""Uh, I understand all of dose classes but that middle one. Wat kinda a class is logic?"". Jim says ""Here, Daryl, I'll show ya! Get this man, you own a weed-wacker?"" ""Nah"" ""Your gay."""
,"Realizing that he has to, very badly, he raises his hand. ""Teacher, can I use the restroom?""His teacher looked up from her desk, where she was going through the lesson plans for the day. ""If you can say the alphabet correctly, then you may."" she replied.Bobby shook his head. ""But I have to go, really bad!"" he said.His teacher was adamant. ""Not until you recite your alphabet.""Bobby looked desperate. ""A, B, C, D, E, F, G, H, I, J, K, L, M, N, O, Q, R, S, T, U, V, W, X, Y, Z.""His teacher shook her head. ""Bobby, you forgot P.""""No, I didn't."" Bobby sighed. ""It's running down my leg."""
,You bet jurassic canEdit: spelling for pronunciation. Again 
,Because now Irma can just go and pound sand.
,I'm gonna attempt to convert the best pun into a costume lol
,Priest: "Let's fuck him."Rabbi: "Outta what?"I'll let myself out.
,Then it grew on me
,I don???t like to be spoken to in that tone of voice.
,Boujee
,They take the L
,You can't jelly your dick down a girl's throat.
,Luke knows its all Snoke and mirrors.
,"A genie appears before Trump and says, ""You have been doing a terrible job at improving the United States' economy. I will give you a chance to fix that. I will grant you anything you want in the world, and everyone in your country will receive twice the amount. What do you wish for?Trump replies, ""Cut one of my eyes out."""
,A public bathroom. 
,"""Yes I can, sir."""
,You scare the hell out of it.
,Microbruise
,It was 
,So naturally I had to kill him and bury him next to it.
,Floor 20
,The taste of da-feet.
,"But when I dress up as a clown, and lure kids into the sewer with red balloons I get diagnosed as a psychopath."
,"Waiter: sir, you forgot to pay for your steak.
Guy: oops ..... my mis-steak.
Waiter: please leave the restaurant."
,I question myself about why Atheists still believe that God exists.
,"""Spacebarbrokenonphonecomehomeandgivemeanalternative.""
As I hurried home I couldn't help but wonder, what does ternative mean?"
,"There's no ballroom!Sorry if this is a repost, I've never seen it posted to  before. I only just heard it yesterday from a coworker who claims her grandfather made it up. I thought you lot might like it!"
,A Nazi
,but then she started looking at me funny. 
,"Its coarse-grained, metamorphic layers can be split into thin irregular plates from the impact. "
,How do you ruin a good joke?
,"I always heard it as: Opinions are like assholes, everyone has one and thinks theirs is the only one that doesn't stink. "
,It's made of sterner stuff!
,"About 3 daysIn all honesty though, my thoughts and good wishes go out to the people of Florida, "
,unconnected attacked a teammateAn enemy player has been awarded compensation for the suicide of unconnected.unconnected abandoned the match and recieved a 7 day cooldown.
,I lowkey like loki
,"New Yorkers.  By the way, what is a hurricane?"
,It takes some time to get it.
,Irma Guard!
,"An Indian man gets a job at a gas station in the middle of nowhere. On his first day, after the manager teaches him how to use the register, he tells the newcomer that he is going to be in the back to restock, and if the Indian guy needed any help, he should go to the back and ask him.A customer walks into the store, pays for his gas, but on his way out he notices a chocolate bar. ""How much is this""? He asks. The Indian man doesn't know, so he runs to the back and asks the manager, who tells him it's 25 cents. The man tells the customer: ""25 cents"". The customer replies: ""Is it fresh?"". Again, the man doesn't know what to say, so he runs to the back and asks the manager, who tells him to say ""yes, very fresh"". The man tells the customer: ""Yes, bery fresh"", to which the customer replies ""should I buy it?"". The Indian man is tired at this point, but goes to the back and asks his manager what to say. He tells him to say ""If you don't, someone else will"". The man tells this to the customer, who finally just buys the chocolate bar and leaves.Later that night, the manager is out, and only the newcomer is in the store. A burglar walks in and points a gun at the clerk, and shouts: ""How much is in the register!"" The Indian man replied: ""25 cents"". ""Are you getting fresh with me?""""Yes, bery fresh.""""Should I kill you?""""If you don't, someone else will."" "
,"At the beginning there was a lot of blowing, but in the end I lost my house. "
,"But in China, dogs are e-10"
,"""....I'm travelling light!"""
,"My wife and I went to take golf lessons from a pro at the golf club.We meet the pro and headed to the driving range. I went first. I swing and hit the ball 100 yards.The golf pro says, ""Not bad, now hold your club as firmly as you hold your wife's breast."" I followed his instructions and hit the ball 300 yards. The golf pro says, ""Excellent!""My wife takes her turn. She hits the ball 30 yards.The golf pro says, ""Not bad, but try holding the club like you hold your husband's penis."" She swings and the ball goes 10 yards. The golf pro says, ""Not bad, now try taking the club out of your mouth."""
,He had hearing aids. 
,its inpastabowl
,Then it hit me. 
,The other 2 are funny as hell.
,"""That's just the tip of the iceberg."" She replies."
,"One's a Goodyear, one's a great year. "
,You should have seen the look on the co-pilot's face when I grabbed that parachute.
,"and happy to be released from his confinement, the genie grants him 3 wishes.The Irishman thinks about it, and says ""I want me a pint of Guinness that is never empty.""So  a pint appears, filled to the rim with the rich brown drink.  The man drinks it down, and when he places it back on the bar, it's filled up again.""So, what would you like for your other two wishes, sir?""""I want two more of these, then!"""
,Were walking in  dessert when a witch said go down my magic slide and say what you want and you will land it a pool of it the irishman went down and said beer! And landed in a pool of beer the Englishman went down and said money ! And landed in a pool of money! The Scotsman went down the slide and forgot and said WEEEEEEE! And landed in a pool of wee
,Silicone valley
,... The only problem is she doesn't know I am her boyfriend.
,I could almost taste it.
,"????????Nobody expected Walter Lynn to walk into the high school reunion in his watermelon costume. Heck, no one thought he was even going to show up, considering how he didn???t show up to his 7th birthday party. He told us at school the next day that he was worried we were going to laugh at him for wearing some stupid birthday cone hat because it wasn???t shaped like a regular hat. Walter was always weird like that; he worried constantly that people judged every move he made, so he always stayed seated and started his homework while the rest of us were letting hell lose whenever the teacher turned his back. He was so boring that even his middle name was ???Meh??ù.  ??????????I mean, he wasn???t a total loser- he was just blander than overcooked chicken. Mr. ???meh??ù never made any jokes cause we might think they were a bust, he never dated anyone because he thought he might be disliked and he never walked out of his house unless it was to get to school or Sunday mass. I remember how we first met: it was back in Sister Adonit???s Kindergarten class and we had to come up and make up a sentence with a word provided by the teacher. For example, I started off the class with the word minor: ???I fell and got a minor cut??ù  ??????????The next person, Ralph Petrucio had the word girl, so he said ???Walter identifies as a girl??ù. Although he got hit with Sister???s sweet meter stick of justice, everyone thought that he was hilarious because he actually did look like a girl. The next person up was Janet, with bicycle. Wanting to follow up Ralph???s joke, ends up saying:  ?????????????Walter is a bisexual??ù  ??????????At this point we might as well have called Kindergarten ???The Roast of Walter Lynn??ù because he was getting redder than the disgusting glop that the lunch ladies kept on insisting was meatloaf. I personally would have done the same if Ralph had came up with the idea before I went up. By the 7th sentence Walter had ran out of the room in tears, leaving behind him a trail that confused our Native American students from the actual one. The day after Sister had forced the class to apologize for acting like ???heathens and pagans??ù, but the damage was already done: he never said another word in class for the next 9 years. We surprisingly became acquaintances because I didn???t think of making fun of him, which I believe was the smartest life choice I???ve ever made. Mr. ???meh??ù always sent me his homework and test answers, resulting in me becoming the salutatorian. After our graduation, Walter claimed he was moving to Britain although someone spotted him hiding in his closet.  ??????????Fastforwarding 20 years, he sent me a message on Facebook asking for the details about the Reunion. I was more surprised by the fact he wanted to come rather than the fact we haven???t spoken in forever. I assumed he was still hiding in his closet.  ??????????So that brings us to the party, where he walked proudly in that fruit suit, catching the hearts of all the single ladies by the punch bar. He mouths towards me a thank you as he goes up and faces his archnemesis Ralph Petrucio.  ??????????Ralph chuckles ???What are you supposed to be, a fruit???ù  ??????????Walter smirks ???Ralph, I have grown up since kindergarten, and I won???t let you dictate who I am. From now on, I???m not going to identify as a girl or a bisexual. I wear this suit as I come out of the closet to pronounce that I identify as a Walter Meh Lynn!??ù"
,"Since they were no longer together, I thought it was okay to ask him what size bra she was. He said, ""Fuh."""
,"The boss yells, ???You should???ve been here at 8.30!??? He replies. ???Why? What happened at 8.30????"
,A cannibal. One turns to the other and says "I think we got this joke wrong"
,Unique up on it
,Shuriken
,"Just kidding, I'm full of shit."
,"A woman was in a long coma.  A nurse was giving her a sponge bath, when she accidentally made contact with the woman's vagina, which produced a reaction on the heart monitor.Excited, she went and told one of the Doctors, and he in turn called the woman's husband to tell him to come over as soon as possible.""What's going on?"" The husband asked, as he ran into the facility.""Well sir, we found out that contact with your wife's privates elicits a response, and I feel that with the right stimulation she could be brought out of her coma.""""What do you suggest?"" He asked with some excitement building.""Well sir, I think some oral sex might be enough to get her back.""So the man agreed to it, and they left the room to give him some privacy with her, when not two minutes later, they here the monitor buzzing with a flat-line alert.  The doctor runs in asking ""what happened???""The man shrugged and replied ""I guess she must've choked on it."""
,Because you didn't cook it you bloody donkey
,Or so my Dad told me
,A four-chin teller!
,Their f??te was sealed.
,the crossing on the road is still named after a Zebra.
,I solved it in two weeks.
,What a turtle disaster .
,Now she's my e
,Ugly. 
,"One muthafucka, two muthafuckas, three muthafuckas..."
,No-one gets them.
,A yoyo
,He fell off his chair.
,It can't believe you've done that.
,I like European food so I decided to Russia over there because I was Hungary. After Czech'ing the menu I ordered some Turkey. Once I was Finnished I told the waiter "Spain good but there is Norway I could another bite" 
,The square that it was on B4
,Climate Change
,"Me: Killing Mosquitos 
Wife: How many have you killed?Me: Total 5.  2 Female and 3 Male
Wife: How did you know their gender?Me: Three were near my beer bottle and two near my wallet"
,And called him Nickelwise the Clown.
,#NAME?
,"Upon catching Johnny red handed, as in the fact that there were cookie crumbs on his hands, Johnnie's dad, a doctor, got angry and said,    "" young man!""Sulking, Little Johnny wallowed in his corner of shame. Before long, he was diagnosed with diabetes and dies due to OD-ing on cookies previously. On his grave it states, ""Little Johnny, 2005- 2012, ."""
,He wanted somewhere to lilo. 
,Clean underwear
,A quack addict
,European
,You give birth.
,There wasn't mushroom 
,Easiest decision of my life..
,"I still do, but I used to too."
,Because I'm sweating so much
,"I said to everyone there ""Chakakhan, everybody. Everybody, Chakakhan."""
,"An American comes to India and tries out the local food. Soon after he rushes to the toilet. He comes out swearing. 
""I now know why Indians use water, if they used paper it would catch fire!"""
,Where you left it
,But I like to think he had posterior motives.
,"She points to little Sally and asks, ""Sally, what did you do this weekend.""Sally tilted her head and said, ""I went on a choo choo!""""Marvelous, dear,"" said the teacher, ""But next time, try 'I rode on a train.'""She then turns to little Mark, a kindly, young lad and asks, ""And how about you, Mark?""Mark put a finger to his lips and thought real hard. ""I went to the animal place and saw the stripy horsies.""""Simply exquisite,"" the teacher replied, ""But say you saw zebras at the zoo next time, alright dear?""After Mark nodded, the teacher turned to colorful and spirited Franky. ""How about you, Frank?""The little boy tilted his head after a second and said, ""I read a...book!""""Very good!"" The teacher said, glowing with pride. ""And what did you read?"" She asked, beaming.Frank thought long and hard for a second, then smiled real big, puffed up his chest and said in a great, big voice:""Winnie the Shit!"""
,I didn't know I could buy another can in the departure lounge
,E.T. learned English and wanted to go home.
,A predictable!
,"Bartender:  We don't allow any noisy patrons in here.K:  No problem, I'm mostly silent anyway."
,I hope.
,...then my illegal logging business is a success.
,[removed]
,Because they are more likely to be deadEDIT: Wow. Now I understand RIP inbox.
,The letter F.
,"Today in the kitchen she killed a cockroach. I said, ""Nice try."""
,V*Edit: seems like the ctrl key on my keyboard is not working
,"She is trying to get to know my dog, two cats, snake, and parrot. She is doing a great job so far with my help teaching her about their favorite foods. The dog likes chicken,  the cats fish, the snake bread, and the parrots seeds. I had a business trip and she volunteers to take care of them. I got a frantic call saying the snake hasn't eaten in days. I said ""my anaconda don't want none unless you got buns hun""."
,Republicans always insist on carrying a baby to full term.
,"when all of a sudden the car breaks down.
The three men get out to see what the problem is only to find out the engine block cracked so they agree that they have to go find help and to meet back at the car by nightfall.
They all go to the trunk of the car to see if they have any provisions for their walk and find a jug of water and a loaf of bread. 
The first man quickly grabs the jug of water explaining to the other two that if he gets hot he'll just drink some water and keep walking until he finds help and starts to go on his way.
The second man grabs the bread and explains to his friend that if he gets hungry on his journey that he'll just eat some bread and keep walking until he finds help and leaves going a different direction.
The third man is left alone and realizes he has nothing to help him survive the desert so he unbolts the car door and starts walking into the desert in a different direction from the first two.
A hour or so later a desert soldier who was on patrol noticed the first man and asked him if he was ok. The first man explained his situation and assured the soldier that he was ok because if he got hot he could just drink his water. The soldier pointed in a direction and told him to head to his headquarters for help while he searched for the mans friends and headed out again.
A couple of hours later he found the second man still searching for help. The soldier asked him if he was ok and the second man told him he was because he had his bread to eat whenever he got hungry. The soldier explained that he found the first man and to start heading toward the car as help would soon arrive and headed out again to try and find the third man.
The soldier found the third man in no time but was confused as to why he was carrying the car door. When the soldier asked the man why he casually explained that it gets really hot in the desert and if he gets too hot he can just roll down the window to cool off."
,50 Cent ft. Nickelback
,The cited reason for the arrest was: " He was carrying weapons of math instruction".
,Turns out my parents weren't even related.
,Chimp pansy
,"When he arrived he was told he'd have to take a welding test. He turned in 2 sets of welds. One was a great weld, the other was a mess. When the boss asked him why he did this he replied ""One is $18/hr, the other is $24/hr"".EDIT: "
,"A monocle walks into a bar. After a few drinks he starts to feel pretty good (and a little uncoordinated). He reaches for a cigarette, but the bartender stops him. ""Sorry, buddy, but due to city ordinances we don't allow smoking in here. You'll have to step outside to smoke.""So the monocle hops off the bar stool and grabs his cigarettes to head outside. Meanwhile a second monocle emerges from the bathroom. They bump into each other as they cross paths and fall to the floor, hopelessly entangled. They try to get free but the more they struggle, the more tangled they become.The bartender looks down on this travesty and shakes his head. ""Hey you two!"" he shouts. ""Stop making spectacles of yourselves!"""
,"Some people repeat themselves, and it???s really annoying. "
,#NAME?
,"But the Japanese really love ten tickles, from what I've heard. "
,They say I'm gay.
,Because it's two-tired
,"A Swede, a Norwegian and a Finn tried to swim from Norway to America on a dare. Ten miles from the Norwegian coast, the Swede gasped ""I can't make it..."" and promptly drowned. Fifty miles from the Norwegian coast, the Norwegian gasped ""I can't make it..."" and promptly drowned. The Finn had just caught sight of the American coast, when he sighed ""I can't make it either..."" and promptly swam back to Norway."
,"Husband: ""Well, I guess you'd be milk.""Wife: ""Why's that? Because I'm smooth and tasty?""Husband: ""No, it's because you're full fat."""
,"I sleep in the aborted fetus position.
Limbs everywhere."
,"Even if you win, you're still retarded."
,"The engagement ring, the wedding ring and the suffering."
,Bringing a girlfriend to New York is like bringing a warm beer to a bar that serves free cold beers.
,Farfromthinking
,A Boeing constructor.
,"The doctor says, ""Take a seat, sir.""
The man says, ""Right or left?"""
,She refused to sugarcoat.
,"Of course, a house doesn't jump at all. "
,Kangana Ranaut
,It was a play on words.
,"Wong calls his boss in the morning telling him he was feeling sick and couldn't come to work.His boss says, ""You know what Wong? Sometimes when I feel sick I ask my wife for sex. I feel better then. You should do the same.""Wong agrees and three hours later he calls his boss again.""I do what you say and I feel better now. I come to work in a while... By the way, you have very nice house."" "
,Rats split in half when I fuck them
,I said "Didn't Daddy tell you to ask permission to use the computer?"
,It's not hard.
,". ???It???s a huge event. Why aren???t you excited???ù???Because I???m not a football fan. My parents love basketball, so I do too,??ù says the student.???Well, that???s a lousy reason,??ù says the teacher. ???What if your parents were dumb fools? What would you be then???ù???Then I???d be a football fan.??ù"
,"""That must've  hurt"", says the prison guard."
,it always tells me to be positve.
,Whore Shoes 
,Sir Loin and The Stakes! 
,"I'm boarding my windows 
So shit won't fly through "
,Throw him in the main stream.
,They were on stereoids.
,"The bartender brings him the three beers, and the man proceeds to alternately sip one, then the other, then the third, until they're gone.He then orders three more and the bartender says, ""Sir, I know you like them cold, so you can start with one, and I'll bring you a fresh one as soon as you're low.""The man says, ""You don't understand. I have two brothers, one in Australia and one in the Ireland. We made a vow to each other that every Saturday night, we'd still drink together. So right now, my brothers have three beers, too, and we're drinking together.""The bartender thinks it's a wonderful tradition, and every week he sets up the guy's three beers. Then one week, the man comes in and orders only two. He drinks them and then orders two more. The bartender says sadly, ""Knowing your tradition, I'd just like to just say that I'm sorry you've lost a brother.""The man replies, ""Oh, my brothers are fine -- I just quit drinking."""
,A killer-bite.
,Letter "F" instead of "B"
,A hooker can wash her crack and sell it again.
,"The kindergarten's director gives them a tour saying things like, ""The Soviet Union has the best kindergartens in the world. The Soviet Union has the best toys in the world. Children in the Soviet Union eat the best food in the world.""All of a sudden, they see a little boy crying. When asked why he's crying he replies, ""I want to live in the Soviet Union."""
,"Believe it or not, not everyone wants to be in your mouth, Cindy."
,That makes him a small medium at large
,"Turns out that's not what Grinder is for. I still got a footlong, though."
,Dad's reply: idk I'm still paying.
,Nevermind. I shouldn't spread it.
,Polynesian
,"Little Johnny attended a horse auction with his father. He watched as his father moved from horse to horse, running his hands up and down the horse's legs, rump, and chest. After a few minutes, Johnny asked, ""Dad, why are you doing that?"" His father replied, ""Because when I'm buying horses, I have to make sure that they are healthy and in good shape before I buy.""Johnny, looking worried, said, ""Dad, I think the UPS guy wants to buy Mom."""
,The communist feels hungry without having to throw up.
,"Queen: Come to bed.
King: Not until I have a name for my soldiers.
Queen: K, night.
King: Babe, you're a genius!"
,Their last big hit was the wall.
,It was a catastrophe
,They're both full of happy little accidents
,... that would be a reservation reservation reservation -Brian Regan
,"Midnight??Petrograd... A??Red Guards??night watch spots a shadow trying to sneak by. ""Stop! Who goes there? Documents!"" The frightened person chaotically rummages through his pockets and drops a paper. The Guards chief picks it up and reads slowly, with difficulty: ""U.ri.ne A.na.ly.sis""... ""Hmm... a foreigner, sounds like ..."" ""A spy, looks like.... Let's shoot him on the spot!"" Then he reads further: ""'Proteins: none, Sugars: none, Fats: none...' You are free to go,??proletariancomrade! Long live the??World revolution!"""
,"called and asked if she and her kids could come North and stay with me until the hurricane passes. I said ""Well, your dog can."" "
,"Paddy Scotsman says ""my uncle is a priest, when he walks down the road everyone nods and say father""
""That's nothing"" says Paddy Englishman, ""My uncle is a bishop, when he walks down the road everyone BOWS and says your grace"". Not to be outdone, Paddy Irishman looks at them both and laughs. ""My uncle weighs over 400lbs (200kg). When he walks down the road everyone says JESUS CHRIST!""."
,The first man ever to become a vitamin 
,It is a standing ovation.
,Everything but the kitchen skink
,Her husband. 
,"They're all discussing what to do with the donations from their congregations. How much should they keep and how much should they give back to God.The Priest says: ""Let's draw a circle and throw all of the money up in the air. Whatever lands inside the circle we give to God and anything that lands outside we keep.""The Minister says: ""No, whatever lands outside the circle we give to God and anything that lands inside, we keep.""Then the Rabbi says: ""Guys, I've got it! We throw all of the money in the air and whatever God wants, he keeps!"""
,She got hit by a bus and said "Who threw that rock?!"
,"A husband and wife have four sons. The oldest three are tall with red hair and light skin while the youngest son is short with black hair and dark eyes.
The husband was on his deathbed when he turned to his wife and said, ""Honey, before I die, be totally honest with me: Is our youngest son my child?""
The wife replied, ""I swear on everything that he is your son.""
With that, the husband passed away. The wife muttered, ""Thank God he didn't ask about the other three."""
,Kim Kardashian.
,It's pretty much a watered down Manhattan 
,Work your ass off and provide great cervix
,"Upon passing a lingerie store, Marvin realizes that his wife has never bought any lingerie in her life. He gets the idea to buy his wife something sexy to make her feel good and young.  Marvin goes into the store and tells the clerk to wrap up the most expensive, sheerest negligee she has. Marvin takes the gift and excitedly runs home to his wife. Upon finding her in the kitchen he tells her to take the gift upstairs and unwrap it. He'll wait in the kitchen. His wife thanks him and goes up to the bedroom.  Once the package is opened she realizes that this is something she's never had before. She also sees that it is so sheer it leaves nothing to the imagination. She thinks for a moment and then decides that she'll really surprise Marvin and go downstairs without any clothes on at all.  So she leaves the negligee on the bed and starts down the stairs stark naked. She calls out: ""Marvin, come out to the hallway and look."" Marvin walks out to the staircase, looks up at his wife, and exclaims: ""All that money and they didn't even iron it?!"""
,I don't have a Ferrari in my garage
,Science flies you to the moonReligion flies you into buildings 
,A pretzel doesn't have my nuts hanging from it's chin.
,They had been working on it for 10 years but they only recently figured out how to make it leak oil
,"Scientists removed the right half of a man's brain and then, they asked him to count to ten. The man counted, ""two, four, six, eight, ten.""
Then they put the right half back and removed the left half, and again asked the man to count to ten. The man counted, ""one, three, five, seven, nine.""
The scientists then said ""that's odd"""
,"The woman suddenly grows enraged, storms into her supervisor's office, and declares loudly that she's quitting and has decided to file a sexual harassment suit. ""Come on,"" says the supervisor, ""What's wrong with a guy saying your hair smells nice?"" ""He's a fucking midget!"" "
,Maybe I should revise the name "The Pedalphiles" :-/ 
,Turns out I was gravely mistaken.
,Chop his hands off
,One of my friends is pregnant. And I???m really excited. Not for the baby but because she???s one of my skinniest friends
,"that read ""Woman kills husband with TV Remote."" I asked my colleague if it was a universal remote, because that changes everything."
,He cracked himself up
,They are both dic tators.
,"My mother was rushed to the ???hospital following a serious tumble. There the staff placed a band around her wrist with large letters warning: Fall Risk.Unimpressed, Mom said to me, ???I???ll have them know I???m a winter, spring, and summer risk too.??ù"
,"I asked if he was ok and he replied, ""How could she do this to me man..."" I told him that everything would be fine and eventually he would get through it. He replied again.""Sorry dude, I'm just going through a lot of shit right now, I'll get over it soon."" That's the last time I'm letting my girlfriend pick taco bell for dinner."
,"When it's good, it's REALLY GOOD. And when it's bad... meh it's still pretty good. "
,"Last night, I was in a bar drinking my bitter and minding my own business. This unsightly wench walked up to me and offered to leave her number. I asked ""Have you got a pen?""She smiled and said ""Yes.""I replied, ""Well, you better get back to it before the farmer notices you are missing."""
,It's because they don't believe in higher powers.
,Premature evacuation 
,Turned out to be a red herring.
,Church
,Because I have no self-confidence.
,They really don't know how to feel about sausages
,"A delightful angelic little boy was waiting for his mother outside the ladies
room of the gas station.As he stood there, he was approached by a man who asked,  ""Sonny, can
you tell me where the Post Office is?""
The little boy replied, ""Sure! Just go straight down this street two blocks
and turn to your right.  It's on the left.""The man thanked the boy kindly, complimented him on how bright he was and said, ""I'm the new pastor in town. If you and your mommy come to
church on Sunday, I'll show you how to get to Heaven.""The little boy replied with a chuckle:
""You're shitting me, right?  You can't even find the Post Office."""
,I'll pacifist through you if you don't shut up soon.
,Because he's a vegetable.
,They're both screaming about something unintelligible.
,"Yo momma's so dumb, when she went to the movies and saw the ""Under 17 not permitted"" sign, she left to get 16 of her friends."
,Undercover police man 
,Hello ladies!
,But it's in my refrigerator 
,She was has been in the window the whole time crying looking at the harsh wind and trees falling throughout our neighborhood. If it gets any worse ill have to let her inside. 
,You could say I have a few Twix up my sleeve.
,We should call them Slowicanes.
,"She had sex, started sweating and caused global warming"
,"Two idiots are talking in their office, the first one say, ""Hey, why's James the boss of us?"" The other turns to his friend and replies, ""Well, I don't know, but I'm gonna ask."" So he stands out of his chair and goes to find his boss. He finds his boss in the lounge and asks him, ""Hey, Boss, why're you the boss, and I'm not?"" James, rubs his chin and thinks, he smiles and stands next to a wall. ""Okay, Rick, I'm gonna put my hand here, and I want you to punch it.""Rick agrees and throws a punch at his Boss's hand. Before he could make contact, James pulls his hand out of the way and Rick's hand smashes into the wall. He screams and holds his hand, ""damn it hurts like hell!"" ""That's why I'm the boss.Rick goes back to his friend, ""Hey, did you find out why he's the boss?"" ""Yeah, let me show you,"" Rick places his hand onto his face and says, ""Try punching my hand."""
,set a man on fire and you'll keep him warm for the rest of his life
,"He explained, ""We have this little policy of allowing you to choose whether you want to spend eternity in heaven or in hell.""  ""How do I know which to choose?"" She asked.  ""That's easy,"" said St. Peter, ""You have to spend a day in each place before making a decision."" With that, he put the nurse on an elevator and sent her down to hell. The elevator doors opened and the nurse found herself in a sunny garden, where many former friends and colleagues warmly greeted her.  She had a great time all day laughing and talking about old times. That night, she had an excellent supper in a fantastic restaurant. She even met the devil, who turned out to be a pretty nice guy. Before she knew it, her day in hell was over and she returned to heaven. The day in heaven was okay. She lounged around on clouds, sang, and played the harp. At the end of the day, St. Peter came and asked for her decision. ""Well, heaven was great and all,"" the nurse said, ""but I had abetter time in hell. I know it sounds strange, but I choose hell.""  With that, she got in the elevator and went back down. When the doors opened, she saw a desolate wasteland covered in garbage and filth. Her friends, dressed in rags, were picking up garbage and putting it in sacks. When the devil walked over, she said to him, ""I don't understand. Yesterday, this place was beautiful. We had a delicious meal and a wonderful time laughing and talking.""  The devil smiled and said, ""Yesterday we were recruiting you. Today you're staff."""
,I can't wait to be 61.
,It's a game changer
,With mass underwater they can get volume. Then solve for their density and realize they should have gotten out of Florida.
,"A gummy bear...
(From my daughter)"
,He just doesn't bring the stick back.
,Was a bit clownie 
,...Of how I was slowly putting on clown make-up the entire movie.
,They became a blue state one way or another
,...I tell them that it has it's pros and cons.
,Comatoes 
,"""Thanks for the gold kind stranger!"""
,"He was questioned by Police: ""Haven't you just misplaced it somewhere? Are you sure that your electron is really lost?""
""I'm Positive."" replied the atom."
,I haven't given a shit in days.
,My parents told me to just walk it off 
,I got more bang for my buck.
,chicken butt
,You end up ignoring it all and just clicking "I agree" at the bottom
,I think.
,"Suddenly a huge brown bear was charging at us, really mad. We must have come close to her cubs. Luckily I had my 9mm pistol with me. One shot to my girlfriend's kneecap was all it took. I could walk away at a comfortable pace.??"
,Meat and greet
,"You can hang around. But, I'm going on a head. "
,"You do! Well, you better let the poor guy out!(inspired of course by the remake of IT)"
,"""That's a nascar you got there"""
,"I'm fine with 5ks, but when it comes to the longer ones like the 10ks, I just can't stand them. I guess I'm not fit enough at the moment."
,Dublin O'Seven!
,...But then I got rereleased 7 times in 6 years.
,
,It was finicky.
,Because it wasn't born yesterday.
,They come in pairs.
,It was con-tampon-ated.
,Because their capital's Dublin.
,"And old woman called the police to report a bunch of underage kids that had been hanging out and smoking in front of her house.Officer: Can you identify any of them ma'am?Old Woman: No, but I'm pretty sure one of them was called Nicky. He had his name on his cap.The officer nodded and took out a pen and paper.Officer : Can you spell that out for me, ma'am?Old Woman : N-I-K-E"
,"How on earth can you see the TV sitting so far back?Yeah, I used to cut class a lot too.Let me smell that shirt - don't worry, it's good for another week.Go ahead and keep that stray dog, honey. I'll be glad to feed and walk him every day.That outfit isn't sexy enough, here, unbutton your blouse.
Why don't you hitchhike? It would totally be cheaper.The curfew is just a general time to shoot for. 
It's not like I'm running a prison around here.Don't clean your room so often. It makes the rest of the house look bad.Can I borrow your new speed metal CDs?Naw, you don't have to call me, I'll eventually figure it out if you're in trouble."
,thanks Trump 
,All you have to do is show an ankle in Saudi Arabia
,But don't worry. I'm slowly getting over it. 
,He spent his career in the minors!
,"""That's a great finnish by the Ferrari star."""
,After five years your job still sucks. 
,A sentimetre.
,He graded it.
,So he can ruin yet another immigrants life. 
,...annoying. Credit to Demetri Martin. 
,"But for the life of me, I don't know how to tell her. "
,It was a little rough.
,You???ll never be as lazy as whoever named the fireplace.
,The same thing is true if you're stupid. 
,..it runs in your jeans.
,They sewed his forskin on there. The surgery went fine but he's been cockeyed ever since
,I only come once a year
,"In an attempt to find inspiration, she tags along with a band of pirates on their latest voyage. While he shows her around, the Captain tells the author that their vessel is haunted. ""Haunted?"" The author asks.""Aye,"" replies the Captain. ""By a friendly ghost who mans the wheel, helping steer us straight and correct our course. Will that be a problem for you?""The author replies, ""Problem? This ship rights itself!"""
,Before the first period.
,It scares the shit out of their dogs.
,Waka Flocka Dogs
,Far less "computer networking" and so much more "murderous clowning" than anticipated 
,
,"First Mate: ""Sir, we're in a fucking lake"""
,"... But once she killed herself, things started looking a lot more positive."
,A heat stroke 
,I???m ex-static!
,All the red flags were there.
,she was very quick to put me in my place.
,Whether they like it or not.
,Don't even get me started on the reaction from the head nurse.
,So I became a guidance counselor.
,"The interviewing manager handed me his laptop and said, ""I want you to try and sell this to me.""So I put the laptop under my arm, walked out of the building, and went home.Eventually he called my mobile and said, ""Bring it back here right now!""I said, ""$200 and it's yours."""
,It was having a midlife crisis
,I saw her walking down the street with one shoe. I said "hey you lost a shoe". She said "na I found one"
,Because you seem to be influencing my erection..
,"The first thing he sees is a single rose on the side table and a note from his wife: ???Dear, breakfast is made. I???ve gone shopping to make you your favorite dinner tonight. I love you!??ùHe stumbles to the kitchen and, sure enough, there???s breakfast. ???Joe,??ù he says to his son, ???what happened last night???ù???You came home soused and got that black eye tripping over a chair.??ù???So, why the rose, breakfast, and sweet note from your mother???ù???Oh, that. Mom dragged you to the bedroom, and when she tried to take off your clothes, you screamed, ???Leave me alone, I???m married!?????ù"
,Jokes on her. I became miserable!
,But I turned myself around.
,"The cowboy fought so valiantly that the natives decided to give him 3 final requests.  The cowboy is delighted and says for his first request, he wants to talk to his horse.  He walks up to his horse, whispers something in his ear and the horse takes off running.  A little while later he returns with a naked woman on his back.  The natives are impressed and grant him a teepee to have some privacy with the woman in.  After a while he emerges, tucking in his shirt and is asked what his second wish is.  He says he wants to talk to his horse again.  Once again his horse takes off and returns with a naked woman.  The natives laugh and give him some privacy again.  After some time, the cowboy emerges and says that for his final wish he wants to talk to his horse again.He walks up to the horse, grabs him by the ears and screams, ""I SAID POSSE!!"""
,Just Ice
,"Friend: 'How did your date go?'Man: 'I talked too much about my obsession with simplifying fractions'Friend: 'That wasn't a very good idea'Man: 'Yeah, well hindsight is 1'"
,It???s not hard.
,"But when i go even faster on full-screen rhythm games on my iPad, I'm ""lazy"", ""going to get carpal tunnel syndrome"", ""unproductive"", and ""ruining the funeral, Emily"".???"
,That???s a moray
,The Alt-Write.
,He was all righty then.
,"The son asks:???Dad, can???t you just use a sponge????"
,I can't wait to introduce my parents to my bride 2B.
,"Here they meet the devil who gives them an option, either stand in the left row which grants them access to heaven.Or stand in the right row where eternal torture awaits.However, you can not stand in the left row if your wife was the boss in the relationship.After a swift shuffle, 99 men stand in the right row and just one man stand in the left row.Angered by this, the devil goes: ""Are you all so weak that your woman wears the belt in the relationship?""All 99 men just look at eachother and down to the floor in dissappointment.""Well then"", says the devil as he turns to the man in the left row, so you are a true independent man?""No."" says the man, ""but my wife would have told me to stand in this row."""
,"and asked to go in to look around, but they said no and shut the door in my face. My parents can be so fucking rude."
,"my beer belly last night and said,
""Is that Corona or Heineken??""
I said, ""There's a tap underneath; taste it and find out."""
,"He said, ???NO!??ùI told him, ???She is Bill Gates??? daughter.??ùHe said, ???OK.??ùI called Bill Gates and said, ???I want your daughter to marry my son.??ùBill Gates said, ???NO.??ùI told Bill Gates, My son is the CEO of World Bank.??ùBill Gates said, ???OK.??ùI called the President of World Bank and asked him to make my son the CEO.He said, ???NO.??ùI told him, ???My son is Bill Gates??? son-in-law.??ùHe said, ???OK.??ùThis is how politics works."
,Jail time
,"Spain had thousands of colonists, Britain had millions, but Portugal had BRAZILIANS."
,What???s the opposite of progress?
,Brrrrrrrrrito!
,To which the string replies: "I'm a frayed knot!"
,...but he didn't make it to the bathroom.
,"A woman's hamster isn't moving, and she's really getting worried. So she takes it to the veterinarian. The vet takes one look at the hamster and says, ""Sorry, ma'am, but your pet's dead."" She looks horrified and says, ""No! I refuse to believe this! I request a second opinion."" The vet sighs, goes into the next room, and brings out a large black dog. The dog sniffs the hamster, gives the woman a long, pitying look and walks out. ""Sorry, miss, but you have to agree: your hamster is dead."" But the woman refuses to say that her beloved hamster is dead. The vet rolls his eyes and brings out a scrawny-looking tabby cat. The cat pokes the hamster with its paw, avoids the woman's eyes, and backs out uncomfortably. ""Alright, doc. He's dead,"" the woman says sadly. ""What's my bill?""""One thousand dollars.""""One thousand dollars?! Just to tell me my hamster was dead?""""Well, telling you that is free, but with the lab test and the cat scan, that's another $500 each."""
,The Chargers suck.
,After a while they spot a solitary rabbit. The first statistician takes aim and overshoots. The second aims and undershoots. The third shouts out "We got him!"
,"She asks me: ""sir, do you have a moment for animal abuse?"" As the good man I am, I say: ""of course, madam."" So i walked to the nearest dog and kicked it like a football. Apparently that was not what she meant... "
,"???Son,??? says the dad.
???That happens everywhere.???"
,"Pierre the famous French fighter was flying over occupied territory when he was shot down, a farmers daughter rescued him and took him to a secluded barn to nurse him back to health. When he was fully recovered Pierre told the the farmers daughter he would take her for a picnic as a reward, the picnic went well until the farmers daughter turned amorous & she said 
""oh, Pierre kiss me, kiss me""Pierre the famous French fighter pilot agreed and before he kissed her opened a bottle of red wine and poured it over her lips. He then proceeded to give her the best kiss of her life!But she proclaimed ""Pierre, that was amazing, but what was with the red wine?"" He replied ""I'm Pierre the famous French fighter pilot, if I eat red meat, I drink red wine.""Oh, she said, ""Pierre kiss me lower, kiss me lower!"" So Pierre opened a bottle of white wine and poured it over her breasts. As he suckled on her breasts the farmers daughter proclaimed ""that was amazing, but what was the white wine for?"" Pierre replied "" I'm Pierre the famous French fighter pilot, if I eat white meat, I drink white wine!"".The farmers daughter in throws of passion says ""oh, Pierre, kiss me lower, kiss me lower! So Pierre the famous French fighter pilot opens a bottle of brandy and pours it over the farmers daughter pubic region and then flicks a match onto it igniting it. The farmers daughter immediately starts smacking the fire out, and says what the hell are you doing? Pierre replies ""I'm Pierre the famous French fighter pilot, and if I'm going down, I'm going down in flames!"" "
,"To avoid scenarios like: ""Houston, we have a problem!"" ""What is the problem?"" ""Yeah, great, pretend like you don???t know what I???m talking about!"""
,He is Supreme Reader
,Because he couldn't hear the Tesla coming
,I apologize when I enter an empty room in case the NSA is listening.
,Shit.
,It's 14.
,Turns out potatoes aren't a valid currency in the US. 
,To stomp out forest fires.Why do elephants have big flat feet?To stomp out flaming ducks. 
,A rubber tree.   
,Or may not fit in the coffin. 
,"He's a cable manager and offten has to keep moving in his van/truck. One day he was driving in farm country and ran over a pig. He got out of the car to check on the pig and the pig was okay so he kept driving to his destination. When he got home, he got a call from a farmer. ""Hello?""""I know you ran over ma pig""""How did you know?""""He squealed"""
,Cause you look like you haven't been picked up in a long time.
,It didn't help that she was still wearing them.Or that his whole family was there.That made the rest of his sister's funeral kind of awkward.And who would've thought you could make the funeral of such a cute toddler more awkward then it already was...
,It's not loading!
,The reason women don't play football is that eleven of them would never wear the same outfit in public. 
,"""Why are you running?"" asked the boy.""I just got this really nice shirt,"" the man answered.""Where from?"" asked the boy.""JC Penny,"" the man answered before resuming his run.Shortly after, another man came running from the same direction as the first holding a nice pair of khakis, to which the same exchange occurred. This happened two more times, one holding a pair of socks and another a pair of shoes, until a man wearing just underwear ran by. ""Where are you going like that?"" the boy asked incredibly. ""To get my clothes back. I'm JC Penny."""
,But it's not a very good one. 
,"The blonde is sitting at the kitchen table, staring down, head in her hands, sobbing.
She picks up the phone and calls her husband who had just left for work.""What's up honey?"" the husband asks as he answers his phone.""It's this puzzle"" she sobs. ""I ....... I ....... I just don't get it. It's impossible, I don't know what to do.""""O.K. .................... O.K. ............ "" the husband says. ""What is it a puzzle of?""""It's a picture of a Tiger "" she sobs.""All right honey, hang on, I'll be right there.""He turns the car around and heads back home. Walking into the house he goes into the kitchen and finds his wife sitting at the table, head in hands, sobbing.The blonde looks up and says: "" I just don't get it. I don't get it. How am I supposed to do this?""The husband walks over, pats her on the back, looks down at the table and says:""Don't worry honey, It'll be alright. ............................ But first ..................................................................We have to put the 'Frosted Flakes' back in the box""."
,"2 girls and a boy. The first girl turns to her mother, and asks, with a soft, sweet voice and a smile, ""Mom, why is my name violet?"".Her mother answers, ""Well, dear when I was in hospital with you your father brought me a bouquet of violets, and when I was trying to think of a name, one of the petals fell and landed gently on your forehead, so I named you Violet""The girl is very content with her answer, and goes back to her game.The second girl is also curious, and poses the same question to her mother, ""And what about me, Mother dearest?""""Well, darling, when I was in hospital with you, your dad brought me roses, and strangely, the same thing happened! I took it as a sign and named you Rose!""The girl beams at her mother, and goes back to playing with her sister.Finally, the son is also taken by curiousity and asks ""A..a..a.and MUm...Muh..Mummy.... w..w.W.WhAt bOut m..m.mmeeeme!?!?""""Not now, Nokia. It's time for bed, run along!"""
,It's not like I have 2020 vision.
,electrons:  10 centsprotons: 10 centsneutrons: free of charge
,But none of them work.
,They???re all the same.
,Budapest! 
,Some people would say I hate it with a burning passion
,"""Try to test her hearing at home and let me know how severe her problem is before you bring her in for treatment,"" the doctor said.So that evening, when his wife was preparing dinner, Joe stood 15 feet behind her and said, ""What???s for dinner, honey?""No response.He moved to ten feet behind her and asked again.No response.Then he stood five feet in back of her and tried again but still got no answer. Finally, he stood directly behind her and asked, ""Honey, what???s for supper?""She turned around. ""For the fourth time???I said chicken!"""
,"Mick, from Dublin, appeared on 'Who Wants To Be A Millionaire' and towards the end of the program had already won 500,000 euros.""You've done very well so far,"" said Chris Tarrant, the show's presenter, ""but for a million euros you've only got one life-line left, phone a friend. Everything is riding on this question. Will you go for it?""""Sure,"" said Mick. ""I'll have a go!""""Which of the following birds does NOT build its own nest?a) Sparrow
b) Thrush
c) Magpie
d) Cuckoo""I haven't got a clue."" said Mick, ''So I'll use my last lifeline and phone my friend Paddy back home in Dublin...""Mick called up his mate, told him the circumstances and
repeated the question to him.""Fookin hell, Mick!"" cried Paddy, ""Dat's simple it's a cuckoo.""""Are you sure?""""I'm fookin sure.""Mick hung up the phone and told Chris, ""I'll go with cuckoo as my answer.""""Is that your final answer?"" asked Chris.""Dat it is.""There was a long, long pause and then the presenter screamed, ""Cuckoo is the correct answer! Mick, you've won one million euros!""The next night, Mick invited Paddy to their local pub to buy him a drink.""Tell me, Paddy? How in Heaven's name did you know it was da Cuckoo that doesn't build its own nest?""???Because he lives in a fookin clock!"""
,"Everyone in the bar stops and stares.
Completely embarrassed, the guy slinks back to his table with a red face.
After a few minutes, the woman walks over to him and apologizes. 
She smiles and says, ""I'm sorry if I embarrassed you. I'm a graduate student in psychology, and I'm studying how people respond to embarrassing public situations.""
To which the guy responds as loudly as possible, ""What do you mean $200 for a BJ?"""
,Cause you're erecting something right now 
,The president always has a trump card. 
,"and is asked if he needs help with his luggage. The photon replies ""No thanks, I'm travelling light."""
,I hope
,More scared of you than you are of me
,I guess I prefer paper over plastic.
,"I know, it's irrational. "
,Because the referee was blowin fowles 
,You can always count on them.
,It's just raindeer.
,"She sees some random guy sleeping next to her. Her memory is fuzzy,  but she remembers some very passionate sex that took place last night. She frantically wakes the guy up and asks him if they used any protection. The guy says no,  not as far as he can remember. ""Damn"" says the blonde,  ""do you have aids?""""What? No!"" The guy answers. Blonde,  visibly relieved,  lays back next to him and says:""Oh thank God for that. I wouldn't want to catch it again."" "
,"""The Big Sikh""."
,"That way, you'll be a mile away, and have his shoes."
,"An interviewer is interviewing a man.Interviewer: Name?Interviewee:Abdul Al-Rhazim.Interviewer:Sex?Abdul Al-Rhazim: 3-5 times a week.Interviewer:  No, no, I meant male or female!Abdul Al-Rhazim:  Yes, male, female, sometimes camel.Interviewer: Holy cow!Abdul Al-Rhazim: Yes, cow, sheep, animals in general.Interviewer: But isn???t that hostile?Abdul Al-Rhazim: Yes, horse-style, dog-style, any style.Interviewer: Oh dear!Abdul Al-Rhazim:  No, no.  Deer run too fast. Too hard to catch."
,They had a great cast
,But all the good ones argon
,White Shrivelage
,They sell themselves shorts
,It wasn't fair that they kept Stalin'
,Unzip...
,Now we call him cup.
,"A family is at the dinner table. The son asks the father, ???Dad, how many kinds of boobs are there???ù The father, surprised, answers, ???Well, son, a woman goes through three phases. In her 20s, a woman???s breasts are like melons, round and firm. In her 30s and 40s, they are like pears, still nice, hanging a bit. After 50, they are like onions.??ù ???Onions???ù the son asks. ???Yes. You see them and they make you cry.??ù This infuriated his wife and daughter. The daughter asks, ???Mom, how many different kinds of willies are there???ù The mother smiles and says, ???Well, dear, a man goes through three phases also. In his 20s, his willy is like an oak tree, mighty and hard. In his 30s and 40s, it???s like a birch, flexible but reliable. After his 50s, it???s like a Christmas tree.??ù ???A Christmas tree???ù the daughter asks. ???Yes, dead from the root up and the balls are just for decoration.??ù"
,"I asked a Chinese girl for her number. She said, ""Sex! Sex! Sex! Free sex tonight!"" I said, ""Wow!"" Then her friend said, ""She means 666-3629."""
,It should be called Taken 4: Granted 
,Nether Lands.Now I know why I can't play Minecraft in my Dutch class.
,"Experienced widower seeks mate 
to sire a male heir to the throne.Must be willing to stick her neck out."
,Quack
,Church
,"Then a table, then a chair."
,A castration crustacean. 
,It was very anticlimatic
,It was an impulse purrchase. 
,"You can breathe out, just not in."
,He pasta way...
,"Pythagoras wasn't a mathematician, he was a sinetist."
,'Cuz you look like countless generations of men have abused you for their own selfish agendas.
,Because some men just wanna watch the world turn.
,Police Brutality 
,So your butthole doesn't slam shut.
,"A little old lady was walking down the street dragging two large
plastic garbage bags behind her.
One of the bags was ripped and every once in awhile a $20 bill fell
out onto the sidewalk.Noticing this, a policeman stopped her, and said, ""Ma'am, there are$20 bills falling out of that bag.""
""Oh, really? Darn it!"" said the little old lady. ""I'd better go back
and see if I can find them. Thanks for telling me, Officer.""
""Well, now, not so fast,"" said the cop.
""Where did you get all that money? You didn't steal it, did you?""
""Oh, no, no"", said the old lady.
""You see, my back yard is right next to a golf course. A lot of
golfers come and pee through a knot hole in my fence, right into my flower garden. It used to really tick me off. Kills the flowers, you know. Then I thought, 'why not make the best of it?' So, now, I stand behind the fence by the knot hole, real quiet, with my hedge clippers.
Every time some guy sticks his thing through my fence, I surprise him, grab hold of it and say, 'O.K., buddy! Give me $20 or off it comes!'
""Well, that seems only fair,"" said the cop, laughing. ""OK. Good luck!
Oh, by the way, what's in the other bag?""""Not everybody pays."""
,Because he only dated mummies.
,"Darth Vader: Luke, I know what you are getting for Christmas.Luke: How?Darth Vader: I felt your presents."
,"""My wife has a stall on the beach where you can buy flags of any country""""Does she sell Seychelles by the sea shore?"""
,Pointless.  
,They act like they always have something to prove.
,Take golden showers 
,It slowed global warming and gave us all something to look up to 
,You don't mind your own. However others piss you off!
,Donutello
,"A man is talking to God.The man: ""God, how long is a million years?""
God: ""To me, it's about a minute.""
The man: ""God, how much is a million dollars?""
God: ""To me it's a penny.""
The man: ""God, may I have a penny?""
God: ""Wait a minute."" "
,So they can cum in peace.
,Russel.
,"A therapist has a theory that couples who make love once a day are the happiest. So he tests it at a seminar by asking those assembled, ???How many people here make love once a day???ù Half the people raise their hands, each of them grinning widely. ???Once a week???ù A third of ???the audience members raise their hands, their grins a bit less vibrant. ???Once a month???ù A few hands tepidly go up. Then he asks, ???OK, how about once a year???ùOne man in the back jumps up and down, jubilantly waving his hands. The therapist is shocked???this disproves his theory. ???If you make love only once a year,??ù he asks, ???why are you so happy???ùThe man yells, ???Today???s the day!??ù"
,Shredded cheese. 
," mostly, but occasionally they use ...."
,"A man and his wife are out grocery shopping when the husband stops in beer section and gets a 24-pack for $10.The husband puts the 24-pack in the cart and his wife stops him and say ""We can't get that, we have to stick to the budget!"" so he puts it back on the shelf.Later on the wife stops in the cosmetics section and gets a container of face cream for $20. When she puts it in the cart, her husband stops her and says ""We can't get that honey, it's not in the budget"".The wife says 
""This face cream is what I use to look good!""The husband says 
""Well the beer makes you look good for half the price!"""
,Because most American politicians don't seem to care if kids get shot.
,"A man is flying in a hot-air balloon and realizes he is lost. He reduces height and spots a man below. He lowers the balloon farther and shouts, ""Excuse me! Can you tell me where I am?""The man below says: ""Yes, you're in a hot-air balloon, hovering 30 feet above this field.""""You must be an engineer,"" says the balloonist. ""I am,"" replies the man. ""How did you know?""""Well,"" says the balloonist, ""everything you have told me is technically correct, but it's no use to anyone.""The man below says, ""You must be in management.""""I am,"" replies the balloonist, ""but how did you know?""""Well,"" says the man, ""you don't know where you are or where you're going, but  you expect me to be able to help. You're in the same position you were before we met, but now it's my fault."""
,"Ba-dum, tish."
,What is the difference between an egg and a wank? You can beat an egg.
,Top notch!
,Two Weather Channel guys are arguing over how to correctly pronounce ???Mobile??ù. So they walk into a restaurant and decide to let one of the local residents settle it for them. So they ask a worker ???What is the correct pronunciation of this place???ù She looks at them and slowly says ???BUR..GER...KING??ù.
,"After several hours one of the brothers realises how long they've been working. So he turns to his brother and says ""Hey, let's wrap this up."" "
,Hey! Stay out of Maillard!
,"The bartender asks, ""What can I get for you?"" The dog says, ""I'm looking for the man who shot my paw."""
,She really needs to change her microwave!"
,"A woman called our airline ???customer-service desk asking if she could take her dog on board.???Sure,??ù I said, ???as long as you provide your own kennel.??ù I further explained that the kennel needed to be large enough for the dog to stand up, sit down, turn around, and roll over.The customer was flummoxed: ??????I???ll never be able to teach him all of that by tomorrow!??ù"
,"The foreman is so impressed that he gives him a raise as long as he works every day. The next day the painter paints only 7 miles. The foreman is confused as to why the painter did not paint as much as the day before. The day after the painter paints only 5 miles. The foreman is now a bit frustrated as the painted did so well on the first day and since then has declined the amount of painting, so he asks the painter, "" Hey how come you painted so well on the first day and each day after you painted less?"" The painter replies ""Well the bucket of paint just keeps getting farther and farther!"""
,call the cups!
,"working together, when one day the blonde starts feeling a sore throat coming on, she complains about it to her brunette coworker. ""Oh, I have a perfect trick for that""  says brunette "" whenever I feel a sore throat developing,  I give my boyfriend a blowjob, and the sore throat is gone almost instantly. Maybe you should try something like that""The blonde thanks her,  and tells her she is just gonna pop out for lunch. She is almost an hour late back to work,  when she finally gets back in.The brunette knowingly winks at her ""So did it work? That sure took some time."" ""Oh it worked perfectly, throat feels great now! "" says the blonde ""Sorry I'm so late,  the blow job was only a few minutes,  but it took me nearly 45min to convince your boyfriend that it was indeed your idea. """
,. . . so I asked if she would prefer my exclamation point. 
,why am I still afraid of failure?
,"The first man, a lawyer, tells the other men ???I got my wife a trip to the Bahamas and a pearl necklace. She loves pearls, so if she doesn???t enjoy the trip, I know she???ll like the necklace.??ùThe second man, a doctor, says ???I got my wife a brand new 2017 BMW and a Louis Vuitton handbag she???s had her eye on. If she doesn???t drive the car much, I know she???ll love that handbag.??ùThe third man, a trucker, tells the others ???I got my wife a Metallica t-shirt and a dildo. If she doesn???t like the t-shirt, she can go fuck herself.??ù"
,"Men, being the gentlemen that we are, only look at the other 10%."
,"Detroit's always trying to dodge bullets though, so its ok"
,"With trying to make abortions illegal, get rid of birth control, defund planned parenthood, those all are textbook examples of seizing the means of reproduction."
,"An old woman was chatting with her next door neighbor, and when he mentioned that he was going away to college and could not take his parrot with him, she asked him what he would do with the bird. 
""Ah, I'll give 'em to the pet store. Somebody else's problem.""
Well this just would not do for this church-going woman, so she offered to take the bird off the young man's hands. He insisted, ""Ah no, Miss Wainwright, you don't want this old bird! He used to belong to my father before he passed, and he's got a real mouth on him."" 
Gladys insisted right back and sealed the deal with saying how lonely she would be without him to help her with the gardening. The young man relented, shaking his head, and thinking to himself that he had warned her before passing the cage off.The bird was quiet the first night, and Gladys figured that all the bird really needed was to get away from those loud video games. 
The next morning she awoke and walked downstairs to the kitchen, passing the cage on the way. 
""HEY OLD BITCH! WHERE THE HELL'S MY FUCKIN' FOOD?"" The parrot screeched at her.
Shocked, she turned slowly on the spot to stare at him. And then she spoke, ""Now I don't know what you got up to next door, but that just won't be tolerated here!""
""FUCK YOU, DRIED UP OLD CUNT!"" 
Gladys snatched the bird out of the cage and carried him to the kitchen, ignoring his loud curses and wing flapping. She held him up and said to his beak, ""You need to be taught some manners! You sit in here and think about your language, birdy!""
She popped him in the freezer and turned away to make some tea. 
When the kettle had boiled a minute later, she opened the freezer to reveal a shuddering parrot that was glaring at her, but saying nothing. Smiling in a satisfied way, she removed him and placed him back in his cage. 
The next morning, Gladys totters down the steps and coos, ""Good morning my pretty little birdy!""""AH, FUCK THIS! YOU CAN SUCK MY FEATHERY COCK LADY!"" Gladys promptly popped the bird in the freezer again, but this time while boiling the kettle her daughter called. By the time she had gotten off the phone with her third grandchild, she realized she had quite forgotten the bird.
Hustling back over to the freezer as fast as her rheumatism would allow, she wrenched open the door and found her bird alive, nearly frozen. As she removed him the bird said in a small voice, ""Alright lady, I'm real sorry... But I gotta ask.. What the HELL did that turkey say?"""
,A rip-off.
,A Justin Bieber concert.
,A Hairyan.
,"The farmer, being protective over his daughters, decided to meet their dates at the door with his shotgun. The doorbell rang, and the farmer answered the door.He was met with a boy, who said: ""Hi! My name's Joe. I'm here for Flo. We're going to the show. Is she ready to go?""The farmer looked him over and sent the kids on their way.The next boy arrived: ""My name's Eddy, I'm here for Betty. We're gonna get some spaghetti. Is she ready?""The farmer felt that this one was okay too, so he sent them on their way.The final date arrived, the farmer opened the door: ""Hi, my name is Chuck"".And the farmer shot him."
,"He books himself into an old castle that has been converted into a hotel. Once he enters, he has the creepiest feeling come over him. He asked the lady a reception if they have ghosts in the hotel. She laughs and says, "" I have been here for 300 years and never seen one"""
,Cantaloupe
,Because it's not Finnish.
,"Redhead: I was over speeding when all of a sudden the brakes failed. I had two options. There was a parade on one side and a couple walking on the other side.
Police: Why didn't you hit the couple?
Redhead: I did, but as soon as I turned the car towards them, they started running towards the parade."
,"No, i live down the street."
,"""Here, next to mine"" wasn't the answer i was expecting."
,"Jeez, just let me buy something.  I don't need the whole guilt trip about who made it."
,"Officer: You were speeding.
Man: No, I wasn't.
Officer: Yes, you were. I'm giving you a ticket.
Man: But I wasn't speeding.
Officer: Tell that to the judge! (The officer gives man the ticket.)
Man: Would I get another ticket if I called you a jerk?
Officer: Yes, you would.
Man: What if I just thought that you were?
Officer: I can't give you a ticket for what you think.
Man: Fine, I think you're a jerk! "
,Maximus Speedius
,It???s turned to Coles
,A supreme liter
,"Chris Don't Kill My Tribe, in honor of Columbus Day"
,I said I respected her decision and I'll give her a call then.
,For the shits and giggles.
,Preying
,
,He's no better
,Care package 
,Because I couldn't think of an original joke
,but the other 2/11 are.
,"I asked ???why not???ù To which he replied 
???Baggers can???t be choosers.??ù"
,I guess they were beefing.
,Because you make my heart beat. 
,"You order what you want, and when you see what the other fellow has, you wish you had ordered that."
,A post-industrial park.
,Chard.
,Physiques
,I have Cardiomegaly.
,"Genie: What is it you wish for mortal?Man: Well, I'd like to stop second guessing myself all the time.Genie: Really?, Is that what you really want to wish for?Man: Hey, its my wish so I get to-...Heyy!"
,"""Not at all. I came here to eat on the floor. Carpet for 5 please."""
,She had a wee calf.
,Kitty litter. 
,The shower gets turned on
,For shits and giggles.
,Well turned out it didn't know any of the ANTLERS!!!!
,You can't tell who is hoe Li or not.
,A Reptile Dysfunction
,Because he just has an arm left.
,and it told me im a genius! in the !  
,Sign language 
,Cooking shows
,"???Look, no hands.??ù"
,"If it's 1 o'clock and you're not hungry enough to eat the whole cake, eat half of it now and the other half in an hour. You can halve your cake and eat at 2."
,Hispanic Attacks 
,"One took the wheels and tires, the other took the battery and the radio. "
,Mount Rushmore
,One is old the other fat. 
,But it's impotent to my girlfriend.
,Because it had a bad sole
,Because they make up everything
,A white russian
,He got no reaction.
,"Her dad is Korean, her mom is also Korean.Her legs were ripped off in a car accident."
,With leukemia.
,It got stuck in a crack
,"This way, you can ensure that they're not some weirdo who reads Reddit."
,Dracula's dentist.
,But the problem is that men love fruit salad.
,Because it is set in the future.
,Because 90% of them suffer from diarrhea!
,Just become a Catholic priest and have them now. 
,"There was this friend of mine of was sought of bully to me and to some other kids. Once on a parent's day programme, a speaker came to our school to educate us on the benefits and demerits of internet. So the speaker asked a question to all of us, ""Does anyone knows how to make a website?"". This bullish friend of mine was wearing a earphone. He knew how to make a website. I told him about the question. He happily got up. There were some cringe views. Some were laughing. Some were talking by covering their mouth with their hand. His parents were embarrassed. The question was, ""Who watches porn?"" "
,"So, a guy with a small monkey on his shoulder walks into a bar,  the bartender isn't too thrilled about an animal being in a bar,  but he says nothing deciding to see if it's behaving first. Guy orders a drink and the monkey is just sitting there watching someone play pool. All of a sudden the monkey jumps on to the pool table,  grabs one of the billiards and swallows it. The bartender gets pissed off and tells at the guy to get his damn monkey out of there. Guy apologises and leaves. About a week later,  same guy with same monkey walks back in,  but this time the monkey is on a leash. Bartender is keeping a close eye on the monkey,  to make sure it doesn't try any more monkey business. Monkey is on its best behaviour,  just sitting there,  then it spots some grapes on the table, it grabs a single grape, looks at it then shoves it up is own ass, pulls it back out and eats it. ""What the hell is that disgusting monkey doing?!?"" Yells the surprised bartender. ""Oh that?"" Says the guy, ""After the trouble that billiard ball gave him on the way out,  he now measures everything first before eating it."""
,It???s called a Tea Shirt.
,My son and I were hiking one day when a bison charged towards him as he was taking a leak. I shouted ???Bison??ù but it was already too late and he died. My wife tried to console me and said ???Atleast you were able to say goodbye??ù.
,"""Sorry, no professionals."""
,"Trabajo hoe, hoe."
,"Last week was my birthday and I didn't feel very well waking up that morning. I went downstairs for breakfast hoping my wife would be pleasant and say, ""Happy Birthday! "", and possibly have a present for me. As it turned out, she barely said good morning, let alone ""Happy Birthday."" I thought... Well, that's marriage for you, but the kids will remember. My kids came in to breakfast and didn't say a word. So when I left for the office, I felt pretty low and somewhat despondent. As I walked into my office, my secretary Jane said, ""Good Morning Boss, Happy Birthday!"" It felt a little better that at least someone had remembered. I worked until one o'clock and then Jane knocked on my door and said, ""You know, it's such a beautiful day outside, and it's your birthday, let's go out to lunch, just you and me."" I said, ""Thanks Jane, that's the greatest thing I've heard all day. Let's go!"" We went to lunch. But we didn't go where we normally would go. We dined instead at a little place with a private table. We had two martinis each and I enjoyed the meal tremendously. On the way back to the office, Jane said, ""You know, it's such a beautiful day...We don't need to go back to the office, do we?"" I responded, ""I guess not. What do you have in mind?"" She said, ""Let's go to my apartment."" After arriving at her apartment, Jane turned to me and said, ""Boss, if you don't mind, I'm going to step into the bedroom for a moment. I'll be right back."" ""Ok."" I nervously replied. She went into the bedroom and, after a couple of minutes, she came out carrying a huge birthday cake... Followed by my wife, kids, and dozens of my friends and co-workers, all singing ""Happy Birthday"". And I just sat there... On the couch... In my birthday suit."
,Pennsylvania 
,I named him a Chicken
,I wasn't putting in enough shifts. 
,It wasn't raised right!
,"You: ""Faffsfwer awrijdffgwo waosfeief!"" 
Dentist: ""Oh, sounds fun!"""
,"But it's ok, it was in my pocket."
,He was hung for three days and then he died.
,"Teacher: Use ""Ice"" in your sentence?
Johnny: The water is cold.
Teacher: Where is the ""Ice"" in this sentence?
Johnny: The ice has melted that's why the water is cold."
,He neverlands! 
,An ovary-chiever
,They say he was Goodwill hunting.
,One is a terrible state of affairs the other is a terrible fate of a stairs. 
,"Two tomatoes were crossing a road when one of them suddenly got run over by a truck. Then the other tomato said: come on ketchup, lets go."
,It was a scavenger hunt.
,Superheroes fight for a just cause; wrestlers fight just 'cause.
,"""Neuf dix!"""
,"Wrong plaice, wrong thyme"
,"their wives all gave birth to healthy babies around the same time and are now resting. The three men are sitting in a room nearby when a nurse comes in and tells them there has been a mix-up, a nurse forgot to put identifying bracelets on the babies before taking them for a medical exam and now they don't know which baby is which. She asks them if they could help identify their babies and the Jew goes first. One minute later, he steps out of the nursery holding a black baby, the Black man gets up and says ''Hey man, I'm pretty sure that one's mine'' to which the Jew replies ''One of those babies is a Trump, and I'm not taking any chances!''"
,...if you listen varicosely.
,Luckily was on the bottom step
,Because people are dying to get in.
,Safe Auto
,She goes on Tuesdays. I go on Fridays.
,2017: One day computers will be so good that you won???t have to prove that you are a robot.
,"We learn them ""A, E, I, O, U "", and they learn them ""E, I, O, U, A"". "
,Cause you're specialEdit: somebody was nice enough to point out that I must use the contraction you're rather than the possessive pronoun your. Thanks so much now all is right in the worldEdit #2: the correct spelling in the title should be retarded not retarted
,Then why is it ok to hate Nazi's
,Every year it???s Dublin
,There was no chemistry
,ciaoazard
,"Kimchi, because it makes them feel good. (I woke up at 4am for this.)"
,Obergefell
,Is still a mystery to me.
,You go on ahead
,"""He doesn't normally drink beer, but when he does, he drives better."""
,"""I'm here to claim what is mine. No more talking, give it to me, your soul...shapped candy"""
,Islamb.
,"A wife goes to consult a psychiatrist about her husband: My husband is acting so weird. He drinks his morning coffee and then he goes and eats the mug! He only leaves the handle!Psychiatrist: Yes, that is weird. The handle is the best part."
,Everything is super-natural. 
,Because he wanted a clean getaway.. 
,Because they can???t get 7-Up
,One of them is happy if he???s got a big catch.
,... I think Ralphie may. 
,"""I'll have h2o."" ""I'll have h2o, too.""The bartender gives them both water and no one dies, because he is able to distinguish the pragmatic context as well as the boundary tones that dictate the grammatical function of homonyms in coda position."
,"On some air bases the Air Force is on one side of the field and civilian aircraft use the other side of the field, with the control tower in the middle.One day the tower received a call from an aircraft asking, ""What time is it?"" The tower responded, ""Who is calling?"" The aircraft replied, ""What difference does it make?"" The tower replied, ""It makes a lot of difference. If it is an American Airlines flight, it is 3 o'clock. If it is an Air Force plane, it is 1500 hours. If it is a Navy aircraft, it is 6 bells. If it is an Army aircraft, the big hand is on the 12 and the little hand is on the 3. If it is a Marine Corps aircraft, it's Thursday afternoon."""
,We have members all around the globe!(I know it's old but give me a break c:) 
,Could I be accused of gruelty to animals? 
,"They said I wasn't picking up people's mail. I should have seen it coming though, there were red flags everywhere."
,Good thing I'm so amazingly humble.
,They are beside themselves.
,Because they hex everyone they meet. 
,Person 2: Witherspoon?Me: No with a knife silly.
,".. you either live it, or you diet."
,"3 men are on a plane and the plane is about to crash.  They each try to throw something out of the plane to reduce weight.  The first man throws a wrench. The second man throws a screwdriver. The third man throws a bomb. Well the plane crash lands and the men are walking down a street.  They come across a little girl crying and they ask ""why are you crying little girl?"" The girl replies, ""I was jumping rope and then I got hit in the head by a wrench."" The men walk a little further down the street and come across a woman crying. They ask the woman, ""what happened, ma'am?"" The woman replies, ""I was working in my garden and then got hit in the head by a screwdriver."" The men go a little further and come across a little boy laughing uncontrollably. They ask, ""what's so funny little boy?"" The little boy replies, ""I farted and the house behind me blew up!"""
,But that would just be Petty.
,You look good in those genes.
,...I like to run around with a screwdriver and yell "Attention everybody! This is not a drill!"
,They saw me coming 
,"An airplane was about to crash. There were 4 passengers on board, but only 3 parachutes. The 1st passenger said, ""I am Cristiano Ronaldo, the best Football player. The Warriors and my millions of fans need me, and I can't afford to die."" So he took the 1st pack and left the plane. The 2nd passenger, Donald Trump, said, ""I am the newly-elected U.S. President, and I am the smartest President in American history, so my people don't want me to die."" He took the 2nd pack and jumped out of the plane. The 3rd passenger, the Pope, said to the 4th passenger, a 10 year old schoolboy, ""My son, I am old and don't have many years left, you have more years ahead so I will sacrifice my life and let you have the last parachute."" The little boy said, ""That's okay, Your Holiness, there's a parachute left for you. America 's smartest President took my schoolbag. ???"
,They are really the Wurst.
,subordinate Clauses
,I told her I couldn't give two shits.
,Despacito
,There is. It's called Applebee's.
,And I'm all outta ass.
,Since it's made almost completely out of recycled material.
,But nothings better than getting some.
,"The genie says to the man, ""I will grant you one wish however, it must be within reason"" The man thinks for a second and says ""I want a dragon!"" the genie replies ""Are you mad? I said within reason!"" Again the man thinks and finally speaks. ""I wish for the ability to plug a USB cable in right every time."" The genie thinks, then says,What color do you want your dragon?"
,And call it titty bars
,The front. 
,"A child asked his father, ""How were people born?"" So his father said, ""Adam and Eve made babies, then their babies became adults and made babies, and so on."" The child then went to his mother, asked her the same question and she told him, ""We were monkeys then we evolved to become like we are now."" The child ran back to his father and said, ""You lied to me!"" His father replied, ""No, your mom was talking about her side of the family."""
,Anne Frank's drum set.
,Stuffed by seconds 
,Bone Appetit!
,They're both heavily invested in Infinity War.
,"A man goes to the doctor and says, ""Doctor, wherever I touch, it hurts."" 
The doctor asks, ""What do you mean?"" 
The man says, ""When I touch my shoulder, it really hurts. If I touch my knee - OUCH! When I touch my forehead, it really, really hurts."" 
The doctor says, ""I know what's wrong with you - you've broken your finger!"
,a local tomato farmer if their tomatoes are genetically modified."Yes." Said a tomato.
,Shut the fuck up or I'll nail your other foot to the floor. 
,It was below C level
,"I met an Amish guy the other day. He looked at me and said "" can I confide in you? I'm from 100 years in the future. We built a time machine and I just arrived. You re the first person I've seen since My arival""
 Incredibly intrigued, I said to him "" wow! 100 years in the future! That's amazing! What's it like in 2117?""
 Slightly confused, he looks at me and said ."".....well,,,,it's pretty much the same,,,. BUT WE HAVE A TIME MACHINE !"""
,"She said, ""Not for you."" "
,I dyed a little inside..
,This sub is going to shit.
,"..the bartender says, ""Get lost, kids. We don't serve minors."""
,With an ithberg
,"Back in the days of vaudeville, a man walks into a talent agent's office with a small dog under his arm.""This is the most amazing act you've ever seen!"" he declares  ""What I have here is an ACTUAL TALKING DOG!  Prepare to be amazed!""With that he places the dog on the agent's desk and turns to address the canine. ""What is over our heads?"" ""Roof!""""What is the opposite of smooth?""""Rough!""""What did an Elizabethan man wear around his neck?""""Ruff!""""My name is...?""""Ralph!""""Who was the greatest baseball player ever?""""RUTH!""The agent wordlessly rises, grabs both man and dog and throws the two of them out of not only his office, but the building, directly into a back alley, where they land among some garbage cans.For a long while, neither of them moves, nor makes a sound.  Finally, the dog sighs, ""I told you, I should have said 'DiMaggio.'"""
,Vibrators eating batteries 
,Sir Valence!
,What I can???t grasp is... how will it work with two-faced people?
,"Because, they hunt whales."
,About half way.
,"On the front door there was a sign. It said, ""Leave around the back.""So I drove through their garden, but there was no way out. "
,is the day I stop driving
,"A man inserted an 'ad' in the classifieds: ""Wife wanted."" 
Next day he received a hundred letters. 
They all said the same thing: ""You can have mine."""
,According to the Paternity Test: Me
,because they understand lie-ability
,"I was walking down the street when I was accosted by a particularly dirty and shabby-looking homeless man who asked me for a couple of dollars for dinner.I took out my wallet, extracted ten dollars and asked,""If I give you this money, will you buy some beer with it instead of dinner?""""No, I had to stop drinking years ago,"" the homeless man replied.""Will you use it to go fishing instead of buying food?"" I asked.""No, I don't waste time fishing,"" the homeless man said..""I need to spend all my time trying to stay alive.""""Will you spend this on hunting equipment?"" I asked.""Are you NUTS!"" replied the homeless man. ""I haven't gone hunting in 20 years!""""Well,"" I said, ""I'm not going to give you money. Instead, I'm going to take you home for a shower and a terrific dinner cooked by my wife.""The homeless man was astounded. ""Won't your wife be furious with you for doing that? I replied, ""Don't worry about that. It's important for her to see what a man looks like after he has given up drinking, fishing and hunting."""
,so I painted it black.
,"In completely unrelated news, I'm never eating another kumquat."
,Infact 5 out of 6 doctors say Russian Roulette is perfectly safe.???
,"when she got a tumor, it was B-9."
,"I came home the other day and my wife had the veterinarian there looking at my shetland pony. 
Very concerned i asked "" whats wrong with him!""
The Vet said ""he's ok, he's just a little horse"""
,You give them an inch and they take 3 miles.
,But I???m not drinking any less either. 
,"with no specific end destination Andrew just walks around in a somewhat foggy state of mind. Suddenly he hears a distant and very silent cry:""Andreeeeew...""First he thinks it??s his own mind playing tricks with him or maybe somehow just the wind but then he hears it again..:""Andreeeew...""It sure sounds like.... could it be?.... is this?... Is this my lord, master and savior, Jesus Christ, calling my name from the cross with his maybe last breaths!? 
Still not convinced he starts moving towards Golgatha and few moments later he hears it again, this time slightly louder:""Andreeeewwwww....""By now Andrew is convinced and with no more hesitation and disbeliefs he starts running as fast as he can towards his lord. As in a panic state Andrew stumbles several times in his flip flops, falls to the ground, gets up again paying no attention to his bruises. He collide with several pedestrians and animals but he does not stop for anything.
As Andrew gets closer and closer to Golgatha the cry gets louder and louder:""Andreeeeeeeewwwwwww!""After what felt like a marathon in distance and time Andrew finally reach the top of Golgatha and throws himself in the dust by Jesus??s cross. After a few moments catching his breath he looks up at Jesus and yells:""MY LORD, MY SAVIOR! I am here!"" Still breathing heavily Andrew just need an extra moment before he continues.
""Please tell me why you summoned me in this moment of pain and agony? I will do anything you demand of me, tell me what to do and I will do you bitting!""
With tears in his eyes Andrew, still on his knees and hands folded, keeps looking at Jesus waiting for his bitting. ""ANDREEEEEEEWWWWWW!!.... I can see your house from here."" Edit: English is not my 1st language.. "
,"A cat looks at its human and thinks ""this person feeds me, I must be God"""
,It was my mum. She has a gambling problem. 
,Frog the Bounty Hunter
,At tooth-hurty
,Because yo daddy tells them all.
,He thought it could be a really good idea
,"You go on a head, I???ll ketchup later."
,Trouble
,I got busted for Money Laundering
,There would've been a fallout.
,"Husband: ""I thought she was in a coma and critical condition.""Dr: ""She is, the nurses are using her as a beanbag."""
,You'll have to pick one or the other.
,I guess they don't like it when random people knock on their door
,But then I remembered he was Pennywise 
,"when he asked, ???Have you ever modeled???ùMy cheeks instantly turned red. ???No, I haven???t,??ù I said. ???But I always thought ?????ùThe photographer interrupted me: ???I meant him.??ù"
,Until you have to surrender to the German Club.
,Tennis shoes
,He worked it out with a pencil. 
,He said he needed to C:
,"One man in the crowd then yelled ""Yes, but is it the Catholic god you don't believe in or the Protestant one?"""
,I am LIVID.
,Five turdy
,"Me: To get the mass of each Can of chicken I used a digital scaleTeacher: Why did you use that method to obtain your data as 
opposed to the other methods?Me: Because the cans refused to answer the questionnaires honestly "
,It's a movie about a karate champ that slowly becomes more and more of a oudsy until he finally moved back to Jersey.
,Because they're homogeneous
,"A man goes to the movie theatre with his duck.   The ticket agent looks at the man and then at the duck, which is on a leash.  The ticket agent states that the duck is not permitted in the theatre.  The man explains that the duck is his service pet.   However, because he didn???t have his service pet certification on him, the duck wasn???t allowed in.  The man then goes to the side of the theatre and stuffs the duck down the front of his pants.  With no duck to be seen, the ticket agent allows the man in.  The theatre was packed and the man ends up sitting next to two old ladies.About twenty minutes into the movie the duck was getting uncomfortable and hot so the man unzips his pants to let the duck breath.   The duck sticks out his head and starts looking around.  One old lady nudges the other lady and exclaims, ???Hey, this guy next to me just unzipped his pants.??ù  The lady furthest away says, ???Once you???ve seen one, you???ve seen them all??ù.  The other lady replies, ???Yes, that???s what I thought, but this one???s eating my popcorn??ù."
,"""That's haram, bae."""
,"Left-handed people do not like that the word 'left' is so often associated with negative things: Two left feet, left-handed compliments, 'What are we having for dinner?' 'Leftovers.'  You go to a party, there???s nobody there. 'Where did everyone go?' 'They left.'"
,When my wife says i love you
,Because Joe told him that he needed something big for his girlfriend if he wanted to attractor 
,"I found out girls also get annoyed if they pay for something with a bunch of $10 bills and you say, ""Hey, when did you become a hooker?"""
,Breathe damnit! BREATHE!!
,???BODY ONCE TOLD ME???
,because of trick questions!
,"The Black man is waiting for the light to turn green, the Jew is waiting for the prices to drop and the Russian is waiting for his wife."
,"A truck driver calls emergency:
""I think I just hit a cow!""
A woman on the phone answers:
""Calm down. It is unfortunate, but it isn??t anything terrible. Are you OK?""
""Yes, yes, I am but what am I supposed to do with her?""
""Where did this happen?""
""On one small road . It goes around a village called Towncity.""
""OK. Can you move the cow?""
""Yeah she is pretty small.""
""Good, now try to move her to the side of the road. We will have somebody pick her up.""
""Thank you. Oh and what am I supposed to do with her motorcycle?"""
,"grave robber: oh no i dug up the wrong graveme, rising from my coffin: you should have said you made a grave mistake"
,When you're finished riding one of them you have to deal with fussy parts!
,Greece. ????I'll see myself out. 
,When it's ajar
,Is fansub the opposite of fandom? 
,There was no alt on the right. 
,It was bound to happen.
,Because the Celery was stalking her.
,Karmageddon.
,it was graphic
,Apparently the school folded.
,"I took out my wallet, extracted $10, and asked ""if I give you this money, will you buy some beer with it instead of dinner?""""No, I had to stop drinking years ago,"" the homeless man replied.""Will you use it to go fishing instead of buying food?"" I asked. ""No, I don't waste time fishing,"" the homeless man said.. ""I need to spend all my time trying to stay alive.""""Will you spend this on hunting equipment?"" I asked.""Are you NUTS!"" Replied the homeless man. ""I haven't gone hunting in 20 years!""""Well,"" I said, ""I'm not going to give you money. Instead I'm going to take you home for a shower and a terrific dinner cooked by my wife.""The homeless man was astounded. ""Won't your wife be furious with you for doing that?""I replied, ""Don't worry about that. It's important for her to see what a man looks like after he has given up drinking, fishing, and hunting."""
,A Meat & Beat. 
,"I'll try gynecology , i hear they have alot of openings"
,
,Tony. (Toe-knee).
,"Thats because if I type it in wrong, my computer will remind me, ""Your password is incorrect."""
,"Because during the national anthem, he also Neil Degrasse."
,"Even my local cafe is selling a Bi, Lesbian and Transgender sandwich. "
,"""Lather. Rinse. Repeat."""
,Tell them the truth. 
,Talk about good 
,"are walking down the street.The masochist says, ""kick me in the nuts as hard as you can.""The sadist says, ""no."""
,Just Putin on his sunglasses!
,Because it was the only name awhaleable. 
,...but three lefts do.
,A damn good scientist
,Because their boots fit inside the chain links when jumping fences. 
,Each new president makes the old one look like a saint.
,Checkmate
,An Instagram.
,It???s still just all the same feces getting the same wipes. 
,"The only thing that kept me going was another soldier being held captive with me. His name was Larry, and he was in bad shape when they put me in, but together we made the best of the situation. We shared a latrine, what meager meals we got, stories from back home, jokes ... together, we survived.Even years later, I always find myself thinking how shitty it would have been had one of us kicked the bucket."
,Darfur
,...But I couldn't find it cause it was hiding under the floor boards 
,It's fucking frozen
,They always throw their hands in. 
,A faguette
,"Big mistake, they won't shut the fuck up."
,Making it to the right hole.
,"a nearly broke zoo had trouble maintaining and caring for the gorillas, so they had to sell them to a different zoo.to keep the exhibit open, they dressed up a staff member in a gorilla suit.for the next week, the fake gorilla was placed in the cage and paid to act real, and he loved it!everyone loved him, thinking he was a real gorilla, but one day he went too far, climbed up the side of his enclosure (electric fence didn't hurt him through the suit) and accidentally fell into the lion pit!""help me!"" ""I'm gonna die!"" the fake gorilla screamed.the lion roared, ran over to the gorilla, and growled in his face:""shut up or we'll both get fired!"""
,30 seconds aren't long enough to explain the benefits of functional programming in Haskell.
,Professional courtesy
,"A wolf had been coming to the meadow at night, and had killed and eaten a rabbit every night for the past week. They decided to put a watchrabbit on watch. When the wolf came, the watchrabbit would shout ""wolf"", and they would all hide. Naturally, they chose Roger, who the best eyesight.Unfortunately, Roger had a stutter. That night, the wolf came, and Roger shouted ""w... w... w... w... w... w... "" and by the time he managed to say ""wolf"", the wolf had already killed and taken a rabbit. They held another town meeting, and decided that when they heard Roger say ""w... w... w... w... w... w... "" they would run and hide.That night, the wolf came, Roger shouted ""w... w... w... w... w... w... "" and the rabbits ran and hid. This happened for a few more nights and the wolf gave up and went hunting elsewhere. The rabbits were very happy and held a big celebration, and awarded Roger  a medal. Roger said, ""hip hip"", and everyone replied ""HOORAY!""
""hip hip""
""HOORAY!""
""hip hip""
""HOORAY!""
And a hippo came and ate them all."
,Funnily enough
,"Me: Well, technically if a tree falls on your car, it  covered.... by a tree"
,"A beautiful woman loves to garden, but can't seem to get her tomatoes to turn red. She asks her neighbor, ""What do you do to get your tomatoes red?""He replies, ""Twice a day I stand in front of my tomato garden and expose myself. My tomatoes turn red from blushing so much.""The woman decides to do the same thing. So twice a day for two weeks she exposes herself to the garden. Her neighbor asks, ""How did it go? Did you tomatoes turn red?""""No,"" she replies, ""but my cucumbers are enormous."""
,Everybody loves me  Im Raymond
,"Name: WomanNature: Non-MetalSymbol: WmAtomic mass: Light when first found... tends to get heavier over the years with time.Boils at any timeCan freeze at any timeMelts if treated with loveVery Bitter if MishandledVery ReactiveHighly UnstablePossesses Strong Affinity towards Gold, Silver, Diamond, Platinum, Credit cards, Debit cards & Cheque booksMoney Reducing AgentMostly found in front of the Mirror.It's highly  flammable when mixed with in-laws.It has mixed properties when seated with parents. Woe unto you if she sees you with any element similar to herself!"
,"When Adam roamed the garden of Eden, he saw how happy all the pairs of animals were, and he craved a partner. He prayed all day and all night, and in the end god answered his pleads and replied.""Adam, what are you praying for?""""Oh almighty god! I have seen the bliss of the animals of the land and wish for a partner! I want her to be beautiful like no other, smarter almost as you, loving, caring and passionate. She should be delicate and graceful like a swan, yet swift and nimble like a fox.""""You know Adam, that's gonna cost you an arm and a leg""Adam pauses a moment to think before replying,""What can I get for a rib?"""
,"All the bats are in a tree, there's also an elder bat judging it. The quest: all participants must take as much blood as possible in the farm.  Then, the first bat go in. Everyone wait for him, and after 2 minutes he arrives, and pour 5ml of blood in a cup. And then, the judge asks:Next participant. He flew away. 5 minutes after, he comes with 10ml of blood. The judge then ask:And then, the last participant flew to his adventure. He took some time, 10 minutes. The judge is confused, but then the 3rd participant arrives.  35ml of blood had been poured from his small mouth.Judge: Oh, jeez. That's impressive. How did you get that much blood? I must ask.  N.3: Can you see that fence? (yes) That dog? (yep) That cow? (of course) Now, can you see that big concrete wall? (oh, yep) Well, I haven't seen it."
,What happens next will shock you.
,"""My mate came off his motorbike today,"" he said.""Oh really?"" I asked.""Yes,"" he replied. ""He has slight brain damage, two broken arms and is completely blind in one eye.""""Blimey,"" I said. ""No wonder he came off it then."""
,"Two atheists were lost in a desert. They had run out of supplies and were wandering aimlessly.One morning, they encountered a Muslim. The Muslim asked, ""What are your names?""The first, figuring the Muslim would be more likely to help a fellow Muslim, lied and said, ""My name is Mohammed.""The second stayed honest and said, ""My name is Dave.""The Muslim gave Dave a hearty breakfast. He turned to ""Mohammed"" and said, ""Fasting is so hard, isn't it?"""
,It???s awesome
,"An insurance agent called ???our medical office. One of our ???doctors had filled out a medically necessary leave-of-absence form ???for a patient, but, the agent said, the ???patient had altered it. The giveaway? ???The return-to-work date had been changed to February 30."
,Not a single day goes by without them asking for change!
,Except a revolving door they don't open or close. 
,???Artificial Intelligence??ù is exactly what we have had running government for the past 20 or so years.What a disaster!
,"...they meet at the club get to the first tee. St Peter sets down his ball and swings. Its a good shot, and he lands the ball  short of the green.""Your turn."" He says to Jesus. Jesus carefully sets down his ball. He takes a good long look down the fairway, gets into position, wiggles his hips, and swings. The ball flies straight up into the air, hits a plane, comes straight back down, bounces off the tee, across to the lake, off a frog's head, off a lily pad, and back onto the fairway. The ball rolls at lightning speed up towards the green, across the green, and then immediately stops 1 inch from the hole. Then a gust of wind blows it into the hole.St Peter turns to Jesus and says, ""Look are you gonna play golf or are you just gonna fuck around?"""
,Cuz if you eat a falafel ur gonna fly awful
,It totally came out of right field. 
,A cap-sicum!
,One.
,"One???s illumination, one???s a mule a nation."
,You call it fat and pale
,Mourning wood!
,Society
,Pop!
,Lethargy.
,Swallow.
,Answer - The second biscuit deployed on a rescue mission drowns too 
,Porn would be disgusting
,"The librarian rolls his eyes and says, exasperated, ""This is a library, ma'am.""
So the blonde leans in and whispers, ""Sorry. I'll have a burger, fries, and a milkshake."""
,"And then asks the pharmacist if he sells some viagra pills. The pharmacist replies, ""Yes we do, but right now we've only got 100mg pills, so when you take it I want you to break it in two"". The old man then says ""To break in two what, my wife?""."
,Half a kitten. 
,With a lisp
,Because he was a not-see
,"The butcher replied, ""No, black Betty! Ham or lamb."""
,"A farmer was selling his peaches door to door. He knocked on a door and a shapely 30-something woman dressed in a very sheer negligee answered the door. He raised his basket to show her the peaches and asked, ""Would you like to buy some peaches?""
She pulled the top of the negligee to one side and asked, ""Are they as firm as this?""
He nodded his head and said, ""Yes ma'am,"" and a little tear ran from his eye.
Then she pulled the other side of her negligee off asking, ""Are they nice and pink like this?"" 
The farmer said, ""Yes,"" and another tear came from the other eye.
Then she unbuttoned the bottom of her negligee and asked, ""Are they as fuzzy as this?""
He again said, ""Yes,"" and broke down crying.
She asked , ""Why on earth are you crying?""
Drying his eyes he replied, ""The drought got my corn, the flood got my soy beans, a tornado leveled my barn, and now I think I'm gonna get screwed out of my peaches."""
,Because every time he touched a vagina it healed.
,A biologist gives birth to a set of twins. She names one Jessica and the other Control.
,...because there???s a luxury tax and rich people can go to jail.
,Red paint
,He could not see that well.
,Depresso's
,Pride unprejudiced.
,Kurt and Rod
,"An employee had 3 folders in his OutlookPriority, ToDo & LAW. Someone asked him, ""What is this LAW for?""Employee replied   : Let the Asshole Wait! "
,Necrophilia.
,Not brains!
,"I hope i'm not breaking any rules.
There is this joke that I can't remember and can't find, were 4 people are in a broken car. They are all engineers in something: I remember one of them being a Computer Engineer and his solution is that all 4 get out of the car and re-enter the car to fix it.
Every  one had a solution according with his speciality.
Anyway, I hope someone can help me. It was a funny joke..."
,Carr insurance.
,"Texans ride horses, Rednecks ride their cousins"
,The first man says ???I bet you two I can jump off a building and land without a scratch on me!??ùThe second man says ???You???re on!??ùThe three men leave the bar and climb to the top of a tall building. The first man says ???watch this!??ù And jumps off the building.A few minutes later he comes right back to the top and says ???I told you so??ù. The second man can???t believe it and so asks the first man to demonstrate again. So he does with the same result.The second man says ???okay my turn!??ù and jumps off the building.The third man turns to the first and says ???Superman you???re an ass when you get drunk??ù
,The unvaccinated die before they get the chance
,He insists he can stop whenever he wants. 
,"I mean there's only so many ways to ask, ""Do you want fries with that?"""
,What if I told you you could travel the world and go on a once-in-a-lifetime vacation? What if I told you you could meet your favorite celebrity? What if I told you you could life every day like it was your last? What if I told you you would never have to use shampoo or conditioner ever again?You would want cancer too.
,Amputree
,Sanchez
,The weirdo cooked itself. 
,This police are still combing the area.
,...but my company has a policy against race jokes
,It would be a real pain in the ass. Literally!
,"???are all flying on the same plane. Suddenly, there are huge problems and the captain let them know that ???the plane is going to crash. Unfortunately, there are only 3 parachutes available. Please agree among each other on whom is going to take the parachutes??ù.Brad Pitt stands up and says: ???Guys I am sorry. I have to take one. My kids need me, my fans need me and I am too good looking anyway to die??ù and jumps off the plane.Donald Trump stands up, takes the second parachute and says: ???Sorry guys, but I am going to be the best president in history of the United States of America. My people need me. America needs me??ù and jumps of the plane.The older gentleman smiles gently, pats the kid on the shoulder and says: ???Listen son. Take the last parachute. I??ve lived my life, you have yours entirely ahead of you. Its ok.??ùThe boy just shrugs and says: ???Don??t worry. The best president in history only took my school bag.??ù"
,He says "on average I'm perfectly fine".
,NEVER. stop with the silly silly bullshit
,"A guy went to the bar with a lie detector, sat down and asked people to try it.A group of friends went to him and tried. The first friend said, i think i can finish 30 beers. *Buzzsound
It was a lie.  He said well lets say 20 beers then.. *Buzzsound. At last he said okay.. Its can finish 10.The second friend came up and tried too. He said i think i can finish 20 beers. He was speaking the truth.A blonde joined them and wanted to try as well. She said I think
*Buzzsound"
,...because it was too much toupee.
,It came completely out of the purple.
,it gets boiled
,It runs in the family 
,I kept throwing out the w's
,Dad: Cause it's the future son
,So I wasn???t surprised when I heard he got shot by the cops. 
,is a furnace
,"They left in the early morning hours and each went home. The next day, they all met for an early pint and compared notes about who was drunker the night before.The first guy claims that he was the drunkest, saying, ""I drove straight home and walked into the house. As soon as I got through the door, I blew chunks.""The second guy said, ""You think that was drunk? Hell, I got into my car and wrapped it around the first tree I saw. And I don't even have insurance!""The third guy proclaimed, ""Damn, I was the drunkest by far. When I got home, I got into a big fight with my wife, knocked a candle over, and burned the whole house down!""The room was silent for a moment.Then, the first guy spoke out again, ""Listen, guys, I don't think you understand...Chunks is my dog."""
,That???s a big ask. 
,You don't understand computers.
,"A dumb college blonde stormed up to the front desk of the library and said, ""I have a complaint!"" ""Yes, ma'am?"" ""I borrowed a book last week and it was horrible!"" ""What was wrong with it?"" asked the librarian. ""It had way too many characters and there was no plot whatsoever!"" The librarian nodded and said, ""Ahh! You must be the person who took our phone book."" "
,Mourning wood
,And picked me up. He yelled "TRUE" in my ear and walked away. Then in the middle of the hall he kept shouting to me "FALSE". Finally he walked up to me when I was with my crush and said "true true true true false false". That's when I snapped."Stop boolean me!!"
,"It's like butt sex, but butter."""
,turns around and then realizes that the store is closed and leaves
,I never saw the signs.
,A very funny one
,It's called the iAye. 
,Now she's working at IHOP.
,Thanks for nothing!
,"Saw this on Spotted Portsmouth:Why females should avoid a girls night out after they are married...The other night I was invited out for a night with the 'girls.'
I told my husband that I would be home by midnight, 'I promise!' 
Well, the hours passed and the margaritas went down way too easily.
Around 3 a.m., a bit loaded, I headed for home.Just as I got in the door, the cuckoo clock in the hallway started up and cuckooed 3 times. Quickly, realizing my husband would probably wake up, I cuckooed another 9 times. I was really proud of myself for coming up with such a quick-witted solution, in order to escape a possible conflict with him. (Even when totally smashed.... 3 cuckoos plus 9 cuckoos totals = 12 cuckoos MIDNIGHT!) The next morning my husband asked me what time I got in, I told him 'MIDNIGHT'... he didn't seem pissed off in the least. Whew, I got away with that one!    Then he said  'We need a new cuckoo clock.'When I asked him why, he said, 'Well, last night our clock cuckooed three times, then said 'oh sh1t.' Cuckooed 4 more times, cleared its throat, cuckooed another three times, giggled, cuckooed twice more, and then tripped over the coffee table and farted."
,I can't put it down.
,But I got fired because too many of my passengers fell off the wagon. 
,"My local theatre group are putting on a gritty drama about the shortage of publications in an Essex town's library.
It's called Book Lack in Ongar"
,Boxing
,He'll interrupt your story about crossfit.
,He heard the snowblower was coming!
,
,but she was just pulling my leg
,"There was an elderly couple considering living together, rather than getting married. The woman was concerned about sharing the same bed. She asked her friend, ""Well, what about sex?"" The man replied, ""Infrequently."" The woman thought for a moment, then asked, ""Is that one word or two?"""
,beef strokinoff
,"So the duck takes his car to his mechanic. The mechanic tells the duck it's going to be a little while until he can diagnose the problem. The duck decides to walk around to kill some time, it's a hot summer day and the penguin is trying to cool down so he stops at an ice cream stand. The duck orders himself a vanilla ice cream cone and walks around some more while eating it. The duck is having a hard time eating the ice cream cone with his flippers so it's melting all over his face and chest. After finishing his ice cream he decides to walk back and see what is wrong with his car. He walks into the shop and the mechanic tells him you blew a seal and the penguin looks down and says no it's just ice cream."
,A namesis.
,My lungs.
,then Palm Sunday is for the single.
,A rektangle
,He went to Jared. 
,It'll be called NiCab.
,Half an hour of begging...!
,they get toad
,I mean dyslexia 
,"Two buddies are having lunch one day discussing women, one of the guys says"
,A newcumer
,"They always say things like ""Stop it!"" and ""Get out of here, this is the Women's Room!!""."
,"One is a loose woman, the other is the legal action that follows."
,"If you order German to sing, he will sing.If you order French to sing, he will ask for music, if you play him some music he will sing.If you order Czech to sing, he will ask ""Why?"".This is an old Czech saying about nature of these three nations."
,He's just getting a jump on his Presidential Campaign. Newton '20
,Upon arrival the Devil tells Trump he can choose one of three punishments set before him.  Trump agrees.So the Devil and Trump go to see Nixon swimming endless laps in a pool.  Satan asks Trump if this will suit him.  Trump says no I can't swim forever.So they continue on.  The second former President they see is Bush breaking rocks with a sledgehammer for all of eternity.  Trump again says no because he has bad shoulders.  So they continue on.Finally they reach Clinton getting his dick sucked by Monica Lewinsky.  Trump tells the Devil that he can surely do this task for all eternity.  The Devil asks Trump if he really wants to do this forever?  Trump answers yes.So the Devil tells Monica that she is free to go.
,"""Are you kidding? Really?"" I shouted.
""Yup, get ready,"" he said. ""They'll be picking you up in about an hour."""
,Got any spare-mint?
,"Priest - Don't drink too much liquor. You will go to Hell. 
Alcoholic - Is it? What about the guy who sells the liquor?
Priest - He will also go to Hell. 
Alcoholic - Ok, what about the guy who sells pork tacos in the food truck outside the Liquor Store? 
Priest - He too will go to Hell. 
Alcoholic - In that case, I have no problem going to Hell."
,"A cell phone on a bench in the locker room of a gym rang and the man next to it put it on speaker, so everybody could hear. Everybody immediately stopped talking to listen in on the conversation.WOMAN - ""Hello?""MAN - ""Hello.""WOMAN - ""Hi, honey, are you at the club?""MAN - ""Yes.""WOMAN - ""I've been shopping around and found a beautiful leather coat, and it only costs $2000. Can I get it?""MAN - ""If you really like it, sure.""WOMAN - ""I also stopped by the car dealership, and there's a new model that I really like.""MAN - ""How much is it?""WOMAN - ""$90,000""MAN - ""Sure, get it, but for that price, I want all options.""WOMAN - ""Great, and one last thing.""MAN - ""What is it?""WOMAN - ""I was talking to Sarah a couple hours ago, and the house I really wanted to get two years ago is back on the market now.""MAN - ""How much is it?""WOMAN - ""It's $980,000.""MAN - ""Alright, offer $900,000. They'll probably take it. If not, another $80,000 is worth it if you really like it.""WOMAN - ""Okay, I'll see you later! I love you so much!""MAN - ""Bye, I love you too."" The man then hung up. The other men in the locker room were looking at him with surprised faces. The man looked at them and said ""Anybody know whose phone this is?""EDIT: Formatting"
,Denial
,Konnichihuahua 
,144 squared.
,They police said ???It was a no-brainer.??ù
,Too many thank you notes to write.
,And at least once with your wife!
,Someone who stays awake at night wondering if a dog exists.
,Angle hair pasta and prime rib.  
,Circling Uranus looking for Klingons.
,He wanted to go to highschool.
,He only likes compact discs!
,???Have you seen the new Blade Runner movie yet? I was gonna get tickets this weekend??ù???Yeah I???ve already seen it??ù???What is it about??ù???About two hours??ù 
,Womb temperature.
,Dam
,So I couldn't join because I didn't have the balls. 
,A bee-itch
,Schucks!
,they never seem to get the press they deserve.
,"Dr: But from now on, you'd have to feed your husband and be with him everyday. Because of the severity of his wounds from the accident, we had to cut off his arms and legs.Wife: Oh my God what happened?!Dr: Haha, got ya! Im just kidding, you dont have to do those things, he's dead."
,A dead beet dadHope you liked my OC joke
,Chewbacca's son enters his first hockey season this year. With his impressive skating abilities and the number of goals he scored...Its no wonder he won the wookie of the year award.Sorry.
,A Sexton.
,"Bad news, they didn't let me try any."
,except the one you want.
,A man asks God...
,If you cut off it's legs it can't
,Awomen
,you'll divide me. 
,They both love milking.
,"If everything works fine: ""What the hell are we paying you for?""
If something breaks: ""What the hell are we paying you for?"""
,Because a ruler that isn't straight?!
,Adderall
,"What I  to say was ""Mom, would you pass me the hot cross buns?""But instead, what came out was ""You bitch, you ruined my life!"""
,but some of the other voices in my head might.
,I was betting on black
,"What do you call a cow with no legs?Ground Beef.What is a cow's favorite condiment?Mooo-stard.How does a ghost cow scare people?He sneaks up behind them and goes, ""Moo!"""
,You must be new here.
,He loves them.
,"An old man goes to the golf course to play a round but needs someone else to help watch his ball. He sees another elderly gentlemen on the putting green. He walks over to him and says "" Hey, are you looking to play a round? I could use someone to watch my ball because I can't see very well.""The man on the putting green says "" Sure, the names Bob, I'll play with you. What's your name?""""The names Jim.""So they head to the tee box to take the first shot. Jim hits his shot and it tails off to the right. Bob tees off and they hop in the cart and start driving.So after driving for a little bit Jim says "" alright Bob, did you see where my ball went?"" Bob says "" yeah, I saw it""As Bob remains silent for a minute, Jim finally says"" so where did it go?"" Bob says "" I'm not sure, I should of told you my sight is good, but my memory ain't worth a damn!"""
,A submarine.
,Dress up as my professors. They never cover anything important.
,Is it legal for them to garnish his wages?
,"A wealthy man had a little boy. For some reason, his first words were ""ping pong ball"". When the boy was old enough to speak, and understand birthdays and gifts and such (about three years old), he asked the boy ""So son, what would you like for your birthday this year?"" The boy said, ""Daddy, I would like a pink ping pong ball."" Father said ""That's it? No trucks, no trains no puzzles?"" The boy said ""No, just a pink ping pong ball.So the father gets him the pink ping pong ball and wraps it up. The boy is absolutely delighted. He takes the pink ping pong ball to his room, and the pink ping pong ball is never seen again.A day before his 15th birthday, asked by his father, `Well my son, what would you like for your birthday?' The son hesitated a moment and his father's thoughts leapt ahead to a new computer and similar things. However, his son had had a new computer only recently and could have a new one any time he wished. Finally, the son said, `Father, I have everything a boy could wish for, but there is one thing I would really like. I would love to have five pink ping pong balls.The father was rather astonished at this wish, but said, `If it is pink ping pong balls that you want, a pink ping pong balls you shall have. And so, the next day, the son was given as his birthday presents five pink ping pong balls. The boy took the pink ping pong balls to his room and the next morning the pink ping pong balls were gone. The father was mildly surprised but decided not to say anything. The pink ping pong balls, however, was never seen again. The next year, a day before his 16th birthday, the father asked his son what he would like for his birthday. I have everything a boy could possibly wish for, but there is one thing I would really, really like. I would love to have a ten pack of pink ping pong balls.' The father was more surprised than the year before, but kept his curiosity at bay, for he knew that his son had a right for privacy. He said therefore, `If it is a ten pack of pink ping pong balls that you want, a ten pack of pink ping pong balls you shall have.' And so, the next day, the son was given as his birthday present a ten pack of pink ping pong balls. The boy took the ten pack of pink ping pong balls to his room and the next morning, not a single ping pong ball remained, merely the empty husk of the ten pack. The father wondered where ten pink ping pong balls might disappear to, but decided not to say anything. The pink ping pong balls, however, were never seen again. The next year, a day before his 17th birthday, the son was asked by his father what he would like for his birthday. I have everything a boy could wish for, but one thing would make my happiness complete. I would dearly want a carton of pink ping pong balls.' The father was beyond surprise, but decided to make sure he had not misheard. `A carton of pink ping pong balls?' `A carton of pink ping pong balls,' the boy confirmed. but if it is a carton of pink ping pong balls that you want, it is a carton of pink ping pong balls that you shall have.' And so, the next day, the boy was given as his birthday present a carton of pink ping pong balls. The boy was delighted and took the carton to his room. The next day, miraculously (as if by magic, even) the pink ping pong balls had all disappeared. I must ask now, what do you do with all those pink ping pong balls?' The son, however, was reluctant to tell him. `Please humor me, dear father.' The carton of pink ping pong balls, however, was never seen again. The next year, it was clear that the son would get a car, but the father felt that, perhaps, his son also had some other wish apart from the obvious. So, one day before the son's 18th birthday, the father asked him whether he had a special wish for his birthday. I have everything a young man could possibly want, but there is one craving in me. I would, more than anything, want a warehouse full of pink ping pong balls.' One of these years, his father thought, I should get to the bottom of this. However, he decided to humor his son's wish. At least he had been wise enough to buy shares in a pink ping pong ball factory. The next day, the son was given the address of a warehouse where all his new pink ping pong balls were stored. The son was delighted and decided to spend the next night in the warehouse rather than at home. The following morning, the son stepped out of the warehouse, but it seemed to be empty otherwise. The father had a closer look and indeed, apart from empty cardboard boxes, nothing was left inside the warehouse. No pink ping pong balls were left. The following year, one day before the son's 19th birthday, the father braced himself for another warehouse of pink ping pong balls. He asked his son what his deepest desire was and he had not been entirely wrong. `Father, you have made me very happy these last years and this year I ask of you a shipload of pink ping pong balls if at all possible.' It was possible, if only because the father had by now bought each and every factory of pink ping pong balls in the country. The next day, the father took his son to the harbor and showed him a huge tanker and told his son that there were millions, billions, trillions of pink ping pong balls in there. You've made me very happy yet again.' That night, the son spent on board the tanker. The next morning, not a single of the pink ping pong balls could be found, but the son was happy. A few days before his 20th birthday, however, the son had a terrible road accident and was taken to the hospital. His father visited the young man in hospital. `My dear son! Can I bring you anything to make you feel better?' Weakly, the son sat up in bed. `Father, dearest father, grant me this wish; just one ten pack of pink ping pong balls.' The father held his son's hand tightly. `Whatever you wish my son, but I have to give you one condition. Even if it may be embarrassing, I must know what you did with all those pink ping pong balls.' `Very well, father, but please indulge me first. I will tell you whatever you wish to know after you have given me the ten pink ping pong balls.' The father thought that was fair enough and the next day brought his son the ten asked for pink ping pong balls. The son smiled weakly but seemed too weak to talk. Son, I leave these pink ping pong balls with you and shall come back tomorrow to ask of you what you have done with all those pink ping pong balls.The son nodded weakly. The next day, less than surprisingly, no pink ping pong balls could be found in the son's hospital room. Now, my dearest son, apple of my eye, treasure of my life, please tell me what you did with all those pink ping pong balls, the father requested. The son nodded and the father gripped his hand tighter. `I-' the son started and sat up a bit, swallowing with a dry mouth. `I- I-' Then he died. "
,Their Macs suck
,"The only animal there was a small, scruffy looking dog.I called the zookeeper over. ""What's with the scruffy old dog? Why is that the only animal?""""It's a Shih-Tzu"""
,A bus shelter.
,"2 In front, 3 in the back and "
,You can close the door on a Jehovah???s Witness. 
,A waist of time.
,Another dick in the wall.
,Grass I lied about the wheels
,"The officer says: Alright, one more thing. Take this gun and go shoot 7 black men and a squirrel. The man replies: Why the squirrel?The officer says: I love your attitude, you got the job!"
,but then I realized it wasn't worth the whisk.
,"A young man sees an old monk lovingly planting date seeds in his garden, next to his small hut.A date palm can take almost 15-20 years before it begins to produce fruit. The young man is curious why this old monk is planting date palms. He approaches the monk, expecting a wonderful discourse on spirituality and karma, and asks him, ""Oh wise old monk, will you tell me why you are planting date palms in your garden, when you know that you will never reap its sweet fruits?""The monk replies, ""Son.... Go eat a fat dick. It's my fucking garden, and I will plant whatever the fuck I want."""
,it???s quite the titillating story
,It's FUCKING ROAR!
,Circle Jerk
,"The boy has a history of being beaten by his parents and the judge initially awarded custody to his aunt, in keeping with child custody law and regulation requiring that family unity be maintained to the highest degree possible.The boy surprised the court when he proclaimed that his aunt beat him more than his parents and he adamantly refused to live with her. When the judge then suggested that he live with his grandparents, the boy cried and said that they also beat him.
After considering the remainder of the immediate family and learning that domestic violence was apparently a way of life among them, the judge took the unprecedented step of allowing the boy to propose who should have custody of him.After two recesses to check legal references and confer with the child welfare officials, the judge granted temporary custody to the Miami Dolphins, whom the boy firmly believes are not capable of beating anyone.Edit: seriously just now saw it was posted on . Sorry about that ??_(???)_/?? "
,She wasn???t wearing her seatbelt.
,Her peas
,Joe Mama. 
,Moving letters
,Peter knew Captain Hook had lost at least one hand.
,Don't know...but their flag is a huge plus
,The goblin had a halloweenie.
,"Seriously, it so WUACK!"
,"...a doctor, a lawyer and an accountant, a Brit, a German and an American, a priest, a rabbi, two camels and a duck walk into a bar.The bartender looks at them all and says, ""What is this? Some kind of joke?"""
,They really need to get their shit together.
,"The guy says,  His friend responds,  and the first guy goes off on his trip.Fast forward a few days later and he calls his friend, trying to see how his cat and his elderly mother were. His friend says,  The first guy, obviously distraught, screams,  The second guy says, The first guy says,  His buddy responds, "
,Biggus duckus
,He fell in love with a mechanic. 
,"When asked how boys are different than girls, he stuttered:???Vas de-deferens??ù"
,"""And who are you gonna watch them play?"""
,I don't understand why the flight attendant was yelling at me...
,Where do I drop off the child and when do I get my new laptop?
,"Two guys apply for a job,  both equally suited. Boss says ""only one way to settle this. Ill pick a word in the dictionary and whomever makes the best rhyme wins."" The boss flips the book blindly and puts his finger on a random page.  ""Word is 'Timbuktu',"" he says with a smirk at the irregular choice. First up, a former banker from Chicago, unveils a quick witted poem; ""see the desert,  see the sand,  see the traveling caravan, camels walking two by two,  destination Timbuktu."" The Boss says, ""wow,  you won!, that's excellent!""But the other guy objects, ""NOOO! Sir,  you must give...um...me, a chance!"" Boss says ""ok, but it'll be hard to beat that."" Other guy, whose name is Larry Moe, from o'round' Three Waters there Mis'sippi, ponders for a minute and methodically recites,  ""um...(breathes deeply)...uh-campin',  Tim and I went, when we come upon three whores in a tent.  Well the whores being three,  and Tim and I being two, I buck'st one and Tim-buck'sted-two."" Whom do you believe received the position?"
,"In the morning Bob calls to his boss:Good morning, boss, unfortunately I'm not coming to work today. I'm really sick. I got a headache, stomach ache, and my both hands and legs hurt, so I'm not coming into work.""The Boss replies:
- You know Bob, I really need you today. When I feel like this I go to my wife, and tell her to give me sex. That makes me feel better, and I can go to work. You should try that.2 hours later Bob calls:
Boss, I followed your advise, and I feel great! I'll be at work soon. By the way, you got nice house."
,A French retreat.
,...Make me one with everything.
,It takes the y out of analysis. 
,"IT'S FUCKING RA!I haven't seen this here, so sorry if it is a repost"
,We can call it... 2's day
,"""Twenty bucks"" she whispersAfter a bit, he agrees, and they head into the nearby bushesThey go at it for about a minute until a light is shined on them by a police officer ""What's goin' on here?!"" He asks""Well, I was just screwing me sister!"" Says the manThe cop, a bit disgusted says ""oh, sorry, I didn't know""The man then goes ""Well neither did I till you shined the light on her!"""
,she had a PET scan
,At least that's what it says in her diary.
,"Trump says, ""American submarines are the best. The best, let me tell you. They can stay underwater for two weeks, okay. Two weeks. When anybody asks me who builds the best submarines, I say America. Nobody builds better submarines than us.""Putin says, ""That is good, Donald, but I'm afraid Russian submarines can stay underwater for two months at a time.""Suddenly, there is a big commotion in the water. As Trump, Putin, and Merkel turn their heads, they see a large submarine surfacing. Moments later, the hatch opens, and a man in uniforms pops out and says, ""Heil Hitler, is ze war over yet?"""
,"More specifically a cat, I can sleep for 22 hours a day."
,The hotdogs taste like shit
,Because "Daddy" would be too obvious.
,"A substitute.One of my students told me this today, and it made me chuckle."
,Can you smell carrots?
,"For example, I told my uber driver I was having a nice day today."
,It was really in tents. 
,They told me that I have so much Ctrl. 
,"Step 10
Step 9
Step 8
Step 7
Step 6
Step 5
Step 4
Step 3
Step 2
Step 1"
,Chewie and Luke-warm
,Ask them to pronounce the following word:"U-N-I-O-N-I-Z-E-D" 
,Apparently I took too many Ls.
,It was a Freudian slip.
,Tug of War
,
,...so I bought a first class plane ticket to the farthest location from my home and flew my ass as far as can be. 
,It's called "Single Prayer".
,She just locked herself away and changed overnight.  She never was the same.Never dating a Caterpillar again.
,but now i'm not so sure.
,Then I was born.
,To wash their Saladin.
,"Doctor I'm 90 years old and I just got my 25yr old girlfriend pregnant.
Well, on Saturday I killed a boar, shooting him with my finger without a shotgun and without rifle!, said the Doctor. 
It can not be, someone shot it instead and you did not see it.
And there's where I wanted to get old man."
,
,A deadbeat
,The new company will most likely be called F-Ups.
,They must've forgotten what Passover was about.
,To fit in his spaceship.
,but it would cross the border.
,"The plane's about to crash, so they try to make the plane as light as possible.The Russian man has an idea, and throws all his Vodka out the window. ""We have plenty that in country""The Pakistani opens his bag and throws out his guns, C4 etc. ""We have plenty of those in our country""The English man looks at the Pakistani, grabs him and throws him off the plane.""We have plenty of those in our country"""
,"Drinking and drinking all day and all evening. Everybody else went home, the bar was empty and he still wanted to drink. The barman was a new employee and was embarrassed to ask him to leave so she put up with him well after closing time. Finally after a few hours after closing time, the barman gathered some courage and asked the drunkard to leave.He said he will leave only if he can have a full bottle of vodka for the road, so she gave it to him.The drunkard puts the bottle of vodka in a pocket at the back of his pants and takes off. It was winter and night outside and he had a long walk ahead of him. After he walked a fair amount, he came across a patch of ice on the ground. Being drunk, when he walked over it, he tripped and fell and instantly felt wetness around his ass.Then he mumbled to himself: ""I fk...ing hope that's blood!"""
,In loving memory of all the faces that were buried there
,"""Dam"""
,"St. Peter informed them that in order to get into Heaven, they would each have to answer one question. St. Peter addressed the teacher and asked, ""What was the name of the ship that crashed into the iceberg? They just made a movie about it."" The teacher answered quickly, ""That would be the Titanic."" St. Peter let him through the gate. St. Peter turned to the garbage man and, figuring Heaven didn't REALLY need all the odors that this guy would bring with him, decided to make the question a little harder: ""How many people died on the ship?"" Fortunately for him, the trash man had just seen the movie and answered, ""about 1,500."" ""That's right! You may enter."" St. Peter then turned to the lawyer. ""Name them."""
,"The store clerk replies: sorry Sir, I'm going to have to see some paperwork for that penicillin. "
,"I was checking out some potential rental property in east TN a few years back. I went around the back of the house to the door that goes into the kitchen. When I opened it, I saw a huge black bear that had ripped off the door to the fridge and was in the process of drinking the beer. I must've startled him because he acted nonchalant and offered me a Miller Light. I left right then because it's always been my policy to not drink with bears."
,"And orders a hundred bottles of scotch.The bartender says, ""That's gonna be pretty expensive. How are you gonna pay for all that liquor?""The duck replies, ""Just put it on my tab.""A nearby bar patron cheekily says, ""Don't you mean 'put it on my bill'?""The duck says to the bartender, ""Okay, put it on his bill."""
,Cause he's an ice guy!
,"Yesterday was not a very good day. I decided to go horseback riding, something I haven't done in a long time. It turned out to be a disaster!I got on the horse and started out slowly, but then we went a little faster and  before I knew it, we were going so fast I could barely hold on to the reins. I couldn't take the pace and tried to gracefully bail, unfortunately my foot got caught in the stirrup and I got dragged by the horse through the feedlot - was choking on cow chips couldn't get the horse to stop. Before I knew it, I was flat on my face, in a lot of pain and I heard people yelling for an ambulance. Thank goodness the manager at came out and unplugged the machine. But he had the nerve to take the rest of my change so I wouldn't attempt to ride the Bull. "
,A-Mean-Oh-Acid
,I did and apparently will not be allowed on this airline again...
,Nothing about how to deal with a cut knee.
,"Everyday its, hi hoe hi hoe its of to work we go"
,They both have a semi.
,A belly button.
,A boner disowner 
,Fo' Drizzle
,You can't get gold from lead. You just get lead from Flint.
,The punchline is always a parent .
,WASWAS
,"The archaeologists could not determine its origin. Then a Soviet adviser offered his help. The mummy was delivered to the Soviet embassy. In two hours the Soviet adviser appeared and said, ""His name was Amenkhotep 23 rd.""
""How did you find out?""
""He confessed,"" the advisor said."
,Teacher Dalek - "EDUCATE! EDUCATE!"Student Dalek - "PROCRASTINATE! PROCRASTINATE!"Horny Dalek - "PROCREATE! PROCREATE!" Bored Dalek - "MASTURBATE! MASTURBATE!"Bee Dalek - "POLLINATE! POLLINATE!"In-love Dalek - "INFATUATE! INFATUATE!"Actor Dalek - "IMPERSONATE! IMPERSONATE!"Racer Dalek - "ACCELERATE! ACCELERATE!"Plant Dalek - "GERMINATE! GERMINATE!"Archaeologist Dalek - "EXCAVATE! EXCAVATE!"Cinematographer Dalek - "ILLUMINATE! ILLUMINATE!"Scared Dalek - "EVACUATE! EVACUATE!"Drunk Dalek - "INTOXICATE! INTOXICATE!"
,Because they don't want to work I the future either
,Lighter fluid
,"I'm not sure, but I said Alaska. "
,"I asked her, ""what do you want""? She said ""five guys"".I slapped the shit out of her."
,"A blonde, brunette and redhead were walking down the street when the redhead noticed a bag. Inside the bag was 3 grenades.  Brunette: ""What should we do?""
Redhead: ""We will take them to the police.""
Brunette: ""But what if one explodes?""
Blonde: ""We'll lie and say we only found 2""  Edit: spelling (cant change title tho)"
,Boxing
,Coincidentally Rick and Morty also started at around the same time
,"So that when then come into port they can... 
Scandanavian!"
,The tight end. 
,and no chat.
,Because they're really good at it.
,His cause of death was "Blunt Force Trauma"
,95 Leases
,"He opens the door and sees a snail on the porch.??He picks up the snail and throws it as far as he can.??A year later, there???s another knock at the door.??He opens it and sees the same snail.??The snail says, ???What was that all about?"""
,They gave each other the willies
,"It's okay, he's completely ."
,"The present pulls out a gun and shoots the past, and the future says, ???I totally saw that coming.??ù"
,A semi-colon
,The shovel was truly groundbreaking
,The Chargers suck
,It's never a good idea to spend diamonds on a hoe
,"This classic quote, just gave me an idea for my next porno film..."
,"He not stupid, he mow rawn!"
,I haven't seen it yet.-Dad
,Little bass turd.
,... that I can see it clearly.
,A Shaq attack 
,.
,"when the women stopped and said: Something feels weird, I don't feel sexually attracted to you.
Man: I thought you were a bisexual.
Women: Yes, I am.
M: wha..what does that mean?
W: Bi"
,"""Nevermind, now's not the ripe time!"" ????I made this myself, instead of sleeping at night."
,Because he thought he was a griller!
,"The passport lady at Australian customs asks him, ""Have you been convicted of any crimes in the past?""The Brit replies by asking, ""Is it still a requirement?"""
,Second Buddhist: "I've had better." 
,So they can grip the broom better.
,His young grand daughter was sitting on the floor beneath him eating a muffin."Watch out" said the grandad "You are going to get hair on your muffin" "Not only that" said the grand daughter "I'm going to get tits too!"
,I took a picture of her last Christmas and it's still printing.
,Bunch of necrophiles showed up. How did I know they were necrophiles?It was a dead giveaway.
,"Or a pharmacy, or maybe a shoe store."
,They can both shove their bills up their ass. 
,A hand solo
,Co worker lost a toe. Need lots of jokes. Already used up tow jokes about towing his car 
,"to know how the situation is in the country after his death. He talks for two minutes.
He hangs up the phone and  Satan tells him that the call will cost three million dollars. Putin takes out a cheque and pays.
The Queen of England, curious, wants to do the same and calls London. She talks for about five minutes and Satan asks for ten million pounds.
At that point, Trump feels the need to call his country. He calls and talks for three hours. When he finally hangs up, Satan tells him he must pay 50 cents.
Trump is astonished, having seen how much Putin and the Queen had to pay. Intrigued, he asks Satan why it is so cheap to call the US than it is to call Russia and the UK and for much longer time. 
Satan replies:  ""With the policies you have implemented and the executive actions you have signed,  you have made the US a real hell. And from hell to hell it is a local call.??ù  "
,Is that what happens to vegans when they mow the grass?
,"Constant nope, lel."
,Apparently it's not Cunilingus.....
,"I mean, I know he's black and all, but I doubt he'll shoot anyone."
,Wet.
,Because you always end up paying for it the next morning
,"Sweet, chill, and coming out my nose if I swallow wrong"
,I replied with "Because every time i fuck your wife she gives me a Mars bar."
,unless you are in prison.
,... I told the bitch to get the fuck out my couch fortress.
,Nobody expects the Spanish AcquisitionEdit: expects*
,"""Honey, give me the TV remote."""
,Everybody's saying he had loco motives.
,...moneyshot!
,"Father Bob hit his ball into the woods on his first swing, ""Damn it! That totally missed!"" he cursed.""You shouldn't curse Father Bob!"" said Father Michael ""Or god might punish you!""Father Bob apologized and they went on playing.On his next swing, Father Bob hit his ball into the sand pit. ""Damn it! That totally missed!"" he cursed again.Again, Father Michael warned, ""Do not utter such words Father Bob, lest god punishes you for it!""Father Bob apologized again and they continued playing.On his third swing, Father Bob hit his ball into the pond. ""Damn it! That totally missed!"" cursed Father Bob once again.Before Father Michael could say anything, a ominous dark cloud suddenly gathered out of the blue sky and a vicious lightning came down and stroke Father Michael, killing him instantly.Father Bob was completely stunned, before he could understand what was happening in front of him, he heard a thunderous deep voice coming from the sky - ""Damn it! That totally missed!"""
,It says you can get you can a brain transplant from a Irish man for ??¶5000  cheaper than an american.Trump says "This proves that America is the greatest country ever and Americans are the smartest people ever" "No it doesnt" says the Irishman "It just means an Americans Brain hasnt been used as much"
,If I wanted to take a spin class that was "a journey" I'd get on my fucking bike
,1.75 pints at a time.
,"One of the Chinese ministers welcomed Prince Philip. A written copy of probable welcome conversation was given to the minister. What was written there?Minister: Welcome to China. Philip: Thank you.Minister: How are you?Philip: Good. You?Minister: Me too.bla bla bla....
.When Prince Philip got down from the Plane, Mr. Minister went to him but forgot to take the copy of conversation. He started from his memory: Minister: Welcome to China. Philip: Thank you.Minister: Who are you?Philip: I'm the husband of Queen Elizabeth. Minister: Me too............................"
,What's the difference between a Greyhound terminal that hasn't been cleaned in months and a lobster with a boob job?One is a crusty bus station and the other is a busty crustacean.
,Because you can see right through them!
,it???s all about u
,It runs in your jeans.
,"that when she moves, she causes gravitational tsunamis"
,"A horse and chicken are best of friends, they play in the field all day long but after a bad storm the horse gets stuck into sinking mud and worries he is going to drown.. He cries for the chicken to help; who runs off to find the farmer. The farmer drives back with his BMW, throws a rope in for the horse to bite onto and tows him out of the mud, thankful to the chicken and the farmer. The chicken the next day falls prey to the same mud and starts sinking, crying for the horse to help him: ""go get the farmer and his BMW to save me, please!""The horse, about to gallop off, thinks to itself; wait a minute, I don't need the farmer.. He stands one leg either side of the puddle and dangles his cock down; ""here, grab that and pull yourself out..."" The chicken does as told, and safe, thanks the horse... The moral of this story is: If you're hung like a horse, you don't need a BMW to pick up chicks.  "
,Hailing taxis 
,"A commercial boasted that its product could help people live ???pain-free in their golden years.???Am I in my golden years???ù my wife, 63, asked.???Not at all,??ù I assured her. ???But you are yellowing fast.??ù"
,Cause they're dead
,Mean
,"Man: Doctor! help me please, every time I drink a cup of coffee I get this intense stinging in my eye.Doctor: I suggest you remove the spoon before drinking."
,... because of lemonaides!
,Do I look like I have 2020 vision. 
,Because it was trans-parent 
,"Just like in their life, the goal is to get the least amount of strokes before you go in the hole "
,"Loooootttts of wind. (This isn't a joke, it's a recent discovery made by NASA)"
,"Well technically I attempted to lift 350 lbs then colapsed on the ground under the bar, but I'm pretty sure it's the same thing."
,"The first sausage turns to the other,
Man, it's hot in here.The second sausages turns and says, 
Holy shit, a talking fucking sausage!"
,"Avast, ye Landlubber!"
,"All they can see for miles in every direction is a solid blanket of white snow. Off in the distance one of them spots a brown speck in the snow, so they ride over to see what it is. The first guy, Bill says to the second guy, Tom... ""What do you think that is?""To which Tom replies... ""I don't know. It looks like shit.""So Bill says to Tom, ???You should smell it.??ùTom says no, in protest, but eventually Bill convinces him to smell it.Tom tells Bill??? ???It smells like shit!??ùSo Bill tells Tom??? ???You should touch it.??ùTom starts to get upset and says he absolutely refuses to touch it.Eventually, after a convincing argument from Bill, Tom decides to touch the brown spec so they can try to figure out what it is. Tom says to Bill... ???It feels like warm wet shit.??ùSo Bill tells Tom, ???You should taste it.??ùTom gets furious and starts cursing at Bill and says there is absolutely no way in hell that he is going to taste the brown spec. Bill, being very quick with his words, finally managed to convince Tom to taste it. After licking the spec Tom rears back in disgust and starts spitting violently in an attempt to get the taste off of his tongue.Tom turns to Bill and says, with water welling in his eyes, ???That tasted like shit!??ùWell, said Bill, ???If it smells like shit, and it feels like shit, and it tasted like shit??? It must be shit.??ù???Yeah??ù said Bill??? ???It???s a good thing we didn???t step in it.??ù"
,because I ended the night deep in THOT.
,I bought powdered water and wasn't sure what to add.
,"But don't worry, I was quick to wipe it off and apologize"
,Genderfluid.
,they're calling it allahu snackbar
,"Take 1 down, pass it around, where the Pepsi at?"
,Student- In Swiss Bank
,Usually because it's Goering.
,"Upon first observation, the elephant laughs. ???What???s so funny???ù the man asks. The elephant stops and says, ???Oh, I was just wondering how you breathe through that little thing.??ù"
,I told her she is ovary acting.
,"""Sure,"" I said, ""as long as you provide your own kennel."" I further explained that the kennel needed to be large enough for the dog to stand up, sit down, turn around, and roll over.The customer was flummoxed: ""I'll never be able to teach him all of that by tomorrow!"""
,No phocoenidae!
,One of them has hope in her soul!
,It made me wonder what other Kosher things my dad gave me as a child.
,"Because the best thing that can happen when you see a female doctor is that you will meet a charming and intelligent woman who is very interested in you, and within a few minutes she's decided you are normal and average and she never wants to see you again.  "
,"Without interest in growing crops, the son sells half the land to buy an excavator.The son has the dream of striking it rich, without years of toiling as a farmer.He begins to spend all day on the remaining land with the excavator, moving dirt, and filtering its contents, looking for gold.The father, horrified at the result of the land, approaches his son, ""You were supposed to use this land to farm! What happened?""The son replies, ""It's mine now!"" and goes back to digging."
,"In a bakery:Man to the shop assistant: ???I???ll have that thing there, please.??ùShop assistant: ???Cupcake???ùMan: ???OK, Cupcake, I???ll have that thing there, please.??ù"
,Sue
,"...after a few drinks, he sees her home, she invites him in, pretty soon they are in a clinch on the sofa, things are getting hot and steamy and their clothes are starting to come off. She grins at him saucily and says ""Anything you would like?"", he thinks for a moment and then says ""I'd love a 69!"". Immediately she bursts into tears and slaps his face, yelling ""Oh, you bloody men you all the same, only think one thing......I not cooking beef and broccoli this time of night!"""
,They asked me if I had any experience in sticking my arm up a cow's vagina. I showed them a photo of my ex-girlfriend.I start tomorrow.
,The Packers suck.
,A newlywed.
,Because he was too baked!
,"because musicians use 1, 2, 3, 4 "
,"A married couple are out at a dance. There???s a guy on the dance floor break dancing, moon walking, back flips, the works. The wife says to her husband, ""See that guy? Twenty years ago he proposed to me and I turned him down."" The husband says, ""Looks like he???s still celebrating."""
,"Never mind, it's over your head! "
,That's a big step forward. 
,Don't ask Amy Schumer
,My son is actually four but he was a boring little cunt for the first three years.
,"I apologize in advance if this has been said; I didn't Google beforehand. I actually posted this to Facebook, but had to delete it after concerned texts."
,It had been lamb-inated
,Because the chickpeas
,"Wandering aimlessly and starving, They are about to lie down and accept their death when all of a sudden Luis says.........""Hey Pepe, do you smell what I smell? Ees bacon, I theenk.""""Si, Luis, eet sure smells like bacon. ""With renewed hope they struggle up the next sand dune, & there, in the distance, is a tree loaded with bacon.There's raw bacon, there's fried bacon, candied bacon, canadianed bacon, smoked bacon ... In fact there is every imaginable kind of cured pork.""Pepe, Pepe, we are saved! Issa bacon tree.""""Luis, maybe it's a mirage? We're in the desert, don't forget.""""Pepe, since when did you ever hear of a mirage that smells like bacon...its no mirage, it's a bacon tree.""And with that, Luis staggers towards the tree. He gets to about 5 meters away, Pepe crawling close behind, when suddenly a machine gun open fires on them and Luis drops like a wet sock. Luis, mortally wounded, warns Pepe with his dying breath,""Pepe... Go back man, you was right, its not a bacon tree!""""Luis, Luis mi amigo... What is it? """"Pepe.. its not a bacon tree. ItsItsItsItsIts a ham bush!"""
,"And a man sat next to me as I got off the phone with my Mother-in-law. He said, ""my Mother-in-law is such an angel"", I said, 
""You're lucky. Mine's still alive.""
He then asked why. 
""Well actually, I did miss her first, but then I reloaded, and that got her."" 
""As in a matter of a fact she wanted to dance on my grave! I said I hope she would because I plan to be buried at sea!""
 ""She always wanted to go down under. I didn't realize what that meant until it was too late, now she's six feet under!"". "
,"Solid 10, but also imaginary."
,Luke warm.
,Dr. Dre. 
,The doctor told me I'm two tents. 
,It's on paws
,Otherwise it will leave a bad taste in your mouth.
,The port was closed. 
,Morning sickness.  
,"Three guys were sitting in a biker bar. 
A man came in, already drunk, sat down at the bar and ordered a drink. 
The man looked around and saw the 3 men sitting at a corner table. 
He got up, staggered to the table, leaned over, looked the biggest one in the face and said, ""I went by your grandma's house and I saw her in the hallway, buck naked. 
Man, she is fine!"" 
The biker looked at him and didn't say a word. 
His buddies were confused,because he was a bad ass, and would fight at he drop of a hat.
The drunk leaned on the table again and said, ""I got it on with your grandma and she is good, the best I ever had!"" The biker still said nothing. 
His buddies were starting to get mad.
The drunk leaned on the table again and said, ""I'll tell you something else boy, your grandma liked it!"" 
The biker stood up, took the drunk by the shoulder and said, ""Damn it, Grandpa, you're drunk! Go home!"""
,They're always going around in circles 
,"... But that's ok, because he Apollo-gized. "
,"I tell you, I knew right then and there that it was going to be a really bad day. The driver got out of the other car, and wouldn't you know it!He was a dwarf!!  He looked up at me and said, ""I am 'Not Happy.'So I said, ""Well, then, which one are you?""And, that's how the fight started."
,They just get harder and harder 'til you die.
,turns out he was in de-Nile
,It's bang out of order.
,Because they can't even!
,I thought the Polio would have prevented that.
,iSis
,they're always up to something.
,tells me drinking coffee is bad for my baby...... How else am I supposed nurse my hangover?!?!
,They realized he was stroganoff
,the spaceBar. 
,we would have to "make America grate again"
,Because I accidentally put the wrong socks on this morning.
,It'll blow you away 
,"""At least the wedding went off without a hitch."""
,A fjordian slip
,A stockbroker who had gone crazy with his investments and lost all of his money due to some brave but naive decisions was in a board game store browsing the aisles with his friend. His friend went to see what he was doing only to see that he was eating one of the board games. They did always say that he had an appetite for Risk.
,"Two young guys appear in court after being arrested for smoking dope.The judge says, ""You seem like nice young men, and I'd like to give you a second chance instead of jail time. I want you to go out this weekend and try to convince others of the evils of drug use. I'll see you back in court Monday.On Monday, the judge asks the first guy, ""How did you do over the weekend?""""Well, your honor, I persuaded 17 people to give up drugs forever.""""Seventeen people? That's wonderful. How did you do it? """"I used a diagram, your honor. I drew two circles like this: O o.
Then I told them that the big circle is your brain before drugs and the small circle is your brain after drugs.""""That's admirable,"" says the judge.Then he turns to the second guy. ""And how did you do?""""Well, your honor, I persuaded 156 people to give up drugs forever.""""Wow!"" says the judge. ""156 people! How did you manage to do that?""""Well, I used a similar diagram,"" the guy says.""I drew two circles like this: o O.Then I pointed to the little circle and said, 'This is your asshole before prison."""
,working in the Flat Earth Society.
,"The place was hopping with music and dancing but every once in a while the lights would turn off. Each time after the lights would go out the place would erupt into cheers. However, when the revelers saw the nun, the room went dead silent. She walked up to the bartender, and asked,""May I please use the restroom?""The bartender replied, ""I really don't think you should.""""Why not? "" the nun asked.""Well, there is a statue of a naked man in there, and his most private part is covered only by a fig leaf. """"Nonsense,"" said the nun, ""I'll just look the other way.""So the bartender showed the nun the door at the top of the stairs, and she proceeded to the restroom. After a few minutes, she came back out, and the whole place was hopping with music and dancing again. However, they did stop just long enough to give the nun a loud round of applause.She went to the bartender and said, ""Sir, I don't understand. Why did they applaud for me just because I went to the restroom?""""Well, now they know you're one of us,"" said the bartender. ""Would you like a drink?""""But, I still don't understand,"" said the puzzled nun.""You see,"" laughed the bartender, ""every time the fig leaf is lifted on the statue, the lights go 
out in the whole place. Now, how about that drink, Sister?"""
,On a BOO-gie board.
,"I really only needed one, but when I went to buy it, I saw that it was a twin, and I didn't want to separate them."
,He got a boner.
,"The priest said ""What do you mean, almost?""The Irishman said ""Well, we got undressed and rubbed together, but then I stopped. The priest said. ""Rubbing together is the same as putting it in. You're not to see that woman again. For your penance, say five Hail Mary's and put $50 in the poor box"".The Irishman left the confessional, said his prayers, and then walked over to the poor box. He paused for a moment and then started to leave.The priest, who was watching quickly ran over to him saying ""I saw that, you didn't put any money in the poor box!""The Irishman replied ""Yeah, but I rubbed the $50 on the box and according to you that's the same as putting it in!"""
,"A poor farmer came to the Parliament house in New Delhi to meet with an officer. He kept his bicycle near the high walls of the building and proceeded to the entrance.The security guard came running towards him and hurriedly asked him to remove the bicycle.???This is a very prestigious place. High profile men, ministers and judges come here??ùThe farmer innocently replied, ???I know that. I have locked my cycle, nobody can take it??ù"
,He was quoted as saying "I won't stand for this" on the way out 
,"Three. 
A left ear
A right ear And a final, front ear "
,"So if you're a good driver, watch out"
,"A woman got on a bus, holding a baby.
The bus driver said, ""That's the ugliest baby I've ever seen.""In a huff, the woman slammed her fare into the fare box and took an aisle 
seat near the rear of the bus.The man seated next to her sensed that she was agitated and asked her what 
was wrong.""The bus driver insulted me,"" she fumed.The man sympathized and said, ""Why, he's a public servant and shouldn't say 
things to insult passengers.""""You're right,"" she said. ""I think I'll go back up there and give him a piece of my mind.""""That's a good idea,"" the man said. ""Here, let me hold your monkey."" "
,"His dad says ""where were you?
""I was with Jessica."" He replied.
""What were you doing?""
""We were studying.""
After picking a snack off the table the son says ""These fishcakes are lovely.""
Dad replies ""Wash your hands son; they're fucking donuts."""
,"There once was a man who really loved Tractors. He collected them, he drove them around town, he went to tractor shows, he loved anything to do with tractors. One day, at a tractor show, he got hit by a tractor and was severely injured. After months in hospital and rehab, he finally got his life back on track, but he hated tractors, he didn't want anything to do with tractors any more. One day he was walking past a burning house with people trapped inside. There was so much smoke that the fire fighters couldn't get in. So the man walked up to the house and with a huge breath, sucked all the smoke out, long enough for the fire fighters to enter and save the people. Afterwards, a fireman said to the man ""that was amazing! How did you do it?"" the man replied ""I'm an ex-tractor fan."""
,...they'd be alloys
,"""Yes,"" replies the little girl.  ""Well tell him to put a reflector light on it next year!"" and fines her $5.  The little girl looks up at the cop and says, ""Nice horse you've got there, did Santa bring you that?""  The cop chuckles and replies, ""He sure did!""  ""Well,"" says the little girl, ""Next year tell Santa that the d*ck goes under the horse, not on top of it!"""
,"So, I went with 'Snow White and the Seven Dwarfs'."
,Your grip! 
,"A man made a bet at a bar that he could touch a fur and then tell what animal it was and how it was killed. For every one he got right he would get a beer.
the bartender blindfolded him and handed him a fur.
- Elk, shot with a remmington rifle.the bartender handed him another fur.
- fox, shot with a shotgun.
it continued on like this until the bar closed and the man went home. the next day he wakes up and notices that he has a black eye. He asks his wife where he could have gotten it from.
- i got pretty drunk last night but i dont remember getting into a fight."
,So they can see the battlefield 
,"She decides honesty is the best policy, and sets three rules that applicants must meet: They must not run around on her.
They must not hit her. 
They must be good in bed.  A few days go by after she placed her ad, when the doorbell rings.  She opens the door to find an old guy sitting there in a wheel chair.  He has no arms and no legs.  The old lady asks if she can help him and he says he's there about her ad.  ""But you don't have any legs,"" she says. ""Just means I can't run around on ya,"" the old guy replies. ""But...you don't have any arms...""""Just means I won't hit ya.""The old lady nods and says, ""Okay, but are you good in bed?""The old guy just smiles. ""I rang the doorbell, didn't I?"""
,Which do they have to tell you first?
,"If they respond to threats with precise rifle shots, they're BritishIf they respond with heavy machine gun fire, they're GermanIf they retreat, they're French If they switch to your side, they're ItalianIf nothing happens for a few minutes then suddenly your camp is leveled to the ground, they're American"
,Dirty bastards
,You boil the hell out of it
,He loses.
,"I said ""No, wait! I can change!"" "
,"St. Peter is giving the guy a tour. They walk down a huge hallway filled with clocks.
What are all these clocks for the guy asked
Every person who has ever lived has a clock and every time they lie it ticks 1 second 
So where is george washingtons clocks at the guy asked. St. peter points behind them and says
It has only ever ticked 3 seconds. The guys then asked where is Abraham Lincolns clock at. St peters points in front of them and say it has never ticked a single second. The guys then asked where Donald Trumps clock at and st peters say oh, it is in jesus's office he is using it as a ceiling fan."
,"Remove the ring, and your house is gone."
,"Dad, you and Mom have been happily married for 28 years now.   How do you do it?""That's easy son, when your Mom and I first got married, we made a deal.  She would make all the little decisions, and I would make all the big decisions. "" Hey, that sounds like a good arrangement.   But how do you decide what's a big decision, and what's a little decision?""Oh, there hasn't been any big decisions yet."""
,"'Forget everything you learned in college. You won't need it working here.''But I never went to college.''Well then, I'm sorry. You are underqualified to work here.'"
,"The Prussians ask, 'What do you fight for?''For money,' the Frenchman replies. 'You see, we Prussians fight not for wealth, but for honor!'The Frenchman replies, 'So it is true that all men fight for what they lack.'"
,"I manage the first 5 minutes, start losing brain function, take too long to make the next move and suddenly the other player has left the table out of boredom"
,"Please answer quickly, I'm almost at the intersection."
,I don't know how to tell my wife.
,"Tommy asks him, ???What did you have for breakfast ten years ago today???ùThe man replies, ???eggs.??ùThink that the man was full of it, the boy walked away unimpressed. The boy grew up, got married to a lovely girl named Jane and had two little boys, Marvin and Jacob. Tommy became a successful airline pilot and made a fair amount of money on the side investing.
Jacob became a very gifted student, and excelled in his school work. 
After being accepted into med school, Tommy is so proud of his son that he offers to take him to the mall and buy him whatever he wants. As they???re walking through the mall, Tommy sees an old man with a sign claiming he could remember everything.Tommy was curious as to whether or not this claim was true, so he asked the old man, ???how???ù To which the old man replied,???Scrambled??ù"
,"By a stroke of luck, they find a magic genie lamp.  The genie grants each of them one wish. The first guy wishes to be back home. Wish granted. The second guy wishes the same. Wish granted. The third guy says, ""It feels very lonely here now, I wish my friends were with me?????ù Wish granted.???"
,"Interviewer: How much milk do these votes give?Farmer: Which one? The black one of the brown one?Interviewer: The brown one.Farmer: A couple liters a day.Interviewer: And the black one?Farmer: A couple liters a day.Interviewer (a little confused): I see. What do you give them to eat?Farmer: Which one the black one or the brown one?Interviewer: Black.Farmer: It eats grass.Interviewer: And the other one?Farmer: Grass.Interviewer (annoyed): Why do you keep asking ""which one"" when the answer is the same?!Farmer: Because the black ones mine.Interviewer: Oh, and the brown one?Farmer: it's also mine. "
,"He approaches the person at the counter and asks:-Hello sir, may I have an assault rifle, 3,000 rounds, a scope, and a box of penicillin?-Sorry sir, I can't sell you penicillin without a prescription."
,I guess that makes him a trip advisor.
,She told me "Nothing would make me happier than a diamond necklace" So I bought her nothing.
,"Because they???re really, really good at it."
,"I asked her if my referencing of dinosaurs in every sentence was ruining our relationship. 
She was silent, like the p in pterodactyl, but her silence said everything. "
,Christian Bale
,"He went up to a house and rang the doorbell.  A man answered and said, ""Well I'll be, a pirate! But where are your buccaneers?
The little boy replied, ""Under my buckin' hat."""
,It's all white now
,You can't unscrew a pregnant woman.
,"I said, ""But look how unhappy it made you."""
,Because THESE COLORS DON???T RUN
,It was a real titty-twister!
,Grains.
,...it doesn't last long for fat people. 
,He doesn't want to be spotted 
,...I make my money on tips.
,she didn't see me cuming
,Beer nuts cost $1.39 and deer nuts are under a buck.
,"Bartender:what will ya have?Cat:shot of rum.
(Bartender pours it)(Cat slowly pushes it off the bar).
Cat:another."
,It's great at tanking during pivotal moments.
,And don't even get me started on the double slit.
,Is Sphere Itself.  
,well actually he said ???less mcdonalds??ù but i???m pretty sure i know what he meantsrc: tumblr
,"He put the spider on a table and told it to jump, and it did. Then, he plucked off one of its legs and told it to jump, and it jumped again, but not as high as the first time. The scientist did this again and again, taking off another leg each time until all of its legs were gone. When the spider had no legs, he told it to jump. It just laid there, not jumping.The scientist???s conclusion: Spiders without legs are deaf."
,It was the least satisfying nut busting I've ever experienced.
,but it said my password wasn't stroganoff
,They both used their brains to paint a ceiling
,"Creative. What do you call an adult with an imaginary friend? 
Crazy.What do you call an adult with an imaginary friend who lives in the sky?
Religious. "
,It was wonton.
,"He didn't study, was rude to everyone, never listened to anyone. Dad tried various things to get him in line but nothing helped. One night when dad was meeting with his friends, he asked them for advice. He heard again the things he already tried. Then one of the guys sugested that he should send him to a catholic boarding school. Dad never heard or tried that one before, so he did it.Months pass by, dad surprisingly didn't get any notices from the school, no expell warnings of any kind. So one day he phones the school and asks principal how his son is doing. ""His grades are very good, his behaviour is excellent! You can be very proud of such child!"" says the principal, leaving the father even more confused. 
When it's time for semester break, son comes home and dad asks him:""What happened, why are you behaving this good?""Son answers: ""Dad, when I came to principal's office, there is a guy hanging on a cross behind him. On every corridor, there is a guy on a cross. In front of the school building there is a guy crucified! I tell you, they dont f**k around with people there!"""
,A lemon tree school
,His name is Sparkles and he likes belly rubs.
,Shouldn't we be calling him Ryan Goose already?
,Because it was just an acci-dent
,Except Depression 
,Then I lost interest 
,Her face a 10.
,Would be pure dishtopia
,That shit sticks with you.
,Turns out that's just what my mom called me
,It???s 90 degrees over there.
,14
,I???m calling it ???Star Wars??ù
,So the kids could play in the shadow.
,"He was such a heartwarming guy, but we couldn't remember his blood type. When we were at his hospital bed, he kept telling us to ""be positive"", but it's honestly impossible without him. "
,"I recently met a Chinese man and got to know that his name was Kannaswami.I asked him, ""How did you ever get a name like that being a Chinese?""He said -""Many, many years ago when I first went to USA, I was standing in line at the Political Asylum Immigration Counter. The man in front of me was a Sri Lankan Tamil refugee.
The white lady at the counter looked at him and asked 
""What is your name?"" He replied ""Kannaswami"".Then she looked at me and asked 
""What's your name?""I said, ""Sem Ting"""
,"She opens the door to a man who says ""Do you have a vagina?""
Outraged she slams the door.
The next day, again around noon there is a knock on the door. The same man is there and asks again ""Do you have a vagina?""
""Pervert"" she utters as she slams the door again.
Later that day she tells her hubby what has happened and he is furious. 
He calls his boss for a day off the following day and says to his wife ""Tomorrow I'll stay home and if this guy knocks again I'll hide behind the door and you say 'yes' because I want to see where he's going with this.""
Sure enough the next day the guy is back knocking the door. The woman opens the door and the man asks ""Do you have a vagina?""
The woman says"" Yes, why?""
He says ""Well can you ask your husband to use it and leave my wifes alone!"" "
,Give it more attention.
,She hit the roof.
,Old Guy in the gym with a personal trainer: What machine do I use to get the hot girls?Trainer: The ATM in the lobby!
,To avoid chapped lips.
,He was charged with aggravated textual assault.
,He got the sack.
,"To buy a pet to make up for her husband ignoring her for sports. Shopkeep suggests a parrot named Crunchy.She asked ""Why Crunchy?""He says because Crunchy has a special ability. He puts Crunchy in his cage on the counter and opens the cage and says ""Crunchy, the cage"".I'm seconds Crunchy has completely destroyed the cage. The woman is ecstatic and throws all her money on the counter and leaves with Crunchy. She gets home and she thinks, first thing my husband will do when he gets back turn on the game. She takes Crunchy to the living room and says ""Crunchy, the TV"". And Crunchy destroys the TV. Next she thinks. He's going to listen to the game on the radio! ""Crunchy, the radio!"" And boom! The radio is gone. Last she knows that he's going to go online to get the scores. ""Crunchy, the computer!"" And no more computer.That night her husband comes home to watch the game. He sees the TV and screams ""what the hell? What happened to the tube?"" Wife says ""Crunchy did it.""He goes to turn on the radio and sees it in pieces and screams ""what the hell! What happened to the radio?
Wife says ""Crunchy did it!""Last he goes to his computers and sees it blown apart. ""What the hell? What happened to the computer?"" Wife ""Crunchy did it!""Husband ""Yeah well, Crunchy my ass"""
,"The Lord told John to come forth and he shall have eternal life, but he came in fifth and got a toaster."
,my old testament is ruthless
,Hip hop.
,To play a scene where a character is drunk it's method actingSo I'm sure breaking bad must have had plenty of meth head acting
,"His journey started after learning everything he could from his master, but he wanted to test his skills with one of the three knights. A long journey took him across plains, he had to climb dangerous mountains, sail across perilous seas, and even fly over a river of lava, flowing from a volcano that hasn't died in years and years.
Suddenly, he spots rainfall coming from one spot, coming from infinity, but curving as it nears the land. The man treks through a jungle to find that the rainfall passes into a cave, and slides down a hole at the edge of the entrance. He throws a rock down the pit, but hears nothing but the rush of water.
""Who goes there!"", a weary voice goes.
""A man looking for a knight with extraordinary powers, they say three brothers were knighted by the King of this land as the Trinity of Trigonometry, and I thought I'd be able to find someone here...""
An old man was wearing a toga which extended from his right arm down to his left leg (with an exposed left arm and right leg) shuffled from the darkness, his now white, scraggly beard covering most of his face, his eyes filled with the intelligence of one who has seen much, but is tired of living.
""So you've come to find a knight? Well, you've found a man who was one, once. I am the middle brother, the eldest being Sindbad, and the youngest being Cosmos""
The man looked the old hermit  up and down, unsure of himself.
He asked,
""Are you Sir Tan?"""
,"[LONG]as the sun sets, he finds a cottage up ahead which is two stories tall. The man enters and is greeted by a Chinese man. He asks the man if he can stay the night, to which the Chinese man agrees, but only under the condition that the traveller does not lay a finger upon his daughter.""You touch her one time, I inflict the three time punishment onto you.""The man agrees to the terms and stays the night. However, while sleeping, he is awoken by the beautiful daughter of the Chinese man. She seduces the traveller and they end up making love the whole night. Upon waking up in the morning, the groggy traveller realizes his arm is tied to the bedpost. There is a note attached to the string that says ""right arm tied to bedpost"". The man quickly cuts off the rope and gets up. He tries to move but notices his left foot is tied too, with a note that reads ""left foot tied to cupboard"". He thinks, ""huh, this isn't so bad"".The man again manages to cut off the rope and free himself, at which time he hears the Chinese man walking up the stairs. He panicks and jumps out the window, but then sees a note tied to a piece of rope he did not notice:""Left testicle tied to bedpost."""
,"It's called the Australian Research & Space Exploration, or ARSE for short."
,"the husband isn???t sure how to tell his bride about his stinky feet and smelly socks, while the wife is wondering how to break the news to him about her awful breath, which so far, she???s been able to cover up. After some soul-searching, the ???husband gathers his nerve and says, ???I have a confession.??ùShe draws closer, peers into his eyes, and says, ???Darling, so do I.??ùRecoiling, he says, ???Don???t tell me???you???ve eaten my socks.??ù"
,It's great at tanking in pivotal moments.
,The photoshop.
,"... as a kid opened the door. ""I'm sorry, son, but I got lost, can you tell me, where your mom is?"" ""She's been run over by our tractor."" ""Oh, I'm sorry to hear that, what about your dad? Where is he?"" ""He got run over by our tractor."" ""Damn, boy. Sorry for your loss, but what are you doing here all my yourself?"" ""I'm driving our tractor."""
,Because he doesn't want to be spotted.
,"When shopping for your intimate ones, make Toys N Us your one stop shop."
,Two fails in one :)
,"""Desserts on me, everybody."""
,The interviewer told me to relax and count to ten. 
,But I told her maybe just this once we can pull some strings. 
,"So 3 kids are playing outside and its muddy. They all throw bricks in the air to see whose makes the biggest dent in the ground when it lands. The first kid makes a one foot dent. The second kid makes a three foot dent. The third kid thinks ""I cam beat that!"" And throws his brick in the air but it doesn't land.So a woman's mother was dying so she went to see her. She decided to bring a parrot with her, since her mother loved parrots. Sadly, the only flight she can afford is a no smoking and no parrot flight. ""Oh well, I can just smuggle the bird in"" so she hides the bird in her jacket. Just before takeoff, everything's going fine she hasn't been caught, the captain comes around making sure everyone is okay. When he comes to the woman, he has a cigarette in his mouth. ""Hey, are you all okay?"" He asks. ""Yep, all good"" she replies. Suddenly, the captain hears a ""Yep, all good"". ""What was that?"" He asks ""Oh nothing"" 
""Yep, all good""
""You have a parrot in here don't you?"" And he opens her jacket to see the parrot. ""You aren't allowed parrots on this flight"" he tells her. ""Well, you aren't allowed to smoke on the flight"" she replies. They start arguing and eventually the captain gets so angry he throws the parrot out the window. The woman starts to scream and throws his cigarette out the window. They argue some more until they hear a knock from outside. Its the parrot, and he has something in his mouth. Whats in his mouth? The brick."
,Profits
,
,...Everyone makes fun of them but when you're inside one at 4AM you think "Thank God these are here"
,I said maybeeeeee
,At least Rooney is guaranteed at least three points this season.
,So I've started building a rocketship in their basement.
,Just ask your mom
,"He wants to halve his cake and eat it, too."
,I feel like a man trapped in a horse's body. 
,It wasn't clear to him.
,Because then they???d be called bagels
,...he uses stareoids.
,because they catch you with the 'net
,they always cut the head off
,A pH D.
,I think I don't have the time to watch all 2048 movies before it to understand the plot
,He said it was funny to hear a Woman talk about Routers
,Sensei.
,"instead of Happy Meals, he would give kids Fappy Meals."
,You start to feel like you got ripped off after the first 7. 
,No whey!
,We both laughed as I continued to pound him from behind.
,"Little Dave asks his father: 
""Where does the wind come from?""""Why do dogs bark?""""I don't know.""""Why is the earth round?""""I don't know.""""Does it disturb you that I ask so much?""""No son. Please ask. Otherwise you will never learn anything."""
,They steal all the green cards.
,you put a little boogie into it
,I caught him red handed
,My husband: I think what you need is this Emergen-D
,unlike his screaming passengers
,There was an unexpected conclusion!
,They couldn't dock.
,"Planning ahead my grandpa decided to purchase a cemetery plot for himself and his wife. He goes to the city to purchase them and the woman at the counter says ""can you come back next Wednesday and I can have all the paperwork ready?"" He agrees and comes back the following week. When he gets to the desk he says ""I'm sorry but I want to cancel the plots"", the woman gets slightly aggravated saying ""I have all this paperwork put together and you want to cancel?"" He replies ""I'm sorry but generally when I buy something I like to use it right away and I don't want to use this for at least a few more years""."
,"The wife couldn't get pregnant despite having sex countless times. So she decided to drink pills. She was pregnant with 7 babies. After giving birth, she wanted their names to meaningful. The 7 babies are connected to one another. Thus, she named them Do, Re, Mi, Fa, Sol, La, Si.The doctor thought it was ""Me"" so he wrote that on the birth certificate. The wife didn't know about this until Me was in 4th grade. The wife was furious. The husband was ok with it. They had an argument and decided to divorce. Me was depressed. She thought that it was her fault, when it reality, it was the doctor's fault.Me tried committing suicide by jumping off a building, but she was stopped was someone named Somebody. He had the same story. His mother wanted his name to be Jacob, but she said:The two fell in love at first sight.There was a steamroller that everyone on Earth loved. It's shiny yellow color could attract anyone. It was named The World for that reason. Somebody had a magical power. He could predict the future. One time he predicted that there'd be an earthquake on 4th March 2008. Everyone was safe thanks to him.One day, while he was going out with Me, he predicted that the famous steamroller would crush her.At that point, Me was crushed to death by the steamroller. Somebody was so depressed that he decided to commit suicide. He drank bleach. Me's family died in a car accident, and Somebody's family died in a plane crash.Somebody once told Me The World was gonna roll Me."
,He found Jesus.
,When they're not of the same temperature.
,Antipasta.
,I was alone.
,"Husband: Honey, The cat ate chocolate and died.Wife: OMG , Why did you break it to me like that , You should give me the news step by step to help me copeHusband: ok dear I'm very sorry.2 days laterHusband: honey , Your dad ate chocolate ..."
,because I feel like I'm full of holes.
,come in
,It's called the Salt and Battery.
,Oh shit. I didnt notice the "e" at the end of that word...
,A BullShih
,"But he drinks too much and pukes all over himself. He thinks ""Oh no, what am I going to do? My wife is going to kill me"". So he puts a twenty-dollar bill inside the pocket of his jacket. He goes home and says to his wife ""Some guy puked all over me. But it's ok."" And he pulls out the twenty dollars. ""He gave me twenty dollars for dry cleaning."" And his wife says ""Well, he did not give you enough because he also crapped in your pants."""
,by cursing and using racial slurs. I think this is unacceptable.Me? I won't even say vinegar. 
,So I combined them and got Chlamydia. It???s just so catchy!
,Aren't moms great?
,"So one day she asks: Honey could you please pick up some more escargots for moi, S'il vous pla??t. Now this guy loves his french wife beaucoup and also she is still so hot and escargots increase sexual desire, at least in his wife. So of-course he accepts this quest. But after he bought the escargots, he passes by his favorite bar and he can't resist the temptation. Some of his best mates are there and so instead of going straight home he opted in for having a good time at the bar. As he is having fun drinking beer and sharing some of the best jokes he knows from  he completely forgets about the escargots. Finally around 2 am the bar closes and he starts the walk home (he has a car but this is a wholesome joke and it's only a 2 km walk) 
When he is standing at the front door trying to find his keys in the dark, they fall on the ground. He bends forward to pick them up and then two things happen: the snails fall out of his pocket on the ground and his wife slams the door open at the same time. She yells: WHERE HAVE YOU BEEN IT IS LIKE 2 AT NIGHT AND I AM VERY HUNGRY! So he looks at his wife and then looks down at the snails:Come on guys, we are almost home! "
,Caller: Hello. Is this the new Trump residence?Melania: It is. May I ask who's calling?Caller: A high school classmate of Donald.Melania: Bullshit. He never went to high school.
,The All Right
,The policehorse
,Mom: When a fat mom and a fat dad love each other very much ...
,"He responds, ???I want to become a slide in the busiest children???s park.???"
,"John was a normal guy, that went to through life the normal way, study, got a nice boring job, a nice wife and few kids and traveled a bit.
After John death, he discovered??? that the after life, are the real world, and every thing he did in his life, was just a game, and you get a score of how well you use your ""time"" on earth.
When he checked his score, he found that he got a 3.7/10.He checked the ladder boards, and looked for the highest scores.
There were 3 men that got a score above 9, and he found video of the special occasion.
They were Stalin, Roosevelt and HitlerThe judges called Roosevelt, and told him:
""Good job, you changed the world by creating the biggest invasion ever! You get 9.5, you used your time in a great way.""Then they called Stalin:
""Stalin you killed so much people, some hated you some loved you, but every body respected you. You did things that changed the world as we know it, you get 9.5!""Then they called Hitler.
As Hitler come, every body in the room stand up and start clapping with great respect.
The judges, shake his hand, and say:
""You got a 10! because of your actions and life choices this knuckle heads got 9.5!""Hope you like it, I thought about it when I was high."
,Answer: "Sketching For Police Officers In China"
,"""Here's that $10er I owe you."""
,They want to understand why it has changed from warm and wet to cold and dry. Did any of these rocket scientists not consider the possibility that Mars got married?
,Could it then be described as "radioactive"?
,...would he become a dad joker?
,he fall over
,"When two molecules bind temporarily because of random polarization
Oh f*k it it???s van der walls forces"
,"The bartender asks, ""Where'd you get that thing?""
Suddenly, the frog replies, ""Boston, they're all over the place!"""
,Phil MacGlass
,WASABI!
,Apparently every time he walked down the street he turned into a bar
,just a medium-sized one.
,the orange man
,It was a target-rich environment.
,"A neutron walks into a bar and orders a drink. When the neutron gets his drink, he asks, ""Bartender, how much do I owe you?""The bartender replies, ""For you, neutron, no charge."""
,The iceberg-only diet is only the tip of the iceberg.
,Because they were all Ostrich-sized.
,The Scotland National Team.
,Yemen.
,But it was just fake gnus.
,Captivating
,"...and there is no woman around to correct him, is he still wrong?"" "
,I'm sure he really depreciates it. 
,Dumbledore
,A colander!
,"""Where on earth have you been!?"" "
,I would have won if it wasn't for a Fusilli mistakes! 
,Because they make teeth straight and white.
,Experts say it will cause millions of dollars worth of improvement.
,L??mon.I thought of this one myself shut up
,I've just about hadith with them.
,"So you???re interested in working with us. What is your experience with mentally disturbed people?I???ve been on Reddit for 5 years now.Very good, the job is yours."
, where are ya headin to for your family vaca? i hope the paparazzi leave you alone
,_m  yeeee  so wassup?
,"Tired from work. I hate closing, eek. But all smiles today. Aloha Kitchen, yum."
, aw it was so sad  shes too cute!
,is working tomorrow all day so can`t do anything tonight  Whats the plan for Saturday?
,_03 He`ll know Tupac lyrics too!
,First Day for research at Edmonton General
, or maybe start your own Arabic teaching podcast?
,May the 4th be with you  I couldn`t resist!!
,CAKE is sold out at terminal 5
,everybody needs some time on thier own  Guns N Roses x ? http://blip.fm/~5z5kz
, Lol. She`s offering me a case of guiness!  can you one up her? If you buy me two I`ll stay. Let`s start the bidding wars
,Sitting here twittering~~up at 3 am yuk! I want some messages!  Blue Monday!!
,": You must rest, don`t work hard  How abt Cr-chan ?"
,"still babysitting, i want another boost"
,"so disappointed with human kind   'What`s wrong with the world?'  I have five girls in the garden, innocently enjoying the good weather..."
, LOL well i`m qlad u enjoyed yur ramen noodles.. i had fried chicken  ..im tired now
,I couldn`t find P4 so I couldn`t show Brantley my feet  and now its raining
, took my computer in for a new dvd drive & screen wouldn`t come back on  Had to order new computer & wait...
,sun - where are you?
,"GOSSIP GIRL, WHEN ARE YOU COMING BACK  ! chaceeeeeee.."
,Eurgh.. Revision.. Who invented History?
," Wow, just saw your Tweet about the Proflowers fiasco. That`s so not fun!"
," I never know whether they include me. Just straight white men, right? I wanna be part of the problem too."
,woke up way later than I intended to today  Need to start getting to bed before 5 a.m. b/c this will be a bad habit to break later
,coffee and gym... starting the day off right!!
," C`mon, we`re talking about philos-ophy - the love of wisdom.   I need a 'mat' - a context to intersubjectively 'ground' it."
,10 25 Am Still waiting on the doc to come and break my water.
,  ya i can never watch any of them :l
,castlebar doesnt have 3d so im going to galway to see the jb 3d movie but that could be next week or the one after that
, of couuuurse fika  i`ll pray thes best for you then.
,sunnn finnalllyyy!!  aint slept :| need some sleep
,ready with learnin today!!! .. and now its twilight time
,"Who starts a briefing at 7:30 a.m.? People on the East Coast, that`s who."
, Gone have my ears on it when I am at home ..plenty of painting for you as well
,says just passed by to say hi  busy with movie task from school =. = http://plurk.com/p/rozcz
,Oh no one minute too late! Oh well
,But ... but ... who will produce the next Starsailor record?
, look like i can only quick post from the dashboard that is all
, No. I won`t be back until the 7th
,Sooo tired and have a headache-all self inflicted of course! Good times though
,But i dont mind the long line when theres a super cutie in front of me. Too bad he`s wearing a **** bracelet with a girls name on it
, glad u feel like cooking I`m so tired
,Really? I can only go in 1Direction at a time?! UGh!  Gotta take authority over the time 2day!  Say hello! Don`t be a stranger! BeBlessed!
,http://twitpic.com/4w5sy - my babe
, Oh my goodness!  How AWFUL
," I`ve lost count of the number I`ve rung today already    Were going to Wales, but I`m due in court on monday!"
," i would direct message you regarding blogging while brown, but a sista hasn`t mastered that technique yet  ..lol"
, it doesn`t work with the iPhone yet   I love it for the simplicity but I need to be able to sort tasks on my iPhone to be useful
, byeeeee
,"Dilemma, what to wear: Now: SanFran Foggy and 58 , then Sacramento in cple hrs sun and 86 degr ."
,Spent last night in A&E (ER). Wife tangled wheels with Daughter & hit the deck. Dislocation & fracture resulted.
,On the train now. I forgot by charger  that means no whoshere for me today till I get home haha!  but I`d still tweet u guys! ****
,i`ve just open this thing
,can`t find her favorite Nike shorts
, I left mine in music...i think i don`t have a camera anymore
, twitter tends to do that to us
," aww yeah, it`s more fun revising with others but you get distracted easier >.< yeah I`m tired, revising history"
,So I love my mac but msn doesn`t work on it still
,cba with exams! 17 left!
, ooh which two books did you buy?
," Aw, Kaelah I feel so bad for you. This sounds serious? Please get better soon. I admire you for still working hard and stuff."
,To bed I go   Nighty Night
,"Muffins: Muffins are delicious, Muffins are neat, I have no more muffins to eat."
,"Missing my husband, but it was nice to wake up in my parents` house. The dogs are ecstatic"
,Sick  Right now very thankful for my chicken soup and my bed!
, it does.
,Sleeping on the streets of nyc for a celebrity...nothing new. Wish i had a huge blanket though
,another rainy day
,curious if they fixed the window handle in our room in the meantime  #edc
, --- has demi ever replied to you? Coz I haven`t got any...
,"Hmm, no holga for me probably"
,"Just watched the trailer for the new Sam Raimi movie, Drag me to Hell.  Looks interesting, but there was no humor in it."
,In Paris till friday!!
,ugh i wish this school year would go faster so i can move on in life
,"Which do you prefer? Hamdemic, Aporkalypse or Parmageddon?"
, - You can do yiiiit!  Night
,I cant watch anythgin till tonight
,My baby is going to her first sleepover tonight   I`m gonna need a lot of wine to get me through today
," Cool! I have one (from a decluttering friend), but I don`t know how to play"
, then maybe we should ask Him for a raise.
, No trips planned yet but I`ll let you know if there is
,SMH @ PPL WHO ONLY TWIT U UP ON FRIDAYS B/C U GOT 100 FOLLOWERS AND THEY`RE STILL BANKING 15-20  #NOFAKERY
,"_Kimbalicious Lol! I was just walking  I think its all the polish I used while cleaning earlier, its made the floor slippery!"
,reeeejuvinated  and bored as hell.
,last day of classes!!
,getting ready so i can go out
, The dayem computer  #twpp
,"Can`t sleep, just laying here in the dark"
,Last day of college today!
,terence cao over-dose  im fainting.
,There`s starwars day? ) OMG Rocio!
,nothin to do
,i am talking on the phone!!!!!! to paul!!!
,  OOh but you soon get to meet the dung mice!!
,6th street was amazing this weekend!!! The wedding was fantastic.. but im really really tired at work from the long eventful weekend
," Hey, where do you go last night?  Was expecting to see you @ On Broadway."
, yeah i did  i remember it na....... i did watch it before )
,Claude Debussy is my homeboy
," Ah so 15 months. I`m sure he is advanced, and it`s not you being biased  they seem to grow up faster these days - now I sound old!"
, ah same  how was oliver?? so anooyed i couldnt come. we are the only ones with twiiter  its great! x
,the whole day.
,looking for my self... be right back.
, i will do that..
, really??
,The last day of the last time I visit my parents as an unmarried woman  (85/21589) ( http://bit.ly/Mo0QN  )
,still page one on Google   still cant quite believe it   not spent a cent to get to page One..... Wow what next...Mmmmmm
,gotta get up in a few hours...booo  gooodnight!
,"Come on bell, RING. I want to go outside."
,FO SHOWWW
,  We forgive you and we have missed you!
, haha i am aware of how one contracts a UTI.  and i have training for work at 8:45 tomorrow morning so i have to go to bed early
,so this my last week of school then finals yesss
,Aw .. the grillz in my background look like plaque ..
,  the construction lookd familar
,"Just an observation: Aside from the riverwalk, there are pretty much no cute girls in downtown sa"
," ohh yeh , but he was on sexy men so its okay"
,Where is the sun!!
,wow what a lovely day! Shame i have to clean my room
,i just reading a magazine
, I`ll use that for my next defense.
, Oh I`ve got that one & the stp x step one on VHS. Tried connecting our video to harddrive to copy to DVD but didnt work
,i wanna watch PCD concert dad
, it wont let me
,stopped working on the  image database awhile ago to help Greg with his term paper. Now chit chatting with Greg.
,Going to see star trek
,"We actually have milestones due for 3 high profile projects in the next 2 weeks, & they are all scheduled when I am on vacation -"
,_carter the video is private
, make up your mind
, I don`t have an invite  i might try Mr P Bale for an invite
,Morning...is anyone out there???
, Warren has just died.. hannah has been killed.. and I`m gutted!!! I love warren (even if he is nasty!!)
,I didn`t get the job at Berry Line after all.
,Taking the day off and doing absolutely nothing    Studying begins on the morrow
," Oh, I`m jealous (how surprising)"
," haha no, I was referring to the band... http://www.myspace.com/lcdsoundsystem"
,I just want  to Sleep.
, mom said no.
,  Is there going to be any more TAI TV? Ah I hope so
, yes i did - as a thank you. have contacted them 2ce but no response
,Grounds himself from getting more toys...only cause I have officially ran out of room to place them
, I don`t have any
, I`m just bustin` ya chops; it`s not bad. Never seen any real appeal to last.fm is all. Bad quality audio from **** artists
,just when i get the music to start playing..i clicked 'home'
, As long as you take me with you
,back on the twit. much hw`s to do... will post something interesting when i think of it
,does anybody want to throw a baseball around with me?
, I want to call you but it would cost to much  But Maybe my parents will say okay =D
, Not been on for a while eh Barry lol.Tweet deck is like prehistoric lol
,u ever have a friend that u just wonder why are we friends? i know what you get from me but i`m questioning what i`m getting from u.
,"night out had 2 b put on hold 4 2 weeks coz i was so ill last nite, gutted! still had a nice nite tho  but whers the sun gone!"
,Ok so Jeff looks like he has a black eye!!
,Mummy and Nathan not in today! On My Todd!
, i just had pasta  from pizzahut.
,I`m in the Starbucks with a cup of coffee   http://yfrog.com/ehhmyj
,Sleeping over my cousin`s house for the weekend. Bugzy
,"mmm mmm mmm! tss tsss tss. LOL, having way too much fun being bored.  i miss him"
,at work......thinking about the rest of my finals...summer almost here
,Tooth ache...but still sipping lol at the fam. Partyyyy
,"Thus far, Metaverse U has used the Second Life = Virtual Worlds, rather than the gamier Terra Nova usage. I`m in the TN camp  #metaverseu"
, i am! lol its just i got used 2 talkin 2 ya..!
,ughhh. i think my plans are ruined. i was excited too.
, what√Ø¬ø¬Ωs hot and new?
,My moms calling hospice 4 great gpa  its only a matter of time only God knows.
,_ that is not even a question. when/when is the question
, That`s true  I never believe my staff when they call in sick on Mondays or Fridays - LOL!
,"_ nothing new at all. lol. oh, i bitched alot today about one person in particular with rachel. Oh and I planned the ultimate event"
,i looking at failure
, fell asleep with techno songs on shuffle. Loud.  Its been on for hours. Im too lazy to go turn it off. He has like 800
,closeness or distance? closeness... but now everything seems so distant...
,I may have to take a trip in to the loft to get the fans down...its like being in spain!! Except without a pool to cool down in  xxxxxxxx
,http://twitpic.com/4wr8k - Ashley Tisdale - Love the shades girl
, I`ve gotta watch out for those stealth skillz! I always forget.
," I wanna go, but I so freaking broke   Have fun for me"
,just got rear ended
, what was itt!?
,We*d Man On His Way     Yess!!    Time 2 Wake Up 4 Real  lol
,Haha yea  if i knew yew wanted 2 go i would have told yew
,welcomes my nephew to the christian world.
," Loved the shoutout on TweetHampton, congrats!! Hope you`re feeling better, i missed you last weekend"
, i`m fake. . Is that the same?   ~K~
,Dubai!!! Still trying to settle down
, hehe--sorry.  I`ve never been very good at blending in...
,Ok we found our way now... I think  tonight let`s just let go its dance time!
,"At work   leave for Berlin at 17:00 by car, will be a late arrival"
,check on ya`ll in a bit. im in for a Mother`s day haircut. ciao!...
, lol I really wanna go there!! Imma check the vid out rite now
, Soz no ideas. That is a reason i didnt take geography cz i would fall asleep as well. Lmao
, Exactly!
,Heeder`s again and on Monday as well... absolutely no plans for the weekend
,is heading off to the fair
,"A laodicean life for Kavya & family probably got Kavya her spelling bee crown! Congrats! Note, spell check doesnt recognize laodicean"
,sad day!!!!! Love you Ma√Ø¬ø¬Ω (8 years ago!)
," btw, i am actually just trying to get my own lazy bottom in gear.  Me lots to do to and still not dressed !"
,"Will be going to Indiana Baptist Sunday, Pray for summer missionaries..."
,My best friend is in vegas without me
,where`s my new 
, not nerdy at all. I made one yesterday.
,Best purchases at today at the yard sales: 2 large dog crates ($30) and a refrigerator for the office ($35) didn`t buy anything old
, Nope probably revision  Hbu? x
," gangstarr exgirl to the next girl, nas one mic, hold on i still can`t listen so i guess it dont matter"
,at the taste a addison w/ her fav. ppl
, absolutely nothin
,Watching boxing and waiting to go out to Hollywood tonight
,i ran out of facebook quizzes. lol grocery shopping then work. w00t?
, Bom apetite
, why did u copy wot i wrote //hmm
, Yeah ! I downloaded her whole album. :'> THE FAME ! I miss you taking care of me  Hahah !
, *hugs* listening to EBTG 'Each & Every One' perfect for public hol Monday morn with cuppa T
," its a travesty, no? and, the people who are doing this said they`d THINK about involving joss whedon!!!!"
,Cashflow forecasts are fun but big red numbers aren`t
," that`s the prob, no idea how to meet guys. Met all my exs online & now I`ve dated that pool dry"
,"didnt enjoy having to say goodbye to alex, v emotional times  but the sun is making me happy !"
,deck building buddy missing in action
," Awww, here...WAZ UUUUP!!!   Seriously, glad y`all had fun.  Too bad my invite got lost in the mail lol. peace. xo"
,trying to upload one thousand photos!!
, Thanks! We`re still all passing around germs here but we`re surviving.  Have I missed anything?
,so now i dont get my car back til monday. boooo
, can u add ur link. I can`t find u on YouTube.
,is going to a wedding in the afternoon
,Took some phogs
,Little girls and their shallowness annoy me. On the good side i didnt straighten my hair at all today and it looks some what decent
,"$67 for my books, no complaints. 67 more than i had plus i`m on book voucher!"
, you finally watched he`s just not that into you arizzard  justin long is sexy isn`t he! i told ya
,_II It`s foggy here
,Getting ready to ship a care package to the daughter. She`s not coming home this summer from college
,Just ordered an ASUS Eee PC.
, Your not alone
,"FINALLY FINISHED MY **** FILM FINAL!!!  (Well, all except 1 part, but idk how to do it....) :/"
, who sings `I Remember`? i alwaysss hear it on Radio 1 but never catch the artist
,tomorrow it`s the final competition
,"better get to sleep, dodger game/mothers day 2maro  ewl i have to wake up at 8!"
,woke up.
,Just finished lunch...Subway Eat Fresh.......now gotta go back to work
,tonights a great night for sports. the yanks and lakers are both playing. i want to watch the games but im still scared to drink.
, lmao I`ve never met anyone who liked caramel this much
,Movie and popcorn time
," Interesting people like you should never be bored, Tooshers."
, Naw forget it then. I will only if u take them
, I`m at work
,and before i crash Grilled Chicken breast w/ reefried beans  Gnite Twitties
,city in a bittt.
,About to dye my hair and do my nails
,learning french  funy school-day today  don`t be mad about english :*:*
,Dyed my hair. .'back to black'
,making mother`s day gift
,  me too! i don`t know why every time i listen to it i start to cry!
," the signal that makes your internet 'go' is pretty bad  getting a tech out will get that fixed up, though!"
, it was only announced in the last few days. Due to cancer I think
,"Room is clean, now it`s time for breakfast"
,well here i go off to work
, Lots of things Nico. Gud news: I have a job Bad news: Its in the middle of nowhere. Got my phone 4 twitter but cnt play videos.
,my blog is now updated
,"A bunny was eating my moms plants. Naturally, she started shooting. No more bunny."
, I will be sending it to you when I get my first check if I make enough lol I have only worked like 8 hours so far
, But he got to do it with Effy!
,_H ok so who do you know on Daisy of Love? And have you seen it yet. oh lord
, I was kiddin` with you. Shy is not a word i`d use to describe me
,"AC is broke at the house. waiting to get an estimate on timeframe to repair. on the bright side, gonna join CoLab this week."
,Wee are going to the movies tonight to see Wolverine
,wants chocolate milkkk
, Equations and graphs
,20 John: :   http://tinyurl.com/cq5nkp
,"I was just watching some cartoons as I haven`t in years when I was eating my breakfast, the programs have changed"
," that`s what i did with my other friends dati e. i could totally do that.  Lian, Eina, Gelli, you, Zero & Francis. we`ll fit!"
,"In 24hrs time I will be at uni waiting to start my 1st exam, scary. I am working hard this morning though, and feeling ok about it atm"
, my name too    (Soulja Boy Tell `Em LIVE live > http://ustre.am/2UhS)
,"Gone up to 8mm on my plug. Help, this is where I said I`d go maximum and I still want to stretch it more..."
,"You know you`re up too late when the TCU nightly scan starts! Oh well, I graduated today"
,  night boyssss
,I should be in NYC right now with some of my favorite people but instead I am stuck in RI.
, why don`t u use twitpic? none of ur pics show up on my phone
, haha maybe someday I will be your publicist! that`s what i am going to school for
," w00t, have a red wine now"
," im disgusted as well and baron, spelling lessons homie!! haha it`s 'effort' and 'team' r u shwasty? shloshed?  i love you"
,dang ya`ll mothers day already. goodnight twitter world. i start shooting monday.
,_couper  I`ve heard that. 2 of my sons have seen it and one wants to see it again. I can`t wait to get there
,Thinking my drink is watered down but hey its free
,Super pumped to do the 'Relay for Life' tonite. I am walking in honor of my sweet Grandpa `06 and my Uncle Howard who past just yesterday
," I don`t know, I noticed that happens to me sometimes too."
,_baby  your not talking about your obsession with me right???
,- Gig was awesome! Am exahausted and so dont want to revise  Boo Hoo!
, woops! I only just realized my DMs to you are not going through
, you are a very naughty woman - we sooo have to meet!
,i believe only my black personality can explain how i feel... that boyfrann of mines gots me sprung
," It happened to me the other day (customer asked me to ship to her work address), I sent her another one"
,"gtg now, listen to cobra`s new song @ their myspace, ttyl  santi <3"
,big hair rock day today me thinks  here I go again to start xxxxx ? http://blip.fm/~5z4p7
,"  Me to, oh well maybe one day"
,ONLINE!
,is seventeen today  and is trekking from chorleywood to see    and  in cambridge  <3
, alright alright! I will be tuning in and taking notes - remember what I said before (got a spot? raising my handz - both
, If it makes you feel any better.. My Saturday night is lame as well. I heart you
,just spent all day putting up a trampoline but is now too tired to use it...  it is very cool though!!
, I have to figure out how this works!! I don`t get it  Hope you`re doing well!!!
, say hi to Kimba for me
," hahaha maybe it was certain groups of juniors.  hello, and what are you doing in Korea? We`re all over the world!"
,wow! party! my new life! it is awesome! no more girlfriends they just create tons of drama! babes at a party is the way to go!  just w ...
, thanks. but it IS seriuosly my back up plan
, don`t cut yourself!!
, can only walk on streets as am in london town....no fields
,Whatever. Workweek`s over. Time to go play with new phone. Sim card didn`t transfer contacts list
,Screw it I`m going shopping. I`ll be back by like 3 anyway and then I`ll do hard core revision
, oh no  this week is just a bad one for everyone. i love you & your pretty face & youre going to do fantastic in concert tonight
,_matta take my 'how well do you know me' quiz!! i made one the other day... no one took it yet  i put pics from yday on fb ****
, Hey we were at Tallebudgera Creek at 5pm.....visiting Anita`s special tree........could have almost bumped into you
, You forgot moi  #twpp
, Nope  Neither of our ladies are on today.
,Hi there all! Can`t stay to long have to go to work soon
, damnnn. training starts  at 11. but that would have been cool. next timeee
,i love him..i hate him..i loved him yesterday...ill hate him tomorrow....**** im confused
,Just got booked my ticket to athens
, Not sure yet... they said we`ll see
,I`m ACTUALLY on Skype but ssshh don`t tell anyone.
, yeah....but I finish go home get changed etc etc then im off again
,i don`t know the guys on radio disney have so much energy. i wouldn`t be able to do it  <3
," I was in row P, but i tried to run down to the front in Corrupted and  i could see you singing away"
, .. did you have to bust a cap? tell me you had to bust a cap for Jesus!
,Im kinda bored anyone else I think ill listen to some hip hop its pretty good you should check it out www.bseresults.net
,"I Can`t do 30 minutes of Treadmill  but done 30 minutes for today already, gonna do 20 minutes more"
, not really  Just have to install OS X on a harddrive and get it to boot on schools iMacs.
,_98 Kevin can`t leave work until 2
,2nd period studyhall  remembered my ipod = music time!
,Watching cartoons.....
, no not that expensive  windows or linux
,"  it did, i didnt really watch it haha"
, Definitley Miley
, Tell my work to give me two days off in a row! Stat! I`m full time I`m supposed to have priority
,He`s a mess. But iLove him
," something for you is on its way in the mail to your PJ address, just fyi"
,Planning to run riot in Luton today! BA HAA!  Not reeeally  where`s the library in this (****) town though?
," it is far from downtown, 30-40 minutes or so  and they do have veggie burgers"
,"   Whether that`s good or bad, I can`t disagree with you there."
,"I`d respond, if I were going"
,awake from the nap
,128 days till beyonce
,almost everyone can suck my **** right about now. ive had it up to here with people **** me over !
,"Work, work, work and why did I get so tired all of a sudden.  , nicole told me you say `Hi` aww she was so enthusiastic  hi paul"
,":o Wow only just found out new xbox is called xbox720 , how did i not no im a geek ..."
, I`ve got one too  though i think mine was attributed to the seizure inducing color/light show in the movie The Soloist.
, I dont have no plans Just to go home and watch the Game. Plus I still have to work early so cant be out partying too late
,28√Ø¬ø¬Ω in VanCity? Holy shizz. I will be home soon kids!
, Have you guys heard about the flu that`s been going around? Swine Flu? Hope you guys are safe  There`ve been deaths already. :-S
,eating chicken noodle soup...... its one of those days
,fresh prince and sleepy sleeps my nightly routine  gotta go to Dmv early tmrw
, I keep trying to talk myself out of Australia by thinking of the jet lag  So far it isn`t working... I still want to go!
,"I didn`t get the job at Stuff Magazine  Dammit, that would have been amazing!! Oh well."
, depressed that both of those are already out but yours isnt. I want your book!!
,Waitin for the man to get home so he can take me out !!!! been waitin 4 hours
,is going to go get some food.
,08.05.09 partying at the Pineforest  http://tinyurl.com/ojugsb
,_soul i look forward to your new cd  big fan
," no you didn`t,  not more then me anyway"
,I have to work tomorrow too sheli
,_Waters WAS until I had to go home `cause the presentation ended  x
,"2night- dance parties, fun times, & awkward situations  highlight- driving w/ nims and annie listening to satellite windows downnnn"
, it took me months to understand your avatar
, The winds nearly blew you out of the outfield.
, Hey
,Just got back from lunch and feeling more like a nap is in order than work  But I will press on!
,Gonna go to my aunts party. It`s gonna be a late night thing so hopfully I can get up for school tomorrow!
," Another day and I couldn`t find you.    I ended up trying another cart, can`t remember their name.  `sigh`"
, lol wat u making me come all da way overr there for?v
,_r I can`t get one either because of the dog. I`m pretty sure the bunny wouldn`t survive a struggle with Tom
,just realized tonight`s Drake
, Make her something. Buying something is too impersonal. She`s your mom!
,omg! i didnt even know my friend knew  !!! lol its a small world
,"aaauuuggghhh! in n out, check! mcdonald`s, check! haha, next is hot cheetos!"
,Watching wizard of waverly place
, That`s just how babies are  Their little rhythms are still in sinc with when they were inutero.
,Home from school. Out tonight? Probably not
,mmm  eating tostitos && piknik with spinach dip from S&R. <3
,"Has so much to blog, but has no time to"
, I want some ice cream
," haha nice! I heard it`s a sweet hotel. On another note, not a good game last night"
,got my car back and excited/sad for the going away party I`m attending tonight. Dani is going back to Brazil...
,"  you are now famous in Houston, take a look  http://is.gd/ysAh"
, Yep that one works. I LOVE Potbelly but I can`t get it in AZ  Have to wait for my Chi-town trips 
, Yea once - me and my friends flew out to amercia to see her w/ the Jonas brothers  . have u? haha i hate bebo :p . aw cant wait
," If you click on Settings, there is a link to the public timeline at the bottom of that page."
, what are u doing now ??
," We want to trade with someone who has Houston tickets, but no one will."
,"An hour of walking in hot weather = a satisfied but hurting Nellie.  Ow, blisters."
,wow. i just install twitter fox. I am tired to keep refresh my browser
,Reception food at Long Beach graduation = no Champagne  http://twitpic.com/67eba
, you`re back?
, Truly? Like what?
, Me too!    need some tour dates stat!
,Staying home to work on a linoleum block carving for a project (due tomorrow). There will probably be pictures.
,: yes!
, We need men to give their input too so I`ll fill u in on the time very soon
,starting to wonder if I`m going to get this job... came across as though i`d find work elsewhere if needs must... not intentionally
, LIKE U SAID 'GIVE TC A CHANCE!' WE WILL MISS THOMAS  BUT HAVE TO MOVE ON. SO WATCH THIS! http://bit.ly/r6RfC
,is up early to send someone off at the airport!  http://plurk.com/p/x2wsw
,"Day 2 of back to work , Day 1 went allllllllright I was only exposed to the swine flu for 8 hours so thats ok I think? Just wash my hands"
, thanks  night
,Leo Carillo Beach and WIll Rogers State Park are on the list of State Parks that might close      http://tinyurl.com/lhq8gs
, Hi Its not about howmany people follow you its about how much you help others
,"..the weather may makes it, cause temp fell down to 15C from 30C which were yesterday  ..."
,hungraaaaaaaaay. i`ll just eat. don`t go away Twitter!  LUNCH.
,"Goodnight  PS- thanks for jailbreaking my iPod, stacie <3"
," well then you should come, nigguh. Only thing is i may be going to like Phuket or Bali afterwards"
, for me they`re not
, don`t you procrastinate!   (like I do...)
,",  - muji  yipee. is anybody coming here? i can send them over hahaha. but can somebody bring JT`s BSG disks? haha"
,"Just for fun: Jessica Alba weekly Twitter follower count: 35,138 (,468). This is starting to look like a movement.  "
,exam at 8.
,_dave meany
,"well i guess it all depends,undergarments."
, I want to know who is that ??.6  I tried to ask P`KIA but he still not reply me  but now he change his status to `away`
,_ was yeah... work in 7 hrs  how you
,"we`re one, but we`re not the same, we get to carry each other"
,Make your own Google search page with your name   http://tinyurl.com/c4237j
," No way. What about Sydney?  yeah, you guys are like the semi-older version of Short Stack. However, with the same talent."
,"Not feeling it 2day, just left the glasses on  peace and unity."
,Will you guy`s keep voting for her and ask u`r followers to help to. Only 4days left before competitions close.
,i`m playing left 4 dead with my friends gilbert and louie  its so fun  happy mothers day to all your moms! )
,waiting around for boyfriend. then off to queens. ... looks like it`s going to pour here in dt bklyn. umbrellaless
,I just lost a fight against  on Tweefight. I lost  Please revenge me! Try now http://tweefight.com/?opp=hangy
,(bullhorn] tell ur friends 2 follow me  come onnnnnnnnnnnn ppl
,Going to see my grandad today  <3
,has made up her mind.....
,Doggone it! I only got an hour nap in  I really want some Ponderosa chicken wings!
, I couldnt come to see you in Southend on the 2nd as I couldnt get the tickets :[ Ill have to come see you when you solo tour
, what dey do homie? I wish it would stop raining already!! Plus my vacay is almost over
,working on the climb season 2 episode 5!!
,im officially done with school til fall.
, It didn`t start as a long message ... It just got longer when I wrote it
,"_warwounds_C I feel ya pain, I`ve got myself a nasty cold too. Get better soon"
,Almost lunch time
,Wow it`s definitely Friday- the gym is completely empty! What to do? I`d like to play the wii but I guess I`ll vacuum
,"Dana just found out she doesn`t get to take lunch now, but rather in an hour. Hello delivery.  http://plurk.com/p/x29ss"
,Wow... my god the whole UI is sooo much snappier. It`s more responsive than TweetDeck now!  Tweets feel like IMs lol
,ha im so glad it stopped raining.  my umbrella broke today
,"  Guys, nothing is free in life. Where is my shidduch money?"
,Watching the CAVS!!!!!
,"time to do some revision while listening to  albums non-stop all day, again!"
, we`ll see Craig might just hog u guys! haha I work till 10 tonight anyways
,i wish i was in Jonathon Ross` audience right now
," yeah, ok, that`ll probably happen too."
,"_Cordon Morning  done a bit more. I do have 2 weeks to go, but am trying to get most of it done in advance. How`s you?"
, haha! I remember that! That trip was fun. I Miss miss miss miss miss chu
," Sorry your day was so bad   Gettin the drink on, good plan!"
,Nite Tweeple.  Tomorrow will be day 25 at work.
,Twitter connected with FAcebook   http://twitter.com/paynetsystems & http://tinyurl.com/dagmoq
,yeah me too.
, YOU`RE TELLING ME.
,"has her mind abuzz re: advertising industry  standards : don`t hate me because I like maths, ok?"
, k its 3 slices left
," As it is now, my body has already developed a mind of it`s own but that mind refuses to co-operate with set schedules"
,Exploring Twitter`s world! me 2
,"Wondering why I`m awake at 7am,writing a new song,plotting my evil secret plots muahahaha...oh **** it,not secret anymore"
,I`ve lost my pocket knife  Suggestions for replacing a Ken Onion Chive?
," all work, no play."
,"lol, you can see the sunburnnn    its not achurley that bad =| least i dont think it is xD http://tinyurl.com/njubcl"
,_Writer aww no which one?
,    What To Say?
,_truong sunbae* my bad jst scratch wht i said  im talking nonsense here.. lol!!! enjoy the perfs
, Yep still a few seats left for PRACC workshop w/  &  http://bit.ly/txpA6  see you there
, hehe yeah! but too late hun
,is chatting with Willy Valdez about comics
,"Pretty amazing weekend so far  but its bedtime ,, I`m exhausted ! Mothers day tomorrow  nighty night"
, i think she`ll pull through.
,i neeeeed plans. no one can hang out tomorrow. booo.
,"I WANNA GO THERE, WHERE YOU GO. I WANNA FIND OUT WHAT YOU KNOW..     DAVID AND MILEYYYYYY! ??"
,ahhhaaaaa is gunna get straight back on it!
,hmmmm.... i wonder how she my number @-)
, i agree.
, yeah next time
,Chili night in Minneapolis.  I refuse to turn the heat on in May!
, how was the ice cream?
," I don`t know you, but you made me lose"
,#Happy Stars Wars day....Me`s a JA-JA BINKS ha  A crappy day outside though ah well makes me have a bit more motivation to revise
,1 week before the palm pre comes out and my centro dies. I have a temp phone but my contacts aren`t transfered yet. #sadpanda #fb
, I`m on msn now
,"In a philosophical mood tonight, wandering round after dark does that for me"
, Theres no such thing
,Today is my last official day of Uni! No more balancing uni work with music!!!! Til october atleast
,i am braid free  i miss thee ... BLOND HERE I COME!!
,almost 100 cases of swine in australia. hope may still decides to come visits me
, Chica! Two more days!  I want the US Elle too.
,"rap battling at second sat, now at the moviesss  haha 'i swim in a lake of sex'- Matthew M. ( Ghosts of Girlfriends Past)"
, And I`m listening.
,first weekend at home
," Jungle Book, Mary Poppins, or Bugs Life - depending on if you want cartoon, live action or cgi"
,http://twitpic.com/33hus that`s my baby
,Ugh. Going to skool
,Bluedart takes a shipment all the way before figuring out 'No Deliver' and then bring it back! Databases anyone?
, LOL biking is manly
,Microsoft Announced Windows 7 Release Candidate. Download available tomorrow
, 'now or never' makes me cry everytime  lol.
, Black Russians makes me think of a 'white russian' and this movie quotation: 'that rug really tied the room together.'
,http://www.miss-hudgens.com/?p=28 Nessa is 27# on Maxim Magazine`s Hot 100 of 2009
,I guess it wasn`t meant for me to change it
,Having dinner at the crown at south moreton with David and a stroppy teenager
, did you get my text?
,"Time to add some more RFID-ed object to send messages to Twitter everytime I use them - 2 more coffee cups, Armani Code, Pantone 109 mug"
, It`s http://chelseavantol.etsy.com xo
,with emma  going 2 see diversity today :O  x
,i learnt something new today
," You said your getting McFlys live album 2morrow, whats it called?  ****"
,I saw the best 1980s back combed poofy bangs this morning on a 30yo... 8 in high. By the time I turned around she was gone... no picture
,    from g`s to gents season 1
, Yep!!
,"after a great day at work with the kids, disappointment with my roof decal"
,_Rahal Thing about living is that there are always undeveloped pictures in your future.
,i have to be at work at 5 am  ... thanks to me ppl will be getting their freakin starbucks. peace out ppls!
,Just realized all his fantastic nerdfriends no longer live in Rochester
, it`s like 20 bucks for 10 shots  what kind of camera do you have?
, it says Lo`s page doesnt exist
, We`ll get hitched when you get here.
,Cant wait to leave work
,Yesssssssssss! A rocket to the moon is  going on warped!
,Burning my tongue on Won Ton soup
, no its pre made jelly and its for me and bradie
,"I kind of miss a certain someone already.  and, i never get to see him again."
,is needing to make a new video
," Hey Peter, thanks for the follow. So many Sydney pastors tweet!!! Shame no Bris pastors are on Twitter; we`re behind."
,Is trying to buy a new bible...but they just aren`t the same...why did my dogs have to chew it up?
,kicking back at home
,job hunting. yay.....
,"Up, I slept in till 11.02 !!! Shooting a new vid today"
,is moving out of Nesbitt.
," haha, not always, just a 2-day-trip, for a friend. But I`ve been here some times. That`s why I know basic Japanese"
, Or even listen to Susan`s green policies
, You always catch me away from my computer.  ?
, I WANT YOU ALL HERE WITH ME TOO! Ya`l shoulve gone with RM!
,  ack ~ of course i`m a person! but i think  knows that
, I can give you the contact of the person who makes those cheesecakes!
,"when i decide to be on time for something, that devil is always there to counteract! Frustrating but not discouraging..."
,"Thank goodness for starbucks iced coffee...I was feeling so sluggish today, I think its this awful LA weather"
, i love it to.. but i knw there gna cut stuff out on tv
,Memorizing the first 18 lines of the General Prologue of The Canterbury Tales. Ughhh.
,Got a day of painting
, yep 14 days whoop
," Yeah, I agree. it does.  BTW, check out !linuxoutlaws. ;)"
,following  keep me updated for the latest dance scene event
, It`s a date!
,No 10th  2 months=]
,"I want tuna & salmon sashimi, B.C. rolls and dragon eye."
,I gots the sniffles
, it`s Under a Honeymoon by The Good Life
," I really should put up a pic, I guess."
, I can`t stream videos on my phone
,sunday is runday- outta bed and onto the road
,http://twitpic.com/4jgro - me again
,Why do I look so awesome in heels yet am so afraid of them?
, Cause I`m not hearing from you guys!!!
,: get into terminal and kill -9 it.  which is really what force quit should do
,"It`s not the internal fuse either  Poop. Might have to get the spare out of the loft, although that might be a job for 2 people..."
, A friend uses Logic and I must admit I did like it...but I don`t have a Mac
," LOL! Yeah, well, same applies to the grocery store."
,   grats to aaron and christine
,No 1 evr brngs me a starbux!   *~CoRiEoGrApHy~*
,is stuck in traffic
,"I want to go to VP, but no one is willing to come with me."
," Err, I get that  Now, with the TimThumb, what`s with the url?"
,"still has half a math worksheet, science WB pages  worksheet, and english to go! feels a sniffle and dry eyes coming along too."
,"_Kay planted in the garden last week, ive got to check on it"
, That`s ok then....  I accept the slave role...  Your wish is my command...  hahaha
, An expense I could do without at the moment
,I don`t want to apply for jobs!!!
,"just woke up..busy busy busy 2day...bake bbyshower cupcakes and jays bday cake, bleach hair again & see my boo"
, I can`t really say much because none of it is set in stone.. but I`m planning a charity concert for Cystic Fibrosis
, had a life changing redhead - she got away
,"  hey y`all, we are waiting for final edits on our cover of 'sombody`s baby.'  can`t wait for some input"
," saw a Costa in St Pancras, but didnt have much time to have a drink over there. next time, i`ll try"
,_McFlyy FINALY MY CHANCE HAS CAME. . TO KILL YOU MWAHAHA! ha. not cool. .  ha  ****
,Need a nap  but I have to take 4 trains now
,*PEN JAM CLEARED* CLICK!
, then your gaaay!
, Better then her getting mad and using the floor
," that made me laugh.  Sorry Grets, but you are not going to the Pool Room."
,"gooooooood night, cant believe tomoroo is cancelled!  but still gonna be a giid night, GNI cant beat them!"
, Yeah we actually went in the room they were at. I just didn`t look under the counter where they were
,Take me away
, i`ll go to the movies with you
, I will post it later. Its not on my comp
, gimme some ! i wanna try it   (Soulja Boy Tell `Em LIVE live > http://ustre.am/2UhS)
,Heading south on I-95.  Jacked mess around SR 234
, i wud do but im at work   srry ****
,I just got my leavers do dress!!!!
,"My new design portfolio is finally online: http://www.designia.nl - Still needs some tweaking on the details but it`s ok for now,"
," mmm, athletic!!"
,Playing Monopoly Jr. with the lil one.. Cheating isn`t as much fun when the other person has absolutely no idea
, Why do you guys use camera angles that make it look like there are only 200 people in the building?
,I got paint in my hair
,@_finn_ Except I dropped him on my break and now he`s got a ding in his side.  At least it wasn`t the screen.
, switch to something else then
,getttin ready.
," DON`T PANIC! Hehe, it will be fine. Email it to me"
,Constructivist learning theory - anybody? Oh wait..... there`s always wikipedia right?!
, yes  lol
, But can you breathe OK?
,Good morning!!!! Yes is 5:57am
,There is a baby cardinal fallen out of its nest. I dont want to get attacked by the mom bird but i dont want the dog to get the bird
," Oh no, but that means that you won`t be able to get pwned by my shottie this weekend"
," We don`t really offer that service as we`re web/graphic designers and not desktop publishers. So, I thought maybe you could help?"
,SUNNY DAY!  going down to Stonehenge with my parents...
,_west one day the hubs and I WILL take one of those. There`s actually a missions cruise that we want to go on. It has music too.
,just because you`re a superstar it doesn`t mean you have to do that !
,watching HGTV at 236am lol wtf must love me some home decor
,"In bed eating chocolates after 2 super parties, yay  playing with the new camera - could I be an amazing photographer?"
, yeah that will keep my mid section down
, For me everything ok except install crashed at the end and now Safari crashes at every cmd
,heyy  watching the simpson  with shezza and paula
, hi Add me.  it`s shannen
,hey twitter! i`m back online!
, Happened to me the other day.  Was wearing a necklace that made a white spot on my chest.
," Never touched a drop, me!"
,is a college graduate
," It was crazy all day today and I have a feeling it`s going to be that way tomorrow, too.  Enjoy your couple of days off though"
,"has gone through about 6 tea bags , call me obbsessed , i say thirsty"
,_Molecule where is Sackiroth
,Feeling like **** today. Hopefully a nice relaxing swim will do the trick
," Wah, why are you sad?"
,*[ It`s time for TSCC!  ]
, Whole Earth Festival
,So lost  on my owm tryinh to find matter in the o2
,"I just broke a bottle, I should probably focus on work instead of thinking of more songgoeswrongs"
," Whoa man, now THAT was a great one. I went to Heaven for 5 seconds. U know why lah but pls shhh. LOL. So sorry u weren`t there!"
,My car is in the car hospital for the nxt 7 days  I gotta go pick up a loaner car b4 6! Bein without wheels 4 7day will set me back heavy!
, I had to find out via twitter
,http://bit.ly/qiPUU  Jon 4 Lakers Video Blackberry
," i just got mine, but it wouldnt let me call you"
," sunny, I`m a workin` on it. It`s very much in progress! Will let you know when it`s up"
,http://twitpic.com/4jb0q - And a few more
,On the bus to NYC   http://yfrog.com/08kaifj
,"  we`re gonna miss you. dont worry, there will be more for sure!"
,a chilled day  party tomorrow.
,Is now back at the school working on the bach.project
, or least for the firmware upgrade. just buying some time until I get my tax return really
,_chapman #whuffaoke is the same night as  at Gillette Stadium!
,Babysitting. Text me and keep me company
,"This wraps it up. Well, again a lesson that you shouldn`t take **** photos of yourself when you`re famous. Or maybe you really should!"
,"twitter,facebook,myspace...no phone still"
,"Wanted to take a photo of the storm, but misplaced my camera!"
, You`ve made me look at old pictures of my cats.  I want them to be kitties again
,Well it`s after 6 and i didn`t get a call back  oh well
,just got sold out from UP
,Playing some games before I leave for work   Work til at least 11PM tonight.
," can`t.  wish I was sleeping. Gotta be at work in less than 4 hours... Wait, what`re u doing up???!"
, What are you reading?
,3rd day of pain
,I had 2 hoes .. now I have none
, wow thats impressive! luckily im not in rush but i feel for friends who aren`t getting any younger but cant move house  tricky
,_PaulEvans heyyyyy boo
, maybe you need to start a 'wholey created by evolution' or 'wholely composed of matter' flickr group
,"And figuring out how to watch Middlesbrough games next year, after the dreaded drop."
,is jealous of his family  their all having an amazing breakfast and all i get is rice crispies
,"maxin` and relaxin`, almost bed time"
,In the university with hungry!!
,kids out for summer/ pool has been taken over/ no more tanning girls  #haiku #yayschoolisout #sarcasm
,I dont get twitter  Someone help me!
, i know u r!  i wont be there til the 6pm service..will u be there?
,It`s Raining!
, not at my workplace.   but a short-sleeved shirt is absolutely necessary today!
, I want some....LOL  I got the coffee ha ha
,Recogns he could get his assignments out of the way by June  bring it on
,better get some sleep soon. she has to get up and go to Sunday meetin` so she can pass out invites to her jewelery party.
, You can go to www.TwitPic.com and log in with your Twitter details to add pics
," hey!  not much, you?"
," download iEmoticons from the AppStore. 0,79√Ø¬ø¬Ω. But cool"
,  hi kendra whats up? follow me
,Anyone having twitter issues? It`s eating my tweets.
,"ok, i`m actually going to sleep now =] i`ve been on here only an hour...i tweet far too much already"
,  thanks for following!  pretty complicated id you have there lol
," ur taking tease lessons from the guys! No fair   LOL, oh well, we`ll wait as patiently as we can!"
,going to take my sociology exam   and back to bed
,going to bed soon
,_prototype09 no where I`m working for a bit up here
, yeah i work 7 days
, I used to row in high school and just found out there is a rowing club ten minutes away from me so I thought I should sign up
," Tom, get ready, here in Porto Alegre is really cold"
, - haha you do that mate  btw have you seen a film called american history x starring edward norton
, more coffee
, you`ve go mail
, my monday starts on friday  but @ least I only work 4 days a week (long days)
, next time? I might not get there this time if the bus has anything to do with it
, Thank you for the rec but that doesn`t work
, You`re going to the UK?! Take me with!
,"was in Palawan a couple of days ago, i`ll try to post pictures tom."
,Clive it`s my birthday pat me  http://apps.facebook.com/dogbook/profile/view/6386106
,no new episodes for hitman reborn yet
,"Mucking about on Guitar Rig 3. The demo, that is"
,No shoes for me.
,GASP] pulleaase dont hate me if u ask me a question and i dont answer you ... at any given time. i just cant see you! sorry
,you can`t please everybody.  http://plurk.com/p/x32rz
,Eh.. it`s cold
,class color day tomorrow! last time!  I have a lot to remember for tomorrow but I bet I`ll forget -_-
, Your post reminded me to sit something out. Looks like steak for dinner
,Sturday night live
,I wov you
, ok i believe you.but i have a belly button.lol
," no wayyy, that`s too funny.  well he sure is missing out, but ever since you left, i feel i am too  when is your next visit?"
, looks same in Noida too
,_Charlotte We should! There will be another thrown I`m sure but this one will be with my American family
,  wut itell u yesterday lol
,Waiting at the car wash to see what they say about Amara.
, i think i have mine in hangers in the closet
,_carter It says the video is private
, i think i been followin u 4 bout a week so yea kinda
,"Heading to the hospital to sort out my back, not looking forward to this"
,I want a new lappy
, haha dont we ever do that before  many times
,is really really ready!
, I can`t vote for you  they have stopped the voting
,watching JONAS
, same thing happens to me all the time
," Aw you named your car, that`s very sweet. I`m sorry to hear that Petey has to go, I hope you find a really posh rollerskate."
,Installing a new hard drive! Gotta redo everything though
,Just saw a land rover pull into the school parking lot and thought it was spencer
,Raining in Calicut.
, commercial shoot in Tokyo. not much time to play there   quick and dirty
,Sims 3 wouldn`t work on my old macbook  hope to get Sims 2 by tomorrow.
,_EN  we`re waiting you here in Belgrade!! Can`t wait!!
,Early lunch then getting all dressed up for Amy`s confirmation
,  you might have missed my latest experiment - I know blogs have too many words these days  http://tinyurl.com/ne6twc
,Gotta love nasty weatherrrrr.  so jealous ur at knotts
,Just got back from Carlton in Greenville.  Benz is getting serviced.  Time to make some money.    I think I`ll make some sales calls...
,my parents sold my car.
,Has Ruth today
,diesel yaris... 70mpg  so sad its not available in the US. That`d be awesome.
, When does it close? I didn`t think it`d been running that long? I still haven`t had chance to see it!
,() oh snap
,why did i agree to work a double shift
,there are # days of summervac & school comes along just 2 end it & the annual problem of r generation is finding a good way 2 spend it!!
,**** M-Audio IE-30s! I just remembered how much I <3 u & now the right earbud has ceased functioning  My Shure`s r 2 bright w/ lame bass.
,and so to London in a car that`s about 500 degrees with no air con!
," Actually SoS won`t be here, VI will be accompanied by Gliss and Make Me. The day after Brandi Carlile, busy month gigwise"
,If I were a transformer... I`d step on people just to hear them *squoosh*. But I`m not so I guess I`ll just have a cup of coffee instead.
, i know!  This season has just zoomed by!
,On our way to Disneyland... Without Retsi
,Someone fly me to Reno
,"more packing, cleaning, and getting **** done. last day in this apartment. this time tomorrow my **** will be in storage"
,looking for new ideas for my blog
,Less rain more sunshine
, Are we going to be able to buy more than 1 ticket online through livenation tomorrow? cant make it to LA
,No  tonight 
,where is the sunshine...the only thing i see are clouds...
, so our bums really do look big it this
, well u weren`t around 2 twit
,that`s enough! I`ll do nothing for 2 hours.
, Yep.
," Munch away, my dear Watson, Munch away"
, that`s crazy why would anyone not follow you? Your tweets are so much fun
, see you..... 08.08.09
,ready to go to Milan  see ya`ll this evening..
,hanging with amber.
," You`re not kidding when you say you have to be fast, are you?  I was there like 5 seconds after your tweet: nothing."
,going to look at a bunch of open homes today. just to get a feel for the market. i think i`ve got a lot of saving to do...
,"Surely you have guessed, the Arbiter is no other than Judith."
, yeahhh. &dont judge my pillow
,Starving. And Alyssa`s mom would bring her subway.
," thanks, still waiting... i don`t know what`s taking him so long - is it a bad sign or good sign?"
, public bathrooms
,Everything I usually watch is pending!  http://eztv.it/index.php?main=showlist
,forgot the montel quote  and it was a good one..
,"Why am I still away at 4am? Cos I don`t have school tomorrow, that`s why."
,I just spent 45 minutes at the book store. I only bought one book.
,dreading work tomorrow wish I had one more day off
,"lacey is alright though. quite a few gashes, and she keeps her tail between her legs"
, Kazim Kazim  i didn`t know that name )))
," Yea, us 3 and Max  Poor Trivun"
,im away from the comp....  ill be back later
,suivez moi  (=  follow me everybody
,"Wow, been away 4 a while...stupid lap top is in the shop...still    Hope everyone is well!"
," Welcome, found her yesterday by accident."
, what are you doing here? I thought you were back at work today!
,sitting at the chevy dealership in utah waiting for the van to be fixed
," Is there going to be a New-Brunswick, Canada Drive? lol I live far far away"
,band practice
,upgraded
," Same as, it`s BS I tell you! Ah well, better attempt some"
, cold and rainy
," Yep, they sang your song!"
,'I can givee you anything but lovee' - Daniel Schuhmacher
,Wish I didn`t have to work today.
, I really don`t want to send it over this site....it`s kinds private...
,hanging with the cousin
,   I tried that pincode... and it says it is expired... you only just put it up.
,  Is George still mending the car ?
, hhhhhhaaaaaaaaaaaaa!!!! Yo u hve me in tears!...its all  fault he said u cancelled so I thought....
,why does zero have to have thomas in it?
, Wonderful trip!  Read all 4 Twilight novels.  Completely all consuming and engrossing.  Kinda sad to be done.
," Yes, sir!   See here http://is.gd/wz2K"
,_carter it says the video is private... and won`t let me watch
," Can`t, did I forget to say that?  hahaha   I wouldn`t be able to get home."
,I lost followers  Was it something I said?  I swear I am not into freeballing.  Ugg that is the last time I mention that thing.
," Kinda the same here, maybe just a **** good coffee? Same dilemma, tho."
, Yeah.
,i am leaving soon for Kansas City to take some of my stuff. Only 8 days of living in Carthage left.
,Searching for wavy hairstyle
,"LaLaLaLand... why am i liking that song so much?! Anyhoo.... grr I have a cold, but thank goodness though the sore throat has gone!!"
, LOL I can imagine you doing that. Ken said to let you know he agreed with a gazillion percent of what was being said.
,off to work again ... mercedez`s last day
," Yessir, yessir, three cheeks full."
," what did you do?haha. just wash your feet and go to bed,mommas boy"
,went swimming with the fam for over 2 hours! we`re a little toasty
,Excited to see the girls today;  its boring at work without you
,Feel hurt. in car. gonna watch a funny movie. someone talk
,"Paving your own road is intelligent only if nobody has gone exactly where you are going, come follow me"
,"http://bit.ly/253ce  :: I got bit in the face by a doberman when I was four years old, I just wanted a kiss   My neighbor had about 13 ..."
,SB 239K.  Flop A Q 9.  4 players check. Turn 9. I check call 200 bet. River brick. I check call with trip 9`s with K kick. He shows A9.
,i neeeeeeeed music suggestions but no one will give them
,  I have one fastsmallballbuster`y question. & I promise not to weirdherout w/the fact it MAY be on my visionboard
,my last tweet didn`t send  bad phone
," Thanks!  Unfortunately the EU had probs with his satellite provider, so even though his TV LOOKS great, it`s basically useless"
," Hi Simon, I`m new to this too - but just thought I`d tell you Jimmy Carr has tweeted that you make the Star Trek movie."
,need to go to work soonish but i really dont want to  also trying to save money... life is fab (not)
, I have an even dozen.  thanks for reminding me. I quilt 2 and make 3. LOL
,nothing
, Have you been going to the Trop for the last 5 years?  No more games for you!
, Looks like they dialed it in a LOT...payed attention to all the small but important details in gameplay...still no blood tho
, online! www.dujourmag.com/subscribe
, haha FINALLY !!  hiii friend .
,"You know... time was, you could look at a Web page`s source code and figure out how it worked. Now it takes a lot more effort."
," http://twitpic.com/67owu - Nice - I had tickets for tonight`s game, but I`m staying home sick"
, Yayyyyyyyyyyy!!!!! but thats sp far away!
," Dang! Of course, I`m just jealous `cuz I didn`t think of it first"
, lol I am blessed to have you in my life too 'mama'  Sorry about your back pain. You should do some stretches.
,_autism BUT on the bright side you`re on twitter! Morning!
, haha neither am I. It doesn`t matter though you guys do what you want
, well then take your sexy **** to sleep then foo.  how as your weekend mami?
,"I`m off! Well, home... I will see you soon!"
,cynthia and jenny are spamming my twitter! haha
, I`M A CELEBRITY TOOOOO!
," polyester, protester, quester, semester, sequester...hope this helps"
,"trying to decide what to do tonight. Study Chem or write the night away. The night`s still young, perhaps I`ll do both"
,is happy that tiff can`t drop BIO so she can suffer with me  nyayhahahah!
, We want pictures as proof though
,So.. finally finished setting up my  account. Will switch from  during this week
, New constructions poping up all over there now
," you certainly can, and good morning to you"
, wish you were on your way to Tampa! FL girls are missing ya!
, anyways have a severe headache ryt now! i jst love dis cup of tea i made me self!! its makin the headache go away
,"Oh, these are all from www.overheardinlondon.co.uk The others were from the New York version."
,just woke up from a nap...
,i dont wanna do this anymore! but the couch is jus sittin in the middle of the floor. do i really HAVE to finish?
,Good morning world! I feel really sick.
,Can`t find any pictures  !!!
,Why don`t adobe realise no one WANTS to pay for Photoshop et al so they should just give it to us for free
,"Use twitter, quit life"
,I <3 Owl City.
,i want a top that says ` www.bilko22.com `
,_Schools haha funny cause i blame  and  for me not going to bed  its a vicious circle
,and I bought FOUR ties  http://tinyurl.com/pvajlm
,Trying to stay upbeat while I wait to get my keys out of my locked car
, Thanks! Fotoreportage coming soon
," ISHRA!! haha, cassie ventura? ...not after her haircut! where were you yesterday during the beat music awards?"
,"hmm, anyone else have their iPhone`s earphones` grey rubber disintegrating?"
,ugh.. my dad just told me to read an article about Kavya Shivashankar the spellin bee girl..and be more like her.
,Time to rinse out my conditoner
,"Just finished her tennis match... Lost tho  6-3, 1-6, 4-6"
,wants to go swimming
," Oh yeah, lots of rambly goodness. LOL You have mail.  Bed? This is early for me. ;) Probably why I`m an insomniac, huh?"
," I don`t know enough about #Sotomayor, but she made a big boo-boo talking about making law.  Doesn`t know what 3 branches do?"
,will be doing all the chores just for her mama
," yeah, guess we gotta wait til sometime in June"
,"in 8th grade yearbook: for narnia movie release blurb, pic of aslan and my skandar!"
,"_carter http://twitpic.com/3mdce - ONE ROAD, WHERE IS THE DESTINATION?"
, any chance at getting to see this?  I can be there within an hour
,"  Yeah, I posted it in the news blog yesterday."
,i say business ive only sold 2....and its not RL money  ...but its got me back into photoshop again
, looool .. me 2 !! ana i will vote 7ag ele ye6le3ni taqa3od now
,"been working all day, finally relaxing!! i miss you"
,chilling at the casa
,Heading home
,sign up for tarte news http://tinyurl.com/dde2v6 my intro in the newsletter AND 20% off first purchase 2for1
, The portuguese national library could use it also. Right now they seem to be in a ca. 1995 web. Example http://u.nu/7y68
,Adventures with jamie and bethhh
," and what did you do last night, I don`t recall being invited"
,Eatin nachos watchin the game.!  all i gOtta say is LebrOn is a Beast. ! dO anybOdy feel me.?
,"Coool. - Weekend wasn√Ø¬ø¬Ωt that great, eeeh. Whattttever.  Friday was better than I expected it to be, so I... http://tumblr.com/x9i1qwu42"
," would have been better, IMO, if it let you play through all 3 songs provided. I just start to 'get it' and it blacks out."
, if only I had half the drive you had!!!  You are my idol
, That is EXACTLY how I feel right now.
, tegan and sara fan? follow them 
,Doin the **** Thing Here at the Crib..Bout to Watch Star Trek... Yup
, we should all be down to earth. don`t none of us walk on water  I`m just some **** nerd trying to find my way thru life lol
,"41 Followers? Random people, but okay!"
,"Missed Justin on SNL! AGHHH! Just when I started to love him again, yes it`s one of those weeks."
, I`m sleeping on the wooden couch tonight!
,time to lie in bed and watch tv
," - Tweetie is using Yfrog now, I think, so any chance of adding it to the in-client image viewing?"
,Omg i here thunderrrr i wish i was home  i love cuddling with a blanky during a storm
,Of back off other peoples he can only have one stalker
,I need some DRANK & 'GRAPE KONTAKT' from my girlies  lol SOOOO SERIOUS!
, I was sad to hear they shaved too  I really liked the beards. I feel like I`m in the minority.
," yeah. No vomiting tonight, bit sniffly but ok.  bens trying to get him to sleep right now."
,Mode: Home Office
,off to glue stuff onto poster
," Likewise. However, what was the comment about originally?"
," Good night.  Sorry I missed you during our morning window.  See you at 5, I suspect."
, whats with u hating on becky soo much? ur bio says ur nice....guess not
," whats twhirl? I`ve some work to be doing over the weekend thank god so I`m probably going to miss it red, sorry"
, I left that for people to complete
,going out to see star trek   be back in a while
, very long by the sounds of things... But deadlines are Deadlines...
," Since obviously living in Alaska, only a few radio stations we get here."
,its getting really windy out there
,"DH at work, DD7 at party. Seriously thinking of treating DS9 and myself to sushi lunch - after all, it IS Mother`s Day here!"
, No I haven`t made my page yet.  Had to work
,At the dentist for Hopes first check up. Lets she how she handles a dentist.
, a whole season behind the US now
,It`s 11:05 and I`m already on my lunch break
,last night in newport
, I can`t shes taken my keys to muh car.
, SSSSSSSSSSMACK!!!! Get back at it girl!  Are you doing WW?
, Ich will auch zu Pinkpop
,is wondering why no one else is following it....  C`mon people!
, for sure....I still got 2 hrs till I will be home at the fridge  but then BEER BEER BEER lol
,Now english academy
,Going into liverpool soon
,spring pictures today  going to schoooool
,McDonalds in the car.  http://tinyurl.com/onoger
,_jeffe83 its all the rain
, Go to main settings page for iPhone and scroll down - you will see it
,My name is toggling in and out of Google Suggestions Help me by searching more for 'Ganesh Jaju' and clicking on some link
, ur not blind  i was just browsing & saw ur tweet & figured i could answer ur query plus i wanted to know too
, hey is there a way u can make a somatic theme for leopard? some themes have installers already that are shapeshifter independent
,Why do people have 2 be so deceitful and unreal?  But my love for Steve Jones and Channing Tatum has been renewed lol...their soo nice
," >>i don√Ø¬ø¬Ωt live in UK, so I can√Ø¬ø¬Ωt say what i think..."
,": Geez, a cool man like him be the villains. Too bad"
, You mean set up to start using? just jump in! Use the # sign with whatever word you want to use
,"@ the Eldorado house, goodbye Aliante house. *Memories made, memories fade!"
,Shower day.
,WGN is playing old episodes of Rocky & Bullwinkle. Fractured Fairy Tales for the win
,"_idiots hahaha! I don`t work in a **** you know  alrighty mister, have YOU done any public may dancing today?"
,Im bumbed though cuz ima miss da laker game        |double sad face|
,"Tired, But glad its a bank holiday"
,1 month ahaha. AND i dunno if I can go tomorrow LMAO cause i went today   Freakin filipino parents AHA
,off to work for the day
," Aha, Ok  I might see you there yano."
,Ive chosen Grease
,Mmmm Ham  Yummy! I have hat hair...Stupid Deli ._.
,LOL!!  I`m glad I`ve seen the original trailer or that wouldn`t have made sense     Someone certainly went to a lot... http://bit.ly/A0pyr
,just sending a twitter from the club! i twittered u
," Haha k we should stop here. If not, it`s going to turn into a **** section. Ohwell, my parents just came home"
,UGH... I am soooo drag assing today  but on a brighter note I got my G1 update & it is the biznesssss!
,  Chris` baby was born today!
,is watching neighbours!
,using my twitter account
,UGG WANT TO GO TO KAYLEN HOUSE BUT I CANT FINNA BE BORED THIS WEEKEND!!! UUURGG WANNA SPEND DA NITE  AND GO SEE UP AND GO SHOPPING
,is is listening to Heart Ain`t Brain by Chris Brown.  http://plurk.com/p/x2bp2
,is going to shul
,Finally on my way home
, !!! Tell everyone I say hello
,"Just found out my contact form was being dubbed Spam and wasn`t forwarding properly. When checked, I had no legit contacts anyway. Double"
, I would love to but sadly I have to work
," talk to their creators yesterday no date for public release, just developers"
," I`m on it, probably not until next week though"
,"Wool, time for the top cote"
," I know you won`t keep a wild dog, or else you won`t be able in the situation to use Mandriva in your life."
,in bed watching Rove
," I`m thinking that you, me, ,   should have it out over some vin in HK"
, Why is it going to be anti-social?
,Pretty  is it long or short? Sparkly or shiny? Lol
, Me tooo!! Wish I could get you here
, http://twitpic.com/4vp3x - *swoon* Nick looks so cute when he is serious  *faints*
,_pyee sure
,"Again, No P.F. Changs for lunch    Booooo"
, well wassup than dont be scurred now! lol you`d probably like it if it came to biting!
,i wanna watch tormented. it`s showing on May 22
, ooh how is Milan? i could do with a holiday! Bfoyf is off to Geneva today visiting fam so ive got a weekend on my own
,_Eclectic but then you leave
, actually I think Doogie Howser got the idea from the Captain`s Log.
,there was a mix up with my dentist appt this afternoon. so they rescheduled me for tomorrow @ 9am.
, somehow i cant reply to your message LOL and yes i know  Thank youuu
, I do that all the time
, not sure... there are fanciful expensive ones - but some basic ones are not expensive... Try the 24hr `M` shopping place
,going away party at ambers  road trip tomorrow!
,Back in the office for a hectic week - but the weekend was awesome
,"_4 Morning, just checking you can still find your Twhirl"
,new project @ work
,"goin to bed, but must say i love that #justin timberlake and #mark martin are the #3 and #4 trending topics on twitter tonite!  rock."
,My friends are mocking my weekend!   have they been talking to you?
,Starting class. Today we start MediSoft.
, Use mozy.com
,": I live in germany, it costs a lot too!  I wish you could follow me anyway.."
, You`ll be waiting a loooong time
, nothing is going on here is guess
,http://twitpic.com/4wsy6 - Beauty.  Going out now!
, When are you and  coming over so we can violently agree?
,Two week extension on contract ... I`m ready for it to be done
," I already seen am and jazzy I know they blew the roof off! Was supposed 2 go to pony party, I couldn`t make it out last night"
,found six great vegan places to eat and relax at; four of which I can`t get to without a car
,Is waiting for sumone to come online
, you do realize tom fletcher from mcfly JUST posted basically the same thing!! TWINS!
,Recovering from a lovely but slightly stressful weekend in France
, I would like to be able to go just to ONE of those
,Woohoo..this is the day/week the Lord has made! Just remembered we get to wear jeans & chanclas all week!
, Hello How are you
,I lied have yet to see good looking men
,i dont noe what to eat for breakfast hmmmmmmm im so hungry
,_B_Judah i am too old for Vegas
,Hello World
,i have the adam lambert version of FEELIN GOOD in my head... i miss idol already.
,So my first aid shift started out with some excitement but now it`s kinda died down...  I wish I could do this more often!
,Driving home after an ok night  Iwish
,I hate sitting at the doctors office! They told me she is running an hour behind! AWESOME
,_ i wanna go to the pub
,aww only 15minutes left of family guy
,  HELLOOOO !!!
,Gonna go drop some logs in the pool  back in 15 min
,and were going to pune tomorrow
,  5 days
," I know. But like I said, I have no idea how long it takes for them to investigate this stuff."
, sounds like my town
,_Cullen8 i hate the rain *laughs*. thanks *smiles* i miss her loads i couldnt stop crying before
, $300 later... I feel so good! But guilty
, Ha Ha thanks Tom! I`m such a loser! Hopefully going on the 22nd June till 3rd July...what date u goin? u missing helen?  x
,vmware fusion seems getting slower and slower
,listening to some music!
," I applaud you for accepting **** marriage, I have rels that are born again that hate me for it."
, yeah !!
,"The sun just came out!!! Pray for me guys!!!  Writing skills test   No pass, no class, no graduate -.-"
,Omg! My dad called me a johny come lately haha because I`m slow  haha
, life is funny and ironic at the same time isn`****?
,Can`t believe ER is over
, just got Zion tweet
," I know... it just falls right at 1pm my time, like right in the middle of the day"
, haha so the whole worlds there then lol
,Up and packing. Its the last day of youth camp
,Ready to chill on the couch and watch a movie
,When you see someone without a smile pass them yours
,"So much for just an oil change... Do not pass Go, do not collect $200, lose $160"
,"5 Mins, till the end of follow me Friday"
, that is so sad. wish I can do something big for the kids. may God Bless the kids always.
,dared to go back and look at that vid I made - I may take it down
,how r u feeling? and when r u guys coming back to canad?... come to vancouver!
, Yes I did see Mitch Hedberg and the whole floss thing.  He`s hilarious.  I <3 him.  Poor guy
,I can`t I`m on my iPhone
,   I need a wardrobe intervention
,"Just got home, doing art all day.. i want to be in a film"
,My car is home. Yay! $613.22 Boo!  I`m paying my mom in installments. I gave her $200 today. I so need to win the lottery. :\
, You should try it. It`s the way of The Deena
, mark harmon just got shot on my tv
,I want some Starbucks..
,_ Oh please mark all toe tweets with #toe.  is trying to make trening topic out of #toe
, HaHa i Forgot...It`ll Probably Be On Youtube...So I`ll Watch It Later
,"  aaah k..am like a fan incarnated,so kinda like a mutant. till date, Ghalib has never *yet* left my questions unanswered"
, Oh that`s why.
,Wants to go catch happy hour  to get me a strawberry lemonade slush ( put me on them)...but i dont have my car...super
," Haha, i came home from a long night out, and all i saw on Tweetie was Khayyam Wakil. I usually don`t announce and **** - LOL"
,Created a new album on my Facebook for my Phantom cross stitch  I want to track my own progress so I feel like I am getting something done
,the start of my day was finding a lump on my body... went to the hospital... apparently its nothing! fewfffff! bloodtests suck...  haha
,"Up,dressed, and out the house for 11 am on a Sunday. Off to see the fishy fishys"
,"I painted my nails metallic blue but I√Ø¬ø¬Ωm really sure about how it looks, it√Ø¬ø¬Ωs a pretty weird color!! I think it√Ø¬ø¬Ωs cool"
,"all alone.  still watching TWW, eating Italian chocolate and solving logic puzzles."
, awwwh - i`m sorry  i hope you fell better - watch a film ?
,"Finally home! Tp tetep, kurang 3BT buat shooting kamis nih! Huaaaa, stress gila! Syapa lg ya?"
,Having serious technical issues in the studio  oh well thank god for the technician
,"gets sumthin special, but i want more. akankah suatu hari ku kan mendapatkannya...? only GOD knows..."
,Just finished curling her hair!!!! And now has to finish getting ready but doesn`t have a ribbon to put in her hair
, // your FACE is stupid.   thanks... i miss you too. HA!
,trying this out with my sweet lil iPod... I am totally nerding out. and... totally ok with it
,What do you think I`m doing at the moment? Yeah you guessed it  http://www.phoenixfm.com/listen-now.php
,"  You just want to go?? I know the feeling...  I`m ready to head back to the mountains, I won`t go back till July"
," hahaha, yes, our discussions always seem to jump around randomly"
,http://twitpic.com/67bpd - This store at the airport is as close as we`ll get to WDW during this trip.
,to doente
," Hey welcome to VA, LOL.  It`s muggy up here by DC too.  Worst part of summer I`d say"
,"WFD: Lasagna. Still 45 minutes to go, so hungry now."
,"Whoa, I didn`t mean to sleep for more than an hour"
,he`s here   sleep over with the MR. night peeps !
,"Not going to Suffolk tomorrow.   However, now MB & I are planning a picnic on the Mall with friends Neil & Jodi."
,Has an hour left of revision
,is sitting at home wishing that i didnt have to work today. ask for it off and still have to work
," Don`t worry, you spelt `NO` correctly! It just looks wrong"
,Borat was so less ****  http://bit.ly/iZkab
," Great service, but I find the time lag from time of posting to appearance on Twitter to be a small downer"
,just get back home. the first exam was too long no time to finish it ...
,"Heading home now, yay! Was going to buy a much needed bottle of wine to drink with dinner, but my wallet is MIA so no wine for me tonight"
,Can`t sleep rite now because of havin` so much tea!!! 2nite I`ve just failed the test of my Lpi course   Next week i`ll make it better!
,Good Morning Everyone. !.!. Time for work
, OHH. haha ok thanks
," don`t i know it, writing an exam essay this weekend myself"
, and Boat is dining Bones in Peru - double
,Tidied & hoovered the whole flat - and all b4 10am today  Now we`re heading out2 German bakery 4 breakfast followed by a walk in the park
, ! HE HAS A FAVOURITE! You`re his favourite ;) OMGAAH.   sorry for creepering? ..not really lol
,Gremlin is asleep after a particularly challenging bedtime. I think it`s safe 4 me to go to bed -what a crazy Sat night for me!
," Ironically, that thought goes through my head (no pun intended) for *every* headache I have...  Hope it goes away soon."
,"#BGT DCD Seniors were good, but not good enough."
,Hmph I had to order some bootleg Pharos GPS phone they dont have the BB I wanted at Office Depot
,Happy Friday. Just pulled some yummy radishes out of the garden. Hope the strawberries turn out. Still no blooms.
,Morning everybody
, pictures ross.
,: I sent you an other call me back message  x
, we won`t be in town  email me if there is another one though.
, I can`t Vote 4 u a the MTV movie awards. There is no vote button. Is it cause i live in sweden? I wanna vote 4 u 2  u rock xo
,is going to the Derny race with Sofie & Cindy.... And i`ll see Eric there !
,causee not everyone can pass the challenge test duh
,Trip to the zoo today
," Ah  So you`ve seen both. (Either way, you get to experience the fantasy of sound and shock waves in the vacuum of space. Heh.)"
, this kitteh likes going in front... or behind... or to the side...of the box.
, So what do you do when you wake up? Morning by the way
," agreed  it did take me a little while to find my way on stocktwits, but once I did, I cant imagine working w/o it"
, And it`s such glorious weather too - poor you
, I was really disappointed with the whole 'promiscuous girl' thing. congrats on her success but i think wasted talent
,Still at work whaaaaaaaahhhh
,Finally got my lil monster off my hands so I could run errands and now I gotta do them in the rain!!!
, Hi Miss.  Isabelle here. :]
," actually, i play keyboards for pohaku lol. we played a 12st bday earlier and now i`m spinning at the shack"
, hi 80th fallower
, I was going to go to london for a week then had to change my ticket! I would have been there right now
,twitwoo! i can tweet from my phone
,_steph boo  I miss you! It`s been ages. Once I get Internet back I`ll try to fix ALO haha it likes to act up from time to time...
,i never get any followfridays
,http://bit.ly/147HEU  - don`t judge me. tucking myself in tonight  mogwai on repeat
,Wine..beer..and champagne..lets see how that goes for me tomorrow..lol
,wants to go back to charleston
, of course
,I want to be like Horatio Caine
,"got a prerecorded phone call from JJ asking to vote for ADMK led front, phone number is ????, hyderabad connections"
,watching The Uninvited in my room. Can`t wait to go home. But I have to go to the Deid first.
,turning in.  it`s been a loooong day.  just got my new US edition Esquire so going to fantasize that I could one day look like Megan Fox.
,uploading new videos on youuuchuuub!
,"i need to read  fic again, but i lost it"
," yeah. because i`ll have to go tomorrow morning and get picked up early sunday, so i see no reason to go the whole weekend"
,I saw Thirst which is korean movie made by chan-wook Park . this movie isn`t hard but good
, My dream was about hanging out with all my friends. It was good until I woke up and they weren`t there.
,is looking forward to tonight`s dinner date with Mom; is gymming this afternoon; started 'bawas kanin' (less rice) movement; is celibate.
,just got back from rachael`s house
,the week just wasnt the same without an adam lambert performance!!!
,off to sleep  on 2 katy perry songs as soundtrack  x
,is very shocked and feeling sick... but happy all the same
,can`t wait to see those pics 
,Guess I`m on Twitter now!
,praying the rosary with my family!
, o snapppp look who i found on twitter lollll
,_Mak request me on bbm & send all ur contact info. Everything didn`t sync up from old phn  I have ur tmail info haha - DATED!
,lets play some russian roulette.
,Matt Weiters` first at bat: fly out to RF
,"http://twitpic.com/4j95z - I don`t know why, but I LOLd."
,Hey i`m on FaceBook come check me out http://bit.ly/17jIy8   tell me ur username if you ADD ME
,#pens...steigy...no politics hun...the obamas are not watching hockey
,Haven`t a clue about this twitter!
, oooh OK. thought I was losing my MizMind
, I sent u a direct message.. there`s my mail
, are you and melissa celebrities now?
,"desktop quad-core Win7 boot time = 2`25', laptop dual-core w/ SSD Win7 boot time = 0` 13' => SSD for desktop arrives in 2 days"
," Sure, I`ll be in chat in a sec   Here`s the thread http://tinyurl.com/ojcf5l"
," A towel, a 'Sub-Etha Sens-O-Matic' and the Guide ??"
," nothing much man, waiting for my Insurance card to come through... Cant get any workdone here w/o it... Redtape"
,sux gabe just told me to go to the afterparty and I have ID that works but I can`t go
,needs to see a band live.. **** Blink for not coming to the UK this year!  ..anyone wanna go see Billy Bragg or Colin Blunstone with me?
,Wrapped up some html/java work now spending the night dabbling in some flash intros
, try direct message to me here on twitter
,last sunday before going home!
," Yes, that would be pretty creepy. I think its all a bit more innocent than that, I think he just wants to sell some icecream"
," OH WAIT, I read that wrong. OK hellboy"
, It`s still up the duff boo
,Postponed is not abandoned. //
,looking for models for beauty shoot THIS THURSDAY in the Valley studio  contact me if interested!
,Allies not coming over
, i could have got you some from work and not paid more than R20 per 2l
,hey twitter  hows it going? let us know how your day is going
,says gots my mom a digital picture frame bout to scan pics of her wedding n all that mushy stuff  http://plurk.com/p/su3eq
,has a good heart... or so says the doctor. Except that the doctor won`t be in until Tuesday afternoon to put that in writing....
,"_Ernman Hej Malena, lycka till Eurovision! The United Kingdom will be voting for you!"
,"I looked up some differents stuff for mine, today."
,"  Tat, You looks beautiful and are a heck of a mama and business woman.   Dana"
,Jennnnnn richhhh wast to the ed
," Awwww...thanks!! ;) Unfortunately, everything closes at 4pm in Sweden on a friday. Presentation is 9am Monday."
,Aaggh!! My blackberry curve took a gash in the screen the day AFTER we get invisible shields in stock. Well it`ll be a good advertisement
,its raining in MD
,"I`ve knack my iphone, I got melted chocolate into the speaker, I now can`t hear it when it rings"
,last day working for Tend
,"  I could never do that to one of my children, look what happened to Nina Zavaroni (sp) Brooke Shields and Drew Barrymore"
,Spongebob sing a long. Amandas mom gave me and crystal jonas brothers calendars
,Friday has a whole different meaning when you have to work Saturday and Sunday
,Math is amazing and hell at the same time  socialily that is the naiv part is fine.
,My twitterberry wont work on my friends and me
,Slowly getting ready for work
,"Do fish feel pain? Yes, says a new study.  http://is.gd/Jbcg"
,nothing to do on a friday night
,Just finished my 1st new song !!!  Soon on Youtube !  Keeping you updated !
, I`m doing an experiement
," off to bed with fingers and toes and everything crossed u pick me-lol! Hope ur well and got back safe,poor Jon  ****"
,Edward Cullen. <3  Hahaha.
, yeah! i love this one and doesn`t really matter
," invite sent   You can now invite more collabs too, pass the word around"
, eh...I might drive through Chi-town on my way to Colorado....maybe I`ll get one then.
,no new tubas until  4th  of july weekend
,I realized last night that I have no idea where my PnS went to during the move... I hope it`s not lost and gone forever
, I lluuvv u too..  ahhh im gonna miss u evenn moreee! lol
, i been coolin and **** ya know me
, I don`t remember cause I was watching so many on youtube... LOL will get back to you
, Maybe until Wednesday?
,Morning  don`t ask me why I`m up so early
,?√Ø¬ø¬Ω nh?n ???c bonus r?i. Ch?c ch? ?? b√Ø¬ø¬Ω v√Ø¬ø¬Ωo kho?n unpaid leave
,check out q100 right now..99.7
," i saw this 6 week diet that was no sugar, no rice, no wheat, no potatoes, as much protein as you want. So i just did no sugar."
, yes`ma... for an after party too after the show next week.
, Not us as far as I know  hee hee. We`re thinking a few more years first .
,Tweeten Out  Tix deals for NKOTB 5/28 Was $43 NOW *$38 http://tinyurl.com/NKOTBTweetenTixsDeal <-or other SEAT Prices /NKOTB Dates
, : yes she got all lovey with him&he returned the love&1thing led2 another&  also  wants2 know y ur mad at her
, hahaha! i have a secret door to the real batcave
,it`S freezing and raining here
, PLEASE come to Minneapolis/St. Paul area!!!! I looked on your schedule but I don`t see anything close anytime soon.
, that is why I drive a (teeny tiny) honda civic  http://myloc.me/FRy
,is listening to Jello Biafra at work.
,work work work
, Well I asked you a few days ago and you said money was the only thing holding you back Saturday or something
,Ive finished 4th year!!! Argh Uni is going soooooo quick
,I want some grape juice.
,sooo cloooseee
,"'Bad words are a crutch, they lead to tattoos and peircings!'  Hahahaha!"
,jazzy we should be in vegas w A team
, Looking for a new SMS sending solution? http://promotion.itagg.com Get √Ø¬ø¬Ω6 FREE SMS with every iTAGG!
,"Eat Sleep Draw!: Part of my Neuroanatomy take-home test.  After this, I√Ø¬ø¬Ωm...: Part of my Neuro.. http://bit.ly/fXs3L"
, How`s the head this morning?
, beating heat with tea?  Try some masala chaas
,  oh man that sucks hardcore! haha good luck finishing up recording
,_w T`was not an interview in so much as it was a private chat
,This is my 201th update
,ROFL.. okay I dont know. but Kristin still isnt here
, I had to work and missed it    Shannon could barely contain herself.  She had an amazingly good time
," And the 1600th tweet goes to you because w/o you, I`d have no one to talk to at 3am in the morning! lol <3"
, would love to talk to you but i live in England so unfair
,On our way to take photos at the park
, Sure thing!
,this is my movie weekend!! i`ve watched 5 movies so far
,Is coming to the end of his first shift  6.30 local
, Maybe JD can help you out there I don`t know though  But I will ask!
,Is having a BBQ today!
," Oh, okay. Every so often I get this random taste of blood in my mouth that makes me go 'eww, blood'.  Haha."
,_are_fire Hii
,Wanted to buy Amber Bensons death`s daughter today and no where had it
," lol, I haven`t made anything yet, I`ve just spread all my supplies out over the dining room table"
,I think I just found my purse soulmate. But its not in my budget
,Livin on ur own iznt nice at all. I miss my mum
," Wow, thats quite the trip!"
,last school day tomorrow! it was the funnest day ever. BUt also really sad  Righ ow I`m getting ready to go to Moab with Phil!!!
, I can`t DM you because you aren`t following me
,I do the same thing to my parents and my best friend too
," You saw that fraktastic zoidberg painting that was tweeted around last week or so, didn`t you?"
,Feeling deflated. Hubby saw swing set & thinks is a piece of junk. I thought I had found something good 4 the kids
, - I produce/direct/film/edit... I write... I coordinate events... I manage Don Fetti... there ain`t much I don`t do!
,It are mimi time
,Send me your Blog`s RSS feeds I have a site that will republish and send traffic to your site...
, Yes so did I  Some of the Acts are really very cringe worthy! Though I do find it very entertaining.
,Driving to work running late like always..... No time for starbucks
, don`t you agree?
,Rain. One more reason to stay snuggled beneath the duvet
,"Schools out, but works in"
,_Shawn when do you go back home? Want to see ya B4 u leave Homie
,_sims do you know of any inside scoop on a station that`s anything what kwod was? there`s nothing for us now
,_whacker skypeeeeee
," but i like the idea going to cinema, but monday...."
,I`m at the anime store iat rivercenter going crazy at all the Pokemon stuff. I wish I had money
,Taking a nap after work=no sleep right now. The nap felt soooo good but now it seems like a bad idea
,_jayy It might hav to cost u a History essay.
,YAY! My temperature went down!  I can have dinner with the family tonight.
,"Well poop, my guitar lesson was canceled today  I`m so sad. I hope his son feels better soon tho."
," Here we are!  Unofficially, of course, but we are providing all the info you could want for the Geelong Football Club!"
, it was days yesterday and probably today that I wish I had taken the top off my jeep.  I need help haha. IT`S FRICKEN HOT
,no school today gd  but dont get to see mates n millsy x
, I didn`t headbutt anyone! Not that I know about anyway! ;) You ok today?  Football today?
,Just got Back from the Gym Wanna chat with some new people  Lets talk! haha
,"I want to go shopping tomorrow, but I have to work  Buy me things, you know you want to!"
,Back from mountains
,the last time pankraz. why do they have to got the same name ?!?!
,14 days until Boyzone
,p.s.  thought you were gonna follow me back on twit-har ?
,_Hayward go two way mirrors
," MANDY!!!  IT WON`T LET ME VOTE  I WANT HER TO WIN BUT I CAN`T HELP, I AM GONNA JUMP OFF A BRIDGE (KIDDING) BUT THIS SUX"
,studying with  and colette!
,_Claire its sunny here  I will send some over to you
,i think i need a drink
, I know. I was hoping to meet you tonite  & I just found out a few min ago that we have a mutual friend Cuong H.
, you can use my alotment
,"there is never anything on tv, on sundays. CAN`T WAIT for america"
,changed my h/p number go online msn messenger to see
," was on the list, i paid 5 to get in, but if your under 21,you cant go in and out, but it was gettin so hot, so we went outside"
,Well done doing blood work..its hot out again
,_peer you ll soon be back  just replace topify email in twitter settings and that s all
,International Version of Stand By Me http://tiny.cc/pAVYi PlayingforChange.com
,need to pass the exams
,"Star Trek in IMAX  with Kojikun, seastar, Brian, and George."
, I totally agree! And there`s no way to avoid it
,"http://pic.gd/63ef My college, My friends"
,May the 4th Be with you all!
,off to bed was gonna read some new moon but its a little late now  night night all ****
,"The pushing has started, not long before a new #starwarsday baby is born"
,"  dudes, c`mon - that`s almost the ghey!"
,"  i`ll visit ny `til september, no diggnation for me"
,on the way to kuya jordan`s house for an O`s sleepover  !
,"_indian hehe very true  but you`ve got the color advantage, which the complete americans haven`t"
,is new to twitter and has no friends here... or should i say followers?
, I saw that!!!!
,"But I am on pg 145 of 165, so I`m getting close!  *yawn*"
," july 21st!?? that means at your concert I won`t know all the songs.  oh well, yay demi!! <3"
,claires party was amazing!    headache.
,hooome from work. why am i awake still? up in 5 hours
,Its a lovely day sky is clear birds are singing and i`m stuck in an office with on windows for 9 hours
,One taken from earlier this week!  http://twitpic.com/4wb42
,can`t figure out at what time(french hour) the new moon trailer will be up since I can`t watch the MTV movie Awards from Paris... ?
," Heh.  When I moved into my house Pius was having a pep rally, so there was cheering and a band."
,Well that just sucks. Good way to make me feel bad
,"the big boss is out all week.. small yay. free lunch for the office today, big yay!"
,"Spent the entire morning in a meeting w/ a vendor, and my boss was not happy w/ them. Lots of fun.  I had other plans for my morning"
,_in I loved that movie! And I miss Raul Julia.
,I always feel sickly when I wake up.  Well got a busy day ahead of me! Yippeee
, lol thanks.  I do like to be on top. I`m going to enjoy this. How long can I be up there?
, I`m excited! Hust let me know when you want to go over to Lucky7 Tattoos
, correct! I ADORE him. I just plucked him up and put him under my arm cuz he was cryin.  All better now! Hahaha
,"mmm - home-made pizza (that I helped to make), a home-made cheesecake (to eat soon) & family... a nice day for mother & nanna"
," MC, happy mother`s day to your mom ;).. love yah"
," Tis a book...called Love, **** and Tragedy. Highly interesting. Influence of classical on modern world"
,Happy Mothers Day to all you mom out there
,May the 4th be with you all
, I`m sure you left the audience awestruck Katherine. Looking forward to reading some wonderful reports.
," - not early at all, just say you are running on eastern time  hope you had fun at your auditions! canada ftw!"
,"ok all, bedtime for this bonzo! i just got done with my math homework and my brain is done for the day. Nite nite  have a great day!"
, very heart-warming indeed. I`ll be looking forward to that day
,Still totally excited that my oldest friend  has twitter. I luff my Spencer! Even though he has rabies
,girl talk is awesome
,Loving the # dreambears on #britains got talent
, oh no Jess I hope the person is ok
, er yea am i doubly awesome now?
, I`m putting in Societe Generale in China. Very interesting stuff but has me away too much ... gotta fix that!
,_conrad you take such good photos.
,oh i just check my stock port. My marketing was unable to buy me TICON at best price
,_2008 lol oh dnt worry u`l be able to squeeze it soon enough!! Hope you have a good day today!
," Ugh, looks like you`ll have some work to do . Good luck"
,"Sometimes after a long weekend, you just need good conversation. thanks bro"
,"amazing, my brand new PARI neb broke. go figure. and it`s the weekend. looks like i won`t be getting another one until next week.  *sigh*"
, really? awesome! we love it...and I work at buckhead church too. I love it all around.
, Awww!  I was thinking about you lot up there!  Glad you enjoyed it.
,My phone works! Its whack. Well good morning. Gonna go eat breakfast with neil before school starts
, ur welcome...anytime
,having a great time with family!! big ups to my bro n sis in law for hanging out  love n peace! {be free}
, YEAYYY! good for you
,Back from x-men origins . Was surprisingly good
,Chilling with Colton who just redesigned the Cocktail Hacker card backs for me.
,lol thats the highlight
,"happy mother`s day, mom  I hope the breakfast was nice.  I love u ?"
,"great mood todayyyyyyyyy. Super excited for the game tonight, not so excited to be one year older (tomorrow)."
,"'Viewers of my LinkedIn profiel also viewed Barack Obama, Francisco van Jole and Erwin Blom.' I`m in good company."
, Around better..  How are you ?
,"Reading my book in the sunshine, goona be a good day"
,also finally home with no friends or anyone.. kinda nice to sit in a quiet room.. do wish the gf was here tho...
,"#SanctuarySunday awesome news about the Leo Awards for Sanctuary, looks like they got 4 out of the 10 they were nomintated for, not bad!"
, http://twitpic.com/4j6kc - man i love your shelves! way to go diy diva!
,is on the road now! with 7 hours ahead and a beautiful girl behind
, I`m so honored to hear my name on a Breezy track  hope u liked my ****! #drunk_bowling
,"House of the Muses 4, page 28 is now live.   http://bit.ly/egVW3"
,fun on facebook.
, aww I wish the same thing...
,Download movie  'Jackass 3' http://tinyurl.com/caotku cool #movie
,unpacking my new toy arrived in the studio right now  it`s called TC Finalizer. can`t wait to check how it sounds !!!
," went with john grisham instead... she was very pleased & never suspected a thing, lol. hope tomorrow is a better day for you"
,Mmmm holiday commercials really ARE nice
,Fallen in love with enter shikari again. Might go for a walk with the lady later.  now though
,hey guys = ) i went to Jenny`s house today!! i had so much fun    so how about everyone else? what did u guys doo?
," haha  I love Dnt Regret It Now with Tyga <3 But just randomly, DeLeon sings on Tifanny Blews! Haha like one line.. XD"
, I totally did go! and he was AMAZING. He`s is the reason I bought the tix. He only did 3 songs. But Blood Bank was 1.
,happy mommy day!!
,"happy mothers day, too all mums out there  remember treat your mum well, she brought you into this life =]"
,#3wordsaftersex goodbye innocence!!!
,Another one popped up a human being. Congrats Nana and Wan.  Baby Iris is a cutie.
,Good morning! It`s going to be a kick-butt day!
,Hanging with kevin tomorrow!  out goes being productive.
,HAPPY JUDDDAY
,TODAY WAS SOO FUN!!  happy bday chrissy <3
,Wishes you hadn`t teased me with movie night
,"Packing up for the trip to Ascari track, thank you Bacardi"
,"#Beijing Good massage for you & Sexy girl & 100% real photo  13341015518 - w4 (Beijing): Hi, .. http://tinyurl.com/c48m6r"
,@ BeardBurk: Their being optimistic
," Not a problem,  Glad to!"
, Hello  ...hehe yup we sure do ...lovely to `see` you ****
,"Good Night,  Happy Mother`s Day !!"
,"Going to be buckling down this week. So, relief for my twitter followers from my inanity. Enjoy my silence."
, p.s. Dead like me was awsome. Loved that show  missed the last 2 episodes tho ?
,Going home. Hope one of you out there saw the play.
,Sunday my last day at apple but I won`t be in. Come kick it with me at El FAROLITO 4817 mission street @ 730pm
,Ahhhhh now If You Go Away  by  is on  YAY my other fav song of theirs
,night night dollies  you are al so amazing
,Yay - star trek really is 'that good'! happy to not be let down  gotta see it on imax now...
," - Bingley, just for that practise-the-proposal scene toward the end. So endearing"
, becuz you braggin
, i need 2 b getting 2 sleep 4 the night. Have a good sunday
,gooodmorning people of earth!
,"Friday yay!! And a bonus, don`t have to drive to Wales tonight.  Athough will miss kitten cuddles and going for a ride"
, Touch My Hand video = simply amazing.  Love it.
,sweet spice girls sing along w good friends
, sure. But be careful also of making statements that we don`t do it. Parallel ideas do happen. I`ve seen it myself.
, THANK YOU
,  thanks bebeisis that is right is your name by any chanve elisabeth???
, happy early mothers day!!!!
,"Cool music collection, can be used for non-intrusive background music - music from keygens!   http://www.keygenmusic.net"
," Wow, that`s really sweet! I`m assuming this is blog-related.  Thanks so much."
, aww what kind of dog do u have? I have a chihuahua named Zoey
,Everyone`s talking about the goodies at #BEA09.  I wanna be there.
,Sooo readyyy for the summerr babyyyy!!!!!!!!!
,YAAAAY! I think I might have Aced my history test today!
," Bill, likewise it was a pleasure- next time we should spend more time talking  #ims09"
,"Bones (the show). Check. PB & J. Check. Writing my play. Check. The simple joys are still here, even if the greatest are gone."
,Chillin` following some cool people!
,"The food here looks amazing! Our dessert is Frozen Grand Marnier Souffle, of course we have to eat @ the bar"
,"Good Morning, Twitter community! I just got finished eating a delicious stack of pancakes courtesy of my Mom and Bisquick."
, whew! thassa relief
,Yay we`re gonna leave earlier!  Can`t wait to get back to Hawthorne!
,is helping  making a twitter account
, hey u havent spoken to ur london bff for a while Whats up! wish i can vote  brody`s here soon ill tell him 2 vote 4u from me
,talkin to sum1 special
, Really? Bahaha. I love that you relate people to that. haha.
,I am excited to be home  finally a week and a weekend with people i know
, just make sure you have it well done
, thanks  sweet dreams to you too!
,we are looking forward to daddy returning from work on Saturday. He`s been gone a whole month
, Thanks for the followfriday recommendation! We`re actually at @_careerbuilder_ though!
,Here`s a definition of network neutrality for those who may be interested  http://tinyurl.com/ls4qn
, That`s exactly why I follow you.
,"has just come back from horse riding, what a brilliant day"
,_Cera That is so awesome  awwww.
, compliment taken. Thanks. Key is to be yourself
,http://tinyurl.com/oqsqz6 Grace`s FunZen magic mood tool for keeping her cool in the pool of real life which is now yours too
,made breakfast today......Happy mother`s day ..
,Thanks for your definition of throwbie!  Editors reviewed your entry and have decided to not publish it.
,Ahhhhhh I got stitches  I seriously cant wait to go to the beach! SUMMER HURRY UP!!!!!!
, Aww that`s still awesome. You had fun though I can assume.
,Happy Star Wars day!!  unbelievable
, i haven`t got a text back!  sod her i looks fabulous!
,Another water leak in my appartement. The good side is that I get to meet the girls previous & next floors
,My sister graduated today  it was amazing and super emotional. Wow ...
, Just ignore it.....and get sum rest...get rid of that headache
,thinks Aaron is pretty darn awesome
,HAPPY MOTHER`S DAY
,Wishing the rain would stay away for a while so that I can go to the pool
,havent been on here in ages  sorry twitter.. tweetdeck is broken
, Thank you! Tadi jam 12.30pm
,"Going home  but when i get home , BLACK BERRY ! WOO HOO  . . . and get to see presten ! <3"
,"Nine o`clock on a Sunday morning - Outside, sat around the table enjoying the early rays of sun, reading Twitter article in Sunday Times"
,Good morning  hope u all have a great day
,"bed...sorta. today was good, sara has strep thought Angelina does to; i shared a water with her B4 they told me, i will prob get it to"
, Good Morning Rock Star Nurse
,wishes Happy mother`s day to all mothers!!!
, The fever`s gone ... Thanks Jen!
,"loved, but hated driving in pollution"
," Wow, you were here? Why didn`t you tell me? J/k  That`s cool though; I have yet to see one..."
, mee too it`s looks amazeeeeeee
, Yayyy
,"Had a great day: beach, BBQ with old friends (it`s crazy that I`m old enough to have `old` friends!), & learned how to play texas holdem"
," yeah, it works better as a command"
,Well it almost was a good day... Guess I just retry tomorrow
, Hope you feel better soon.
, we will support you
,"Such a good little Saturday. Didn`t include Bed Bath and Beyond, but Borders was on the list. Can`t wait for tomorrow. Good day planned"
,So nice to go into the bathroom and not hear the sound of gently running water
, ha you`ll do fine! just be positive!  &aha i know huh. wht a long conversation. i remeber you and allyson did even lnger ones! x]
,"had a great time celebrating mother`s day  to me, being a mom is the best job on earth!"
,n case you missed the show yesterday - here`s a chance to listen again on the BBC iPlayer  enjoy  http://tiny.cc/oIkbK
, that`s precious
, Kewl Sounds good. Will wait for it. Thanks
,school for a bit. glad jake got the day off
," yes, it will finish at 7:30 tonight. Still the food has been great as has been the discussion"
, aww that`s awesome! he`s a good guy
,'Friends are the same soul different bodies.' Plato
, @_Bella_Cullen13 posted and its good
, hahaha thanks for clearing up the
, moooooooooooooooo? lol i copied that last.fm thing you had  looks good
,_Gamefan Thanks  I love 'Misery Business'; Paramore is such a great band!
, Thanks! I know.
," Hope you find a nice and healthy, also cheap, breakfast!"
," thankfully, no  why are you still up??"
,Just gave my mommy her Mother`s Day present...a purple ipod  http://twitpic.com/4wcpt
, Happy mothers day
," hello, i`m great!  how are you?"
, perfect song!
, I wish I was getting pancakes  booooooooo
,Why do weddings on TV make me cry? Is it just my inner desire to be eternally happy and start the rest of my life??
, Thanx sis I`ll b sure to let them know how many people r praying w/them...
, - Jonathan can  you get Priscilla Ahn or Raphael Saadiq on your show - they were fab on the Jools Holland show
,"thankies  no pictures in yet...but soon!! M`off to wash up love, have a good satdee ****"
," In the end the magic of `And so to dream` wins, along with swaying back and forth within site of a sleeping mommy."
, Ah good. Glad to be useful.
,had delicious pav  bhaaji  finely chopped onion  little dash of lemon  Yummy!
,"Had a BLAST this weekend with my sweet girls in Vancouver, watching my awesome Celtic lads... AND I got to see Alissa! Now I`m home"
, thank you alot
," If I am... so are U, my friend.  HA!  But the thing is... WE make old look GOOD!"
,Playing hooky from work again so we can go see UP. I hope we get along.
,"$900 cheque to cash tomorrow, why I didn`t get it in the bank I have no idea. Feel safe to get the 500D now though  woooo"
, i saw a piece of that movie...loved it
, Your second episode of Sonny WAC was on in New Zealand tonight. You were (and still are) AMAZING! ily  ****
,Celebrated Mother`s Day with the best lamb roast lunch followed by a box of Cadbury`s shared around the table. It was a wonderful day
,"'...you`ll never have to be alone; i love you, and that`s all i really know...'"
,I will not be late.  I will not be late.  I will not be late.
," sounds cool! Liverpool`s ace, especially if you like the beatles cos there`s museums and shops dedicated to them"
,"  Yeah It Good But dont Click The Red X Because It Shuts It Down But Other Then That Its Good  And When U minimize It , It Goes.."
,_jg hahaha i don`t owe you anything; now you owe me a red LOL te amo idiot hahaha te veo ahasta el lunes
, Sounds like a nice relaxing afternoon. I have to mow the lawn and walk the dog
,"Grilled chicken, broccolli, and water.  Yummy and healthy. Well until I put butter on my veggies but whatever"
, hey handsome!  I`m packing
, meet  - she is the Zombie expert i believe..
," Yeah, I have seen the reviews and they are great! It is just that the reviews surprised me. Now getting tickets for tonight"
," Hey, nice seeing you on Saturday. Glad things are going well for you."
, ive been there before  haha
,"Morning all. First tea of the day, and just about to record the voiceover for a documentary about modern Druidry. Good times"
,Happy mothers day to all the mums!
,FYI no internets until THURSTAG!!!! after saturday  i have a feeling i will become 800x more productive during those days.
, awwww how cute its a pUG
, I googled 'engagement rings' & this is the EXACT ring i want.it was the 1st result too  *sigh* love it.http://twurl.nl/jaq5j4
, ok point taken.  I`ll tell my team to stop our cynical championing of standards. Active-X is far better anyway
, OK. good to know.
,"Yup, I`m pretty sure summer could not have started off any better than the one this year"
, Really laughing out loud! Seeing a limo in front of MacDonalds is just to funny!
,_sl happy sunday to you to
, hahaha my boyfriend! yeah he looked so different there... but he`s so cute... i so want to watch the movie...
,i reckon i could live of yogurt for a week if i had a good selection of flavors
," http://twitpic.com/4w0yj - wow, fancy!"
,Signing off to spend time with my hubby   Goodnight / day tweeple!   Have a very Happy Mother`s Day!
,So theres this boy. Hes so cute. Hes got a six pack.  yum it was fun touchin it.
,...... is an awesome band
,feelin nice after this bottle of bacardi
,_ara Good to hear that  Allah aapko sehat de (Y)
,"i love this girl  ,she rocks!"
," Milk, Gran Torino, Bolt, Bride Wars, New In Town (yeah I got through a few...) **** I love longhaul"
, OOuUch!...good luck
,is gonna go yoga-ing with a jumbo cup of coffee!!!!! Thinking about it is making her very happy!!
,Oh that just made my evening.  I forgot Merlin was on tonight!  But its a toss up between Rove and Spielburg on Spielburg on ABC2 choices.
,Celebrating mother`s day with apple pie
,"hillsong tom. night, and dad`s birthday! i wish i could see him on his bday though."
,Bank Holiday Brunch.  With all the fixin`s.  Absolutely fantastic
,"ready for a very busy, FUN day tomorrow! gotta keep myself busy when my lover is gone"
,watching a youtube vid of  sing paranoid live   is so cute when he sings lol
, it`s ok because one of my favorite movie series is Star Wars. That makes me more of a dork than you
,Follow _joe he`s cool
," Awesome effort this w/e,even if u didnt win.Good luck at Tassie"
, thanks for the follow! The love of your life is adorable
,gonna walk around for an hour now :I but I`m totally motivated! Wahahaha
,"_city Hey, u like FOB 2! Follow me, luv 2 talk more, looking 4 frineds  followers!  ~Ellen~"
, Love it! You look fabulous and it was so nice to learn something new about you
, aww. I hope you feel better soon.
,"Come on Kirk, hook up your Wii to the wifi....you can do eeet!"
, lmao I`m glad you guys liked it
,"wellllll, I did most of my homework. and i kind of finished with editing. And I`m not as tired this morning as I thought I`d be"
,I had a great date last night...tried to find the CDCaves with Daniel  it was HILARIOUSLY FUN!!!
,"Happy mothers day to all the Twitter moms, sent my own mom a very sleepy video by phone and called after."
, http://twitpic.com/336u5 - i love her too !!! she shouldve won
,i wish the birthday massacre would come to australia  i think they said they`re thinking about it though!!
,Yay me! I did good on my com final  I needa step up next semester forsure tho. No more distractions.
,Jeff & I are looking for long lasting love! Just not with each other we both like Men
,"New job today, wish me luck peeps"
,Good morning friends. Happy May Bank Holiday.
,"For every kiss you give me, I`ll give you three -"
, I love sausage too  #kitchenfire
,  haha i like modern studies..... its my favourite subject  haha i guessing you dont feel the same? ****
,"going to eat some pasta bake, my favourite food! later going to the flea market  you`re my lilime"
,is waiting for the final of shipwrecked to start. goodtimes.  <3
, lol. i get about the same reaction when i mention my new goal - kona triathlon now that boston marathon is done.
,  Yes. I am secure in my masculinity.
, will be following you tomorrow!!  sleep well
,"thanks 2 become my friend,twitter..  selalu ada ruang untuk sahabat"
,Good Morning Twitter Bugsssss 8:48am and my day starts nowwwww
,true lol no problem about the unfollowing..not mad
, Aww Thanks!    Glad I appreciated the weather so much yesterday!
,11:11 make a wish
,_Loves_NKOTB yup...as always....wonder when me and V will ever come back to Earth...getting kinda comfy up here
,"Happy 'Star Wars' Day, Twitters.  http://migre.me/SiE :*"
, I`m sooooo excited to see you also love.....let the craziness begin  7 daysssssss YAHOOOO
,i am! lol its just i got used 2 talkin 2 ya..!
, good morning!
,ITO EN Tea Apple IS DELICIOUS!!!!!!!!!! (looks like I need to go to Don Quihote to buy more!!) goodnight
,"has had a fab day on placement, But working all weekend."
,Had a good day selling at Feria Urbana. The ladies love them some laser-cut felt.
,"   woooooo im seeing you in glasgow when you come, september is agessss away but"
,watching Scariest Places on Earth - I love this stuff
,lol i cant drink!!
,GETTING A PUPPYYY!!!!  What should I name him? I think Romeo is cute.
,i think i like the workshop
,"niqhty niqht niqht .. all toqether, GREAT day  ;;  ily yall !!"
," Thought you was one of the best on Heroes, pitty they are killing all of the good characters off  how do i use this thing!? lol"
,"Ah, finally at home in my comfy bed. Goodnight"
, you got it. poor thing not gonna have a choice for much longer though
," i`ve heard that ST isn`t true imax- shot at 1828x1556 and blown up to 4096, still- nice big screen!"
, think so but my boss is in Switzerland all week. going when she returns  ira gonna be awesome
, are u planning on doing cardio for 1.5 hrs? If so that`s very reasonable  whatcha do last night?
,wats up in your world x) i just won a basketball game  best shooter on the team  idk if shooter existes lol but you understand haha
,  the cokies arnt real imaginary will hav to do mmmmmmmmmmmm cookie...
," yeah the freedom is awesome, it`s great being a little more independent"
, May be back later...hope you have a good day  Byeeee ****
, awww THANK YOU!  you are a great guy too  how`s ur weekend been so far?  hugs ****
,"Just been out to try to catch a swarm, gone into a roof gable end   Set up a bait hive an hoping for the best at the moment"
,"Celebrated 18,000 plays on Last.fm with Dez Moines by #tdwp http://bit.ly/GWUHX"
, thanks well impressed it`s much better than my last one ! must b the clean living  Gluten free lactose free food
,Wish I was in London to personally witness the Nun Run! What a great idea for the opening of Sister Act`s new broadway show
, love session 2 of king of queens
, Happy Mothersday
,just realized i gained 40 pounds in the last year  http://bit.ly/wCr3a
, Hi Dougie I`m your fan from Thailand. I`m Film `Luv ur song so much
,is also wishing these two lovely mothers  &  a very special Mother`s Day!!!  enjoy!
,HAPPY MOTHERS DAY TO ALL THE MOMMIES
, Amen to that! My vitamins made me so ill  I felt better before i started taking them!
, love you 2  so how are you? xxxx
,Red Rock for lunch with Colin.  and  couldn`t come.  IPA Junior freshly made! Yum yum yum.
,Tonight was fun
, oh no.  hope you feel better soon. Hugs. I had flu earlier this month.
,what a great day for a massage! book your appointment today  617-262-2220
, coool thanks a lot  ****
, Lol...  Its NOT the same!!!
,but worth it i spose
, i know. i need to get their cd somewhere.. hopefully they sell it here in finland.
,"  Welcome to Twitter  It`s really cool that you are here! Greetings from Vienna,Austria"
,"trying to record my audio source, maybe I need a specific program  I`m good thank you  hehe"
,"happy birthday to my little sister gee! in celebration, have an article"
, that would be awesome  lol
," I will tweet you sometime tomorrow, anothe busy day! Goodnight **** Chickie! LOL!"
,mufasa!!!! warriors or the OCEAN!  hahahahahaha
," I love the humor, I just reworded it. Like saying 'group therapy' instead`a 'gang banging'. Keeps my moms off my back.   Hahaha"
,Ive got the greatest boyfriend in the world. I love him so so much.
," OMG, you have curly hair! Too cute!"
,I have found the best songd to have stuck in my head are relient k songs...I know every word and can finish them
,Had fun early night Vegas because Pool tomorrow
,Need to fold laundry and finish dishes... clean out the rabbit`s cage too. That`s about it that really needs to be done... doable
, Haha I should. But I won`t. lol Then I might miss something.
,Our kids are both in a Derbyshire schools string concert at the Buxton Opera House today. They`re both quite excited
,going for lunch soon  with my fave cuzs
,Nothing beats spending an evening with my mom
, I`m here if ur here for me!
, i knoww  she is da best!
,"Good night all... Just set this twitter thing up. I`m very new at this, but I expect it to come in handy."
," thanks, feeling good and off to New Forest later"
, it was nice to meet you tonight & thanks!!
,happy that Google Wave is trending.  Can`t watch the video for it... certain flash videos are blocked by my company`s network.
, You are always amusing.
,"'Completely dishwasher safe, except that the pattern might come off.' Blue Coat humour at its best  Three cheers for Viz"
,_august84 haha...  may be.. hehe.. I might have been imported.  but i love the heat... love playing football on a hot day....
, read your status update & just wanted 2 b sure I was on your follow list  Hope u r having a wondefl wkend Michael~blessings
,"says i got 2 cards today, from eva n clara. thanks, guys.  http://plurk.com/p/roo6c"
,thanx 
, Mmmmmm I love curry. Don`t have an Oregan though.
,is in a good mood
,: Ok its suppose 2b followfriday not unfollow Friday  aw well I have nice tweeters anyway! <-almost doesnt sound right...lol;)
,  haha aww hun i bet you are more creative than me
, my heart sings
,", ahhhhhhh so excited for july 21 (: ecxept stupid australia won`t get it til like decembbberrrrrrrr  but stilll ahhh! congratss."
, Good Morning
,"But anywho, I just got in and out of the pool within like 30 minutes because it`s about to start storming"
," the new series of the hills was on yesterday in uk , it was amazing! you looked really pretty on your birthday too."
, nah i followed them first then they followed me. i think 12-306 overnight is pretty good
, pffftt! You know how I like to stay busy!  I`m Awesome (and sober...dang)! How are you??
,"its really incredibly gross outside, so im hoping to get alot done int he house today!  including pics on the blog! morning friends!"
,Now I`m off to bed - HAPPY MOTHER`S DAY ALL - HAVE A GREAT ONE
,welcome to the family new pillow  im going to lay my head on you tonight!!!
,just cos i dont have an ipod touch yet - doesn`t mean i can`t look at some apps! they`re sooo cool.  twittering in school? awesome!
,4:15 finally home from the city.  - now time to head to sleep!!  goodnight! & happy mommy`s day to all the mother`s out there!!
, So you`re gonna make me go alllll the way to the store??? LOL  I have to find one...I`ll Google.  Thanks.    LOL
," Good stuff, Smiles back? Why won`t you go to his concert too? :o. Wish I could instead of doing my music which is failing  lol x"
,"watching #f1. I live near Montmel√Ø¬ø¬Ω, I`m so excited about this race"
, 9 more week! July 8th. Flolloping just perfectly describes the way she moves my belly  hehe
,Every day is Mother`s Day.... Don`t wait for 1 of 365 days to come around to show your mom how much you appreciate and love her.
, so you should. You`re a fantastic actor it`s about time you got some recognition for it.
,is excited. Lots of good things happening work-wise here in Melbourne
, that sounds cool! post video!!
,wanna do some sessions with ronnie he da bomb u know?
, your new song is AMAZING
,New pickkshaa! If it`s really big then it looks MILKY!  YAAAY!
," Morning, dude! Ivy has decided she wants to go on a boat today. Are you guys around this PM? Would be nice to see you."
,Happy Star Wars Day everyone! May the 4th be with you all  ****
,"  ha ha, and what game is that? i like games"
,Loves Agustin and his happy morning moods
," awww  I know you never will, I`m so thankful I can count on you, love ya boo"
, excellent  looks like you`ll have some twitterific competition
, You`re such a sappy little fellow!  Thanks for all the well wishes. I`ll need them. After today I have one more exam.
, haha that`s because you also look amazing in it! have fun!
,_Stained http://twitpic.com/4jhe5 - I LOVE it!  that is just so awesome
," since I`m reading the Twilight series and watching Underworld today, I gotta say...perfect pic for my day"
,you are so right! 
, I hope for a speedy recovery for you!
," Well, all I can do, is pray for you....."
,Downloading Chex-Quest!  Been about 12 years sins it`s final release you say? Your Right!
, Oh wow they are really good  I think Im going to use one of them lol.
,love for vintage books...old books shopping this morning
, lol very much appreciated!!!  so excited!!!
,"PLEASE PLEASE, ANYONE?"
, night honey..see ya tomorrow
,_ that is the truth.
, Im glad you`re a lot happier barakitten  <3 see yah in july
,happy mommys day!
,its 35 now.   ilycecily <3
," we did! They came out cold  The cheese sauce was good, though."
,Officially Mother Day here HAPPY Mother Day to all the MOMS
,just getting off of work for the day! Hope everyone has a wonderful mother`s day tomorrow! Hope you enjoy ur cheesecakes too!
, Love that song! Happy Monday
,"Ok back later, have a great time regardless of the weather  PS I`m only a BB away!"
, OMG i want to go too!  hahaha
,all time low mean so **** much to me. i hope i get to see them in june. it would be so awesome. gaskarth is amazing
,http://bit.ly/dIQF3 I hope some day my mom will get this message!
,_Heidi_V  Thank you pretty lady.
, The ball is in motion. I have to type up concepts in outline format we could develop those to ensure we deliver greatness
,"So, I picked up Chris Botti`s~Live in Boston CD, listening while driving home tonight under the moon. Didn`t want it to end."
,star treeeeek?! only one hot guy there  and i get to watch him do his hot stuff woo.
,"Messed on these   But I`m makin` it right! , ,  Best Holy Day wishes to you all!"
,_roo you`re welcome.
, Hey never realized that you also get a Twitter account.  Your guides are truly many times a lifesaver to me.
, Wish I was in ATL!!
, good good!!
, Your welcome hun!    They are all amazing people - make sure to say hello to them!
,Wishing it was naptime
,"Had a blast, babe. Thanks joe. <3  i love everyone! Tyler...happy birthday."
,is cold and wished to go back to bed
, thanks for having me! i had a great time too
, that is definitely a blast from the past
,"re-dyed the hair, early start tomorrow heading down to londons clothes show, great place to be when i feel fat.   bright side = motivation"
, I really hope so
,", love your background, I just might have to copy it"
,going shopping with my mammyy.... my makeup and face are being generally quite nice to me today
,Happy Mother`s Day!  @>--->--->--- A rose for YOU!
,just made a South-Korean email pal. Happy!
,likes the smell of the roast in the oven mmmmmm must have dips and sakatas to tide me over till the roast is cooked
," Thankyou, yes. Off to a pre-wedding party now."
,proud of the ceviche and bellinis turning out so well and LOVING the smell of fresh flowers in the house
,_Cool yep here`s hoping
,17 again was funny
, too short as usual...  but was awesome
,love how dad said he`d be ready to go at like 3:15 and it`s now 4pm and I`m still working.
,Number 999. My next tweet must be something really special.
," LOL, point at yourself and laugh!"
,"  hope you guys are having fun!  Can`t wait for ya`ll to be back, Wilmy isn`t the same without you"
,had a nice mother`s day with mum. she liked her presents. wondering if i`ll ever see some one again. talking to sisa.
,have a good day      ? http://blip.fm/~5yomt
, Thanks bro.
, You be a good girl Whitney
,Making egg tart & Chinese egg pudding. Yum
,_another_1 I love that we just get a little peek of your dimple
,"unhooking my pt`s, then home to SLEEP! SLEEP IS GOOD"
," Well, in LA is decent weather. Tell me what`s happening in the future"
,_A_Tx lol i havent watched it yet..  congrats!
,flashlight tag!  i love playing games in the dark.
, have fun at the viper room tomorrow night  i know the fam out there will be in attendance to support all of yall
, totally agree
, Go for it! Chinese sounds yum!
, Done some book signings in Manchester. Nice people up there. Enjoy the week.
,Plain White T`s and Sara Bareilles...can life get more amazing
,Happy Friday! I just realized I left my cell phone at home today though
, I am pretty sure that`s the sort if tweeting that will lose followers. But stuff it- it was well worth it
,"Awh, its the last day of the tour  I`ll miss hangin w/ and Children 18:3. Soooo...let`s make it an awesome nite in OK!!"
, It`s ok now ! I`ve cleared my cache and everything is fine
, awww  ok lol hopefully by than im still here and not back over in the states
, it would be cool if they had people make videos of themselves miming the song and make one big video  so EVERYONE can be in it.
," yep i am.got back this morning. NFg were fab last night, but i cant go tomorrow   you getting MS ticket soon? 4weeks away"
, I was just about to put in '@' and then my username.. Wow.
," Thanks, Nick. Means a lot coming from a designer of your caliber  #symphonycms"
,"Hoisin duck pizza, salt and pepper pizza and gelato for dinner with Edmund and Jade. Good times!"
," Awwh....well at least you are up top, where the magic happens!  Today will be a good day, no worries."
," I know, she`s great!  The Climb is sooo good!"
, be patient  you`ll get it soon
,I`d like to thank my normally only randomly working internet for actually staying up from the moment I saw the tweet until now.
," So far, so good. It`s still early, though!"
,: just had my debut on Thursday @ The Gallery Lounge! It was fun... can`t wait to do the next one!!
, I`ve been readin your last few twitts. I hope your ok
, Amazing.  Thereby proving we cannot believe anything we see
," THIS CALLS FOR A HIGH FIVE!  (Don`t miss, hotshot xD)"
," thanks neemah. I`m gonna be soooo close to you and izzy, yet so far"
,"is almost done with the third/chapter cover page, yay"
,Travel blog up and running!  http://charlenedianetravels.blogspot.com Can`t wait to start filling it up with entries! )
,is wishing all of the mother`s out there a very Happy Mother`s Day!! Love ya!
," Ahh.  ... Well, I was hoping that I could learn some stuff on the way. ... Why not you and I work on separate things but also"
,I really want to go see UP!  haha. Tooo cute! (:
, (((HUGS))) back to you - you also have that look!
,Time for me to go to sleep! It`s almost 1am. Night everyone! Happy mothers day to all the moms out there
, Hey lovely.. hope you had a good day  Thanks for an awsome night and teaching me how to put together a tie...hahaha
,Jimmy Eat World`s initials are JEW....new favorite band
, good luck! I have no doubt you will be hilarious. really hoping to see you dressed as some kind of foam food item  and go...
, aww  loves you! way too cute ;)
,I woulda never believed that five years later I`d be a female engineer myself making tracks
,Just got home. :3 Was pleased with Star Trek.
,Okay...So I have an AIM account now...Send me ur S/N`s on there so I can add u...Thx!
,What a great night.
,I miss Feb 23rd 2008  best night of my whole entire **** life. I`d rather re-live that night then win $1million.
,Happy Mothers Day to all the mums in my life and those that are not
,"oh, it`s  `s birthday! happy birthday andre michelle"
,i love how nice the weather is today and i am camping tonight! oh and i hate my hair
,_anderson hehe   fun tweets !
,"Right! Into action! Grab a shower, grab my camera and, I think, a walk in the sunshine along the canal. Later, good tweeple"
, you say the nicest things.
,At the Spoke Club - fell in love with Tom Arnold all over again (not Rosie`**** definitely different)... Lucky moi
," haven`t read that book, but heard of it. Feed, spay, love is a great motto for pet owners  although there is more involved"
," loving your music , had a good recommendation from someone who knows his stuff"
,LMAO! listening to the great Bob Marley!  Wow hes so awesome
,"Good night all, 15 miles of trails with 7 peeks to climb in the morning, fun times ahead"
,"is anxiously awaiting Rockets-Lakers game ... Yes, I finally got Tix for Games 3 & 4 .... Yeahhhhh"
, Interesting Combination  Have a great one ;)
,"Goood Dayy  Beeen shopping, didn`t get what I wanted though  But my best friend has comeeee homeeee!! XD Ily Shannii x"
,Last day to sign up for GoCincinnati! www.crossroads.net/gocincinnati you can sign up with my group.. its going to be AWESOME
," Yeah, mine said 'That`s a nice picture' & gave me the red x!  Hope you get it working soon!"
,_26 i wish you were here to take care of me
,second song is coming along nicley
, doin fine relaxin at work... Hardly working
,: i really adore your K-POPPED site ! http://k-popped.com/ haha
,Glad I trudged through the first 60 pages of Anathem.  Now on pg340...it`s been a long time since I wanted to call in sick just to read
,good morning guys!  experimental chemistry test this morning :s wish me luck!
," yeah, i`m so excited."
,Tired. About to climb into bed and fall asleep. I hope this weekend will be fun... I only have a couple of weeks left
," thanks for trying   I was hoping Bud Trillin, but the Fest would be honored by any of the guests with whom you hobnobbed."
, Yea its nice! But im only here for a weekend!
, I agree. I danced with my dad to 'Kind & Generous' at my wedding. HUGE fan.
, you are such a great person.
, sexxxxxxxy  I had a silly weekend with my bff =P Fun times! Haha
,"Is finally home, fed and ready to go to bed and its only 2:45am.  That`s gotta be a record"
,"aww, You Are The Sunshine Of My Life from Bob and Larry Sing the 70s.  makes me think of  <3"
, Hahahahahahahahahah! That tickled me so much!
,_Josa how exciting!!! looking forward to pics on facebook  ****
, I want all the soldiers to come home so we don`t have to hear about anymore being killed.
,Just read McDonald`s is actually running more ads than before the economic slowdown. Great. I`m lovin it.
,"Going to bed. Today was another good, if uneventful day."
, the new song with cobra starship is amazing!!
," bahaha, BOF? you`ve gotta get a life... although i can`t say much with my obsession with miley cyrus.. I`VE gotta get a life"
,had a nice time with juno  http://plurk.com/p/sv71z
,Happy Mother`s Day to all your wonderful moms!
,"If any one is looking for  he is now at   (And if you don`t know him yet, follow him anyways, good guy)"
," ha I think I got like two hours of sleep last night and I have an early start tomorrow, so chillin and sleep is needed!"
, right on!  i`m 29 myself... i turn 30 in october. i think that pretty much makes us awesome
,  maybe a good night`s sleep for everyone?
,Fixed my favourites. $180 and the heels fell off after 4 wears
," pretty much, thanks.  seeing if a little Gilbert & Sullivan will cheer me up more."
,working again today  but off tomorrow for dan`s party! yay!
, Thank you  xo
,"Welcome aboard to 5 new followers  Thanks, I`m honored."
,Lets get rich and give everyone nice sweaters and teach them how to dance...
,"_Morris Congratulations! what a milestone for you and your girls! I`m almost at five months, just for one though  You rock!"
,http://goingtorain.com/ - about as precise as any other weather report
,just had a bbq... YUM im full now
," I`m good, thanks.  Hope you`re enjoying the weekend!"
,Star trek was SOOOOO AWESOME!!!!!!!!!!!!!!!!!!!!!!!!!!!!!!!!!!!Spock and Kirk were hillarious!!!  Im seeing it again. sooon.
,  Happy Monday!!  Hope you have a great week!
, Ready and waiting Donnie   We love you too
,gonna knit a felted heart toy for mum for Mothers Day. she`s so great (not really) she loves anything i give her  luv ya mummy
, Thats beautiful
, i`m trying to figure that out right now
, very impressed
, im glad you got on twitter. I love you baby
,I Love All Time Low
,Watching Battlestar Galactica Season 1...Yeah you read it right!
," Guapisimo, chico you and Ms. Lady Gaga looked amazing as usual"
," John ohh, I like you. Like, Like-Like you.  Best show ever. <3 the maine."
,still in love with marky mark
,I`m one tough momma. Put together a swing set for Tammy allll by myself today!  My hubby would be so proud of me. :]
,Happy Mother`s Day to all of the woman and the men who made them mothers.
,Its a lovely 58 degrees right now at 7am.  amazing. Enjoy melting vegas. :l
,"is predicting a heavyweight battle between Lakers and Cleveland on the Finals! Well, hopefully! *crosses his fingers*"
," I just retweeted your jesus post as it made me laugh... don`t worry, wasn`t a subliminal code"
, what a cute dog
,yay i hit 50 subscribers on youtube. go me  lol.
," haha, nice pic  looks abit like my school"
, Thank you!!
," : yaaay,  you`re back .FINALLY!!! i love reading your tweets ;D. and you ;P"
,I wish I could get sushi delivered to work
,HaPPy MothErS Day!!! Feliz Dia deLAS MAdres  mine is already in Heaven.. =( Miss you...
,"wow, so x-men was pretty much amazing. i love wolverine."
," Wow, you`re car`s awesome! Have fun with Alex."
,just relax
, So the man behind the awesome Macarena vid. Great work. Love it.
,i miss her ..... i hope she comes back
,my portfolio v2 uploaded! any comments and feedback are warmly welcomed!  http://www.maxiin.net/
,Gdnight Tweeters (: Night  sleep tight and don`t steal my blankets  Otay! I love YOUS
, welcome aboard my friend... the fans are gonna LOVE ya here
, I hope to take you on that offer one day
,the globe theatre rocks.......nothing better than romeo & juliet as it was supposed to be watched
, cool! Linux?
,"wakey wakey lemon shakeyyyy!  haha, goin` 2 schooliooo!  it`s raining!! (ugh!) guess where I WISH I CAN BE RIGHT NOW....CaLiFoRNiA! ???"
, haha you would do that =P that`s cute. nobody ever comes to visit me  god **** lake geneva and how far it is from civilizati ...
," Thanks for the headsup re: tour, just booked 4 tickets for the Palace on 20th June"
,Hi CelebXXXVidsYH and AyBygW! Thanks for following
,"I can only message those who message me, if we`re fwends...so those that want replies..follow me.  hmm..that sounds funny.."
,"my wack friends are all raiding my kitchen. RENE, my love bound for badluck and DEBBIE, my psycho korean friend.  <3"
,likes cheerios and scones in the morning
, Good! I hope that it was a wonderful experience!
," haha hell ya id love to find some boys to toke with, and thats a very sexy bike"
,Has had a really good bank hoilday
, thanx for the msg! glad u liked my singing!
,"Dear Daniel, good news from Nintendo! They want you as a potential Lotchecktester! Hoffentlich wirds was mit der Stelle"
, Love to but can`t swing the 11 am  I would more than likely do an evening tweetup in the future!
,Best show of my life. Guess I`m going to sc this week
,"Feeling very grateful for such a great Mum, and family"
,_Wesely he he   love it.
,"Just taking my dad in law for a Sunday stroll down Old Leigh  a beautiful morning, say Hi to Morris LOL  http://twitpic.com/4wt8k"
,Watched The Rescuers Down Under with Dru and ate Mickey d`s. This is how Disney sequels *should* be done
," Thanks for follow. Was just adding you from your twitter page, after commenting your blog"
, Thank you! I appreciate that.
,HAPPY MOTHER`S DAY LADIES!!! Hope you all have a wonderful day.
," have fun!!!!  i dont have school for a while, wish i could go to germany... its like 1 hour away  xoxo"
,liz just left  aww it was so good to see her.
,Time for bed!  Hope your saturday was as lovely as mine was...
,http://snipurl.com/hq0n1 Just printed my mom an Amazon gift card  for Happy Mothers Day talk about last minute.
,I want it to rain today! Like full thunderstorm style! But it probably won`t
,  how great is that!  Nice to meet you!
, LOL #yourock
,watching 'Say Anything' - great `80s movies and the starting point of my love for John Cusack!
, Aw Yay
,Think Big! 'The size of your thinking determines the size of your results' Bob Proctor`s great advice      http://www.wealthwithsoul.com
, I√Ø¬ø¬Ωm good. Wanna get out of the office....
,Just sat down to play a quick hand of poker and won $5k on my first hand with a flush. I`m done for today
,HAPPY MOTHER`S DAYYYY!!!
,Its finally nice out... An hour before we leave
,"At work surprisingly happy all things considered, ahhhh loveliness"
, hey Momma Cherri`s site is still active: http://www.mommacherri.co.uk/ I`d love to go too one day
,HAPPY MOTHERS DAY TO ALL THE MOTHERS IN THE WORLD ESPECIALLY THE TWEETER MOMS
, Musashi`s? Has a great rep. Or did you go to Kitaro
,Looking forward for orange juice and fried eggs and cinnamon rolls tomorrow morning!!
,Excited for today! But still so much to do
,awake.  school. ew. but i put on some nice lotion.
,EMO moment!!  Just said good bye to my best friends EVER! But we`ll meet again for sure!
,pythonkings.nl    equals ---->       almost better than the sims....
, - I enjoyed seeing EVERYONE that presented on Saturday at the Clark Howard event - Especially the 3 pre-clark speakers
,such a nice day and i`m gonna be stuck inside all night
,I`m going to see sweeney todd on stage with my best friend for her bday today (I know I`m going to be the one who sings along!!)
,perfect night in nj.
,"I was glorious at 6.50 when I went outside, so why has it gone cold and cloudy now"
,happy mothers day
, So romantic!!!!I hope you both have an amazing time...and paparazzi don`t follow you!!You need more privacy with Doug  xoxo
,_Layne you`re welcome sweety!  muah! xoxox luv ya!
,"whaaay, first day on my own tomorrow. this should go well"
," Thanks!  Actually, when I first got my twitter, my pictures wouldn`t upload either. But they upload, it just takes a"
, wow thot we`d lost ya lol lol
,Gave my mommy her Mother`s Day present. Tickets to Aerosmith (her favorite band everr.) Yay for a good reaction.
," Buying my copy today, so excited! Need to learn it for friday  Good luck in sheffield"
, when u do get at me i will show u all the hotspots there is no where i dont kno when it comes to shoppin here lol
, alright don`t want you to overdue it now. LOL you are funny  nite nite
," not to sound preachery or anything, but my iphone is amazing.  haven`t had an issue since the 2.0 firmware   {wink wink}"
,"Good Morning! Happy Monday, Everyone"
, I **** love the **** internet.
,"might be seeing my god mothers little boy in a bit  . Leon, so cute <3333"
," Awww, yeah, I love that one.  I remember seeing him at Great America w/ Tassi.  Such a great memory"
, thanks you soo much i need this day for these five kids lol
, Just DMed you your login details for the Twitter Salvation System. Enjoy! do let me know what u think.
, OMJ my sister brought Coldstone cupcakes today instead of a cake to celebrate bdays in family and I was so excited taking pics
,  Thx 4 sharing!
,#HappyMothersDay to all the moms out there
,yo yo yo! i like ice cream
,"Back from the gym! I`m no expert or anything, but I`m pretty sure I am not going to be able to move tomorrow, maybe even in a few hours!!"
," Hey babe, nothing much tryin to see what imma do at work today lol, look like the load isnt so bad."
," oh, a really good 1 dude, thx... added"
,I quite like baseball and bball oh and the odd gridiron match that a tiny tiny part of the worlds population calls football
, the next wk I C Drs too but maybe then? I would love it! I did go to Mac Grill.  John was not there! Thought of U!
,Watering the plants at home. Drinking a delicious smoothie from morgans because my jamba exploded.
," not in this part of Surrey either, feeling quite a bit nippy I must say. Afternoon to you"
,so...i really want to be home right now.
,enjoying my Bank Holiday  Just had a meeting with the real estate agent who will offer our Amsterdam apartment for rent
," awh Tom, thats really cute. i love you guys for that really, `cause you care about fans  x"
," Oh, amazing  I have two too and I need to have the third (yn)"
, THANK YOU LOVE!
,Where can I get nice food for Mam down the Bay that a) is likely to have room for 3 tonight and b) isn`t the mingin` burger kitchen
, thanks for havin us overrr!
, YIKEYSSS!!  I`M HARMLESS REALLY!! JUST WANT SOME ATTENTION FROM BRODY!!!
,i wish i can go to two different schools at the same time.
, Ferns n petals (fnp.in) should help you accomplish that task
,"Right, is too glorious a day to be sat inside....must go and do something more active! Have a good day all"
, dunno. Maybe the flu. I feel a bitbetter now.
, facepalm  hope the interview is a choice and not a forced thing...
,good morning  tis a rainy Monday morning...blahhh!
,wish i was going to prom!!!!  oh well..going to go wish my girls good luck!! then going to good oll APPLEBEES!!! yumm
, Awesome pics! It`s a nice way to start the week
, anytime. I aim to please.
,is going to relax and chill out tonight ... back to work tomorrow after a week off ... least I had a fun time with the girlfriend ...
, Thanks for trying! Done just that and no good  If I can`t fathom it I`ll take it to Apple Store. Sigh...
,"yay, joss is coming over on saturday"
,I got the ticket dismissed
,thank God we finally found her!
,"band recommended by Steph --> PARAMORE! who else? a great band, consists of->Hayley Williams,Josh Farro,Zac Farro,Jeremy Davis  best band!"
,Riley had an alphabet fashion show today and I forgot my camera.  It was so cute!
,I had so much fun tonight!! But i am soo excited to get home and go to sleep
,because he _real_nash wants to be an honorary Filipino  i`ll follow him now ;)) thanks !
,"Days with cellstorms, I like it!"
, are you making fun of the  call-in guy?
, u go to profile then ill help u from there cause ur right next to me!!! he he he
, Welcome home!  Glad you made it home safe!
, *hugs back* me too
, and welcome to dk  #jaoo
,So hyped about E3. I wish I could go...
,Happy mother`s day to all the mums out there
,One good deed deserves another. I hope to help someone else some day
,Its funny how I want something even more... now that someone else has it and i cant anymore    hahaha NEXT!
,wow i just slept till 2pm..again... good job me
," my lil sister Charese, her best friend passed today"
, Haha  i like you default picture.     Meow.
,  give them my best!
, congrads on engagement/bridal shower! sounds like fun for upcoming 'jump out of the audience'  wd love to join in!
,I had a great time at the surprise party! We got him good!
, teehee. it was a good show anyway
,  glad you liked it-  he`s done loads of arrangements but that was the only one i could find on blip
, thats what andy said a few hours ago....I HOPE THEY ACTUALLY ARE
,I am a big fan of Danny Dyer I have to say this movie looks awesome  http://snurl.com/hpwnz
,Came tantalizingly close to acing a Facebook communism quiz. One question has 'I hope Britain will be next communist' as correct answer.
, http://twitpic.com/4wh4d - this is a very pretty picture
,a successful shopping day
,  congratulations  were you being mindful through the run as well or / and listening to music?
, Thank you! You know I really love `BHB`
,Good mornin & no u tol twitter LOL but I knew & called u yesterday 2 see if u were okay but no answer  how r u feelin babe?
,Day 8 of the 30 Day Shred and Day 5 of Special K Challenge... I feel fantastic.
,http://twitpic.com/4wppe - we are one hott couple  eventho this was a few yrs ago but we still r
, HAHA all because of chocolate? Always knew your heart was in your stomach. Wait till you try the truffles
,"so its been forever since I`ve tweet, just wanted to say thaty I love bill! and I hope ya`ll have an amazing week"
,wishing I got fij
,Happy Mommy Day
,its probable bed time. hugs and kisses  <33
,_bum lol *30 minutes slow* in a sec  i was just having fun tearing down old posters and putting up new ones
,  many thanx guys
,Whoooooo! Spcn 2009!  ready to cheer for !
,"Richelle Mead - Succubus Blues-fabulous read! very entertaining, lots of fun and interesting too!! next please.."
, hey ive seen the musical live its funny lol
,I just got home.  i bought twiggies and a toothbrush that promises to make my teeth 60% cleaner. - http://tweet.sg
,"_Colossus Lol, cheers `mate`. Yeah it went well thanks"
," Girl, you`re crazy... I LOVE! you.  Hahaha, and I GOT! yo` Lp Chap."
,"Hey Oprah just watched the show with Hugh Jackman, I love him too, he is so sexy"
,Awww the boys have no beards?    I LIKED THEIR MANLY MAN-NESS [via ] #asylm
,Goooosh! Someone payed my LastFM subscription  ^^
," i incredily love reading your tweets! they`re so entertaining, keep it up."
,kind of.i`m trying to make sure i have everything yet still look after the boy.hubby isn`t home yet
," morning sweetie, you cool?  ****"
, Love that book! My VW I`m about to turn in is named Scout.
,  aw. that sounds amazing  But I think I have work. Thank you for inviting me though
,great night
, i think you should come tomarrow....because i was really really really looking foreword to seeing you.......please come?
," Noo, good guys are better  x"
,Hella wow .  no doubt .
,"_Efron 17 Again was amazing! I have seen it three times! It`s just hilarious, and you are fantastic!"
,_kelly Bummed about the maxi dresses!  I think they`re so cute for summer but I`m only 5`4'!
, amy meredith has a soccer team? well i also have news about soccer. my team won aswell!!  ****
,Happy 2 b out of school!!!!!!! People just piss me off sometimes
,_pinkapple Not much on for the weekend here. Off to Knox shortly & definitely must get into the garden. It`s a wee bit neglected.
, i hope so  I KNOW WOO! haha 2 times  it was exciting lol
,just woke up from a delightful nap. I can`t desribe how much success is involved in an 8am nap on sat night....need rhubarb now
, you`ll be fine  don`t worry ... good luck again
,It`s 2am and I still haven`t gone to sleep yet! Up early to hit the beach and then shopping! Yays!!!
, lol  I`m sure it would be the most kick azz version we`ve ever heard!
, i`m playing good because i`m a big baby
, Wow that`s very Buddhist o_O HOORAY JEWS
, cool.. look forward for frequent tweets
,needs shows before wednesay!!! oh well... come one come all... Irvine Improv live @ Gotham Showcase 8pm  lots of good comics...then me.
,"OK. Happy Star Wars Day, everyone. As they say, May the 4th be with you"
, the video on myspace is so funny...u run a lot hahaha i voted
,_Lovato Never been better thanks  what are you up to?
,_Jamie I guess  ! I was really suprised..
,This day jus keeps getting better and better  FML
, just watched it on youtube and its hilarious. i laughed trough it.. seriously guys so funny.. greetings from Germany...
, aw i`m sorry  i was rooting for you just to let you know!
,"it`s a perfect day to throw back your head and kiss it all good bye - love it, so cheerful!!  ? http://blip.fm/~5jckp"
,thought Yes Man was good  had a blast with old friends tonight and heard some great music
,Forgot to set the alarm for a 6am ride  Hope I can get in a few easy miles after work.  Tomorrow: racin` the Gap!
,happy mothers day to all the baby mommasss! rofl
,i am outta here... see you guys later (or tomorrow)... happy mom`s day again!
," nah, you`re just altered forever   Enjoy."
,happy motherss dayyyy  so my sister decided to make lunch...hmph. but i decorated the house !  andd then i danced and sang hahaa
, Hope your son is okay!
, Awesome! Wish I could fly out to see her
,"happy mothers day.  oh and no i havent read it yet, will do now"
,Listening Maroon 5 .... 'Songs About Jane' is one of my favourite albums in time
, Thanks for getting me bottled water.
,shuuut up  stupid.
, yeah that sounds more sensible. thought you had a heston bleumenthal moment of genius somehow!
, did you really just call me Ma`am...wow that was the reality check of the day  lol
,HAPPY MOTHER`S DAY!
,i`ve got nothing witty to tweet
,Back in from LI 2hours ago n still made it to work  yay me
,"  LOL --> don`t mention it, my pleasure!!"
,Having Margaritas w/ mommie...what a great combo!
,good mornig to everone... it`s a great morning ...in the evening i play in the theatre in lord of the flies. it`s so much fun!
, aww  im ok been stuck on a coach coming back from nans today and its been lovely sunshine too  ****
," You are very sweet, my everyday hero friend"
,getting ready for the concert tonight! YAY!
,just chilling out in my room on the computer
,  lure her in with a foot massage!
, lucky! I still want those blue ones
,started a great mother`s day season!
," The Hulk, great movie  You might recognize Toronto`s Younge Street in some of the fight scenes."
,hoping to hear from you all soon
,"I have a crush on this guy at my job, name is tyler and his eyes are blue and very mesmerizing and he is too cool. Nite"
,  thanx mang!  shes due in june 12th and yezzzir the first baby! -drummer boi
," hope it isnt too hot a summer then.hows little one today,being good i hope.lol"
," if you meant to heavy rain n flood in bkk last night, lucky I was out of bkk"
, i still like coldplay i just said that was one of my fav cds. and they r one of my fav bands too!!!
,MORNING!!! Hope you all have a lovely holiday Monday whatever you are goin to be up to!
," awww, that`s cute."
, rob got lucky that game he beat me 209-205
, Have fun amorsote even tho u forgot my bday
,*sigh* joe sings so purdy.  he makes me feel better
,"sup guys, just downloaded tweetdeck, gettin a move on right now : D tweet me some nice clothes sits or summat  x"
,Chocolate milk is so much better through a straw. I lack said straw
,Sushi w/  well cooked veggie for preggo me  now onto Trolley Car birthday party on McKinney Ave. I actially feel awake for once!
," Yes,all on my own  OH gone to bed after a minor soap marathon. Photo editing night 4 me. Ohhh Inn on the lake, nice food."
,Honestly at home alone
,I love when my ipod shuffles so all the good songs are all together
,"Star Trek is awesome!! Kirk is hot, Spock is cool. It`s fun, cool and sexy. Definitely worth seeing. I saw it at the Cinerama."
,has woken up feeling a little special...i dont thing drink the bar dry is on the cards. when i finally sober up its home time i think
,Hawks lost but it was a good time
, I`m sure you`d consider it if they offerred the right price
, twist cld u follow me  ill love u forever
, I appreciate the effort. My skin is much softer than your screen
, That`s awesome! We have that this weekend too but I can`t go because I`m moving this Sat.  I should be a lot of fun though
,_D_ happy birthday
,off to pearlyn`s place - gran`s bday  mothers` day dinner tonight!  mom went for adults` svc today!!!  (L) happy mothers` day moms!
,Hey there! It`s a glorious morning! Monday`s animation mode: ON!
,"i miss everyone... i need faces  , not witty situational updates, but these will do..."
,"_reality morning trish, have fun today"
,"ever been in a pointless argument with drunk mum, drunk nan and drunk mums bf while having dinner??? i have.... fun times all round  hahah"
,"_15 No, I haven`t seen it yet!  But once it comes out on DVD.. ;) hehe. Haha"
,Yay my friend Glen is here. Now i`m like this
,i love you twitskies
,i`m going to try to get some sleeeeeeep. goonight twitter  have a nice mother`s day.
,is excited about so R and R for mother`s day
, zombie wrangler sounds like fun. I don`t have halo wars.
, answer my really cool questions
,"i like this new trend ,  who`s next ? http://tinyurl.com/qcy8d4"
,Happy Mother`s Day to all the moms out there! Just finished having lunch with my  relatives. I wuv you mommy and granny.  HAHAHA.
, that is true. It`s up to their discretion. Being nice to them also helps.  So far I have not been turned down ;-)
, thanks for sharing
," haha, nice wheels. Victoria will be doing her own peddling thankfully, the boys will get the free ride"
,just bought 5 bouquets of flowers and put em all together and arranged them all pretty for my momma in the morning!  ::proud of myself::
,Sleepy time..   happy mothers day all u momz
, Oh no!!    Hope they get you in soon and can make you feel all better.  Hugs from the other coast!!
, Thanks!!!!  Happy Mother`s day to you too!!
," Hey JK...Wish Evenlyn a Happy Mothers Day tomora for me..I had a Great Day, my gift will be tickets to see ya`s ere in Oz"
,Going to sleep now goodnight!  xoxo
, Awww you`ll have to post a pic  I bet it`ll look dead nice (y)
, Ta very much!  Happy B-Day to G-son
," haha what can i say, you`re a great teacher!! you learned from the best... Hannah Montana"
," Good to see you hear as well, Andy!"
,wants to feel better
," whaa?  you really should.  2 and 3 are definitely optional, though.  I liked them, but I`m also crazy."
,"@_elj Appreciated,uni email is helpful.."
,Download movie  'Ben 10: Alien Force' http://tinyurl.com/czb7b2 cool #movie
," yeah I`ve been there, my son is two so we go to only the kid friendly places now;) congrats on the baby!"
,Had a great talk with Tony this afternoon... we`re going to give it another go
,"Happy Mother`s Day to all the moms! If you`re an awesome mom, you`ll help #savechuck"
,ooooh.... I have a headache.  Got to go to work now
, its fun though
,NOOOO!!!  'thehannabeth: i have a crush... ;)'
,Hi-5 to ALL my friends and ummm thanks for the follow and enjoy the ride IF I make too many trips (I will) for u and u gotta go i get it
,Happy Mothers Day Mum
,Woke up after about 6 hours of sleep. Feeling better now
," I`m back on Long Island today after spending the weekend in Manchester, VT. Hope you have a great week ahead."
,Engaged May 1st to the best guy  I could not be happier! I love you Jay!
, Hugs to you for not being able to shag Crush anymore  x
, yea I was about to call you shallow but you saved yourself by saying he makes good music
, thanks..
,Playing with my puppy
, Goooood Morning Melody! Wishing you a Wonderful Mother`s Day with your family!
, I KNOW I`m so excited for them!
, - love your new avatar!
," wooooo the tour has started yay, 13 days  have an awesome time! loved the video xD"
,Just watched Camp Rock  Eating raspberry ripple icecream. Awesome
,Gotta get ready to leave....Alec and I are going hunting outside of Volterra. This should be fun.  Talk to everyone later.
,  Hey Wanda great to tweet with u and many thx for the info re dobro and what a fantastic sound. Son House is a fav of mine
,Driving fast is SO much fun. I went 80 in a 25. Hahaha. Goodnight!
,Happy Mother`s Day to all you moms out there
,Rode a jeep home with my mentor. Heard his story being in UP FineArts. Pretty cool.
,nice weather today in Alex
, CONGRATULATIONS on the test!
, briliant! May the fourth be with you  #starwarsday #starwars
,"Thanks to all the new followers  Well, I went to a **** tonight and its 4am so I`ll follow you tomorrow. Much love."
,working my **** off and I am completely happy
,Laying in bed texting. Good night ya`ll
, hope our wishes come true someday.
,beach...yummy steak and catching up on `lost` with my man...lovely day
," thanks lovely, will let you know when its up and ready! The baby havs are gorgeous, I want something to put in them  x"
,Having a wonderful piece of cake for lunch - what else could I want???
, Many many thanks!!!  (it`s about school!) Weeeee!!!
, Uh oh!  Hope nothing too damaged.
," it`s like triple what i`ve got, so it`s a lot to me as well. Well done"
, I have a great house to sell you!   Comes complete with a riding mower!!
,"Do you know what? I have a good little life, and I love it."
,Sewing things is nice  I feel crafty and productive. And foxy.
, oooooooh I KNO  EEEEEEEKKKKKKK!  ROCKS!! >
," Oh Jordan! I√Ø¬ø¬Ωm ready for the next contest, baby!!!! Can√Ø¬ø¬Ωt wait! Kisses from Brazil. I love you!"
, CONGRATS on graduating college!
, BIG HUG FOR YOU
,watching shows I missed on the ellipital--- love my on-demand!
, ~Congratulations Daddy
,and Happy Mothers Day to All you Moms out there i hope you had a good day
,enjoying and exploring my n96 phone.. grr.. it`s awesome.. but i wanted the samsung omnia..
, LMAO. Joey is mine  I cant wait to meet them in july!
,Congrats ...so proud of you girl
,The $500 I saved on not buying a couch is going towards paying my visit to ER for UTI
,Happy Mother`s day! Sent msg to mom and got her phone call. I wish one day we can live in the same city so I can take care of her.
,: saw it yesterday. Pretty good.
," That`s what`s up hah. I`m great, thanks  Just waiting for all the craziness to take off."
,picture to burn - taylor swift!    great song!
, its cool.  Im glad everyone had a nice date night.  Maybe one day ill get one too.
, Thanks. They`re both so cute. Havent been home for many years so havent seen them in person
, That`s a relief! I feel better knowing it`s hereditary.  Have fun!
,"Gooooooood morning, campers!  And happy Mother`s Day!"
," :O goodness, i havn`t heard it. i lovelovelove her old stuff though, the overture the underscore is the best album i think"
,Happy Mother`s Day everyone.
,OMG.. THIS ONE??? YESSSSS love this Danny song
, OMG so exctied
,  I hope you have a nice sleep
," great thanks hun, i did thr family thing this wknd too! 5 weeks today we hit the USA, cant wait!!"
, Good luck tonight on the big finale show!
,Loving the cairns clan
, Thank you  I`d share my sundae with you but it`s really late and _crane says we shouldn`t tell people where we are
,Its beautiful outside. I wish i was in new york city. But this area is pretty cool. Hip and trendy.
, hopefully it don`t go that far  sometimes I feel like renouncing my roots
,"Had a neat mothers day - nothing flash, just some chillin time with my girls"
,"Is taking a moment to reflect...I want my annonymity back,FB!!!!  Is it safe to say anything about someone else to another friend again?"
," Hmm... it`s a miracle you`re using twitter, and it`s fun... so... Tweet!"
,_says ha ha funny
," yeah that`s trueee  i can`t wait till the tour dvd comes out, that tour was so epic (: and the backstage material is hilarious"
,"I love my daddy, but I don`t want to go to his house today."
,Had such a great weekend! Glad it`s sunny out today
, you know you love it   Stat-K
,Hoping my mom likes her pamper gifts I sent her
, http://twitpic.com/4wl7x - Very pretty Janette  I have that exact same Hey Monday band!  And its on the same arm :O
,i decided that myspacee is wayy better
, awww don`t be sad  we`ll download a copy for you!
,my body isnt itching anymore
,i can be a good girl at school.. today i was!! i did it!! yayy
,i finally found the perfect matte lcd cleaner!! i-nix screen cleaner ftw!
, sweet! make sure to put some in your bag for me
," oh, joy. We have the Elmo potty video too."
,_navarro I wish this area offered chinese food delivery
,2 days till birthday! I just hope the weathers good!! And it best be good on thursday and friday! Otherwise il scream! happy b`day keiron
,_ Awww. So that`s him. Nice attempt at hiding from the camera
, hehe...nice try
,  Way too many people indeed... I only recognize the Chinese guy... LOL
, - just took over the #1 Most Endorsed spot on twindexx.com - thanks to the endorsement by 
, YAY! I can`t wait to read it.
," thank you sooooo much for my snoopy T-shirt! I love it to bits! It`s a perfect fit, just got it this morning!  Peace"
,I love ! Thank you SO much for saying 'hi to Jenn & Laura' yesterday in Arcadia! My friend Shannon surprised me w/the vid
,yay it`s friday... hold on I have to work tomorrow
, omg yes!!!!!!! but I have to get ready for work early tonight  I have payroll distribution duty
,  Thats charmingly funny
,morning twitterbugs...nothing like a loooooooooong lie-in!!
,_Cordon LOL that split second of peace is truly amazing
,"Dinner with Ali tonight celebrating her first day at the new job, will be near Trader Joe`s, might just have to stop in"
,All moved in to our new apartment. So exciting
,not at work today .i have my car back she is perfect  going random shopping later .
," Oh, I see!  So it`s like, morning there, right? Happy breakfast! *thumbs up*"
," - Yeah I know they are **** annoying with that... But it,s such good promo... I lost some contacts for business in there"
," Hehe, you`re an expert now eh?"
, That is the best sticker EVER. Also. I dig your hair. It`s gotten long since I`ve seen you last.
, Happy mother`s day to ur mom!!! i hope she has a wonderful day!!!!!
," Heh, thanks for that adorable plug  *cough* more info at: www.samstephens.com *cough* *cough*"
,such a fun night with Bekah just talkin and stuff. Wuv her
, is making everything fabulous tonight
," Hella worth it, even if you don`t need the full 32 now."
," **** @-) That`s a lot of messages from him @-) HOW SWEET. :'> And yeah, sayang"
,: Loved it!  Would never have thought he was into the iCarly version of Beanie Babies. xD
, glad you could make it
,Happy Mother`s Day!
,Happy Christmas! No wait... What is it again happy M...........easels day. No but seriously.... Happy Mothers day...  lmao
, Hope you`ve reviewed them on my site  http://snipr.com/hble5
," Having a Leatherman, is a MUST, really for anybody! You never know, when you might need one & it gets the job done."
,"Off.  Have a good star wars day, fonz day, dancing taco day, whatever you celebrate, it`s all good!"
," Good lord, man.   I recommend the Dark & Stormy at Casablanca."
,junk food and movies in a tshirt and sweats.... the only way tonight would be better is if I had someone to hang with
,Ready for Eastenders - going to be a good one!! .. Then the last BGT Semi Final  .. FINAL tomorrow night though  Exciting stuff...
,would really like to not be at work and instead taking a nap.
,"party was awesome. soooo tired, bye. ps: happy momma`s day"
, PGPM student from where? I myself was a PGPM student about 4 years back. I wish I could stay one
,"  Hey thats good, my Daughter`s still asleep and Son is drawing, better feed him v soon"
, Past experiences of being a redhead (eg. discrimination) or even just general info bout gingers in society! It all helps
,great cant eve locate my phone! there goes 200 down the drain
,"_Ross if you look at the js code in facebook you will notice a few js functions...nahh just kidding, a buddy told me"
,Happy Star Wars Day! May the Fourth be with you.
, Thanks hon!! Project Bra starts today!
,"Browsing digital art tutorials (like those found at Henning`s site: http://bit.ly/WJg5A ), refreshing my knowledge... and then my skills?"
,"3 days of frisbee, three nights of partying and sprained ligaments. Can`t imagine a better long weekend"
, i really wish i could.
,   sending you love on mother`s day and wishing you more happiness in the days ahead!
,Welcome to everyone  Playerstation.it is now live on Twitter. www.playerstation.it
,Law week is gonna go the **** off  SO EXCITED
,"Working security for the club tonight. First time working it in about a month. Should be interesting. Oh, and hi Kelsenator!"
,taylor swift`s 'you belong with me' is so amazing. love the mv!
,Illy`s note in the book: 'From one `geek` to another - keep up the good work!' sigh.  He is missed - and he was great for espresso.
," ROFL  Even if I kept insurance and payments under $300, Im still like.. meh. Good thing I applied for a day job pasy $2888mo"
, Too much details !!!    (But glad he is better)
,_d he`s a lucky baby. He has a wonderful family  do u know when u could take him at home?
, everyone loves u sarah not just the tweeters! the today show couldnt stop raving about your beautifulness...
," Yeah, Jimmy Fallon is back to do a skit. Yay!!!!"
,Funniest desktop ever: http://mobypicture.com/?ee2ij3 this way I can see my collegue.
," ... Yay! I can give you a lesson tomorrow, at Church."
,"Pool, alcohol, & a cute band, couldn`t ask for more on a Saturday night  #fb http://twitpic.com/4w1rr"
,i think they play michael buble in Heaven. He`s that great.
," So far (with the exception of the rain), my morning is Great.  But I won`t let it dampen my day"
, you the the Queen of Sass oh Scenie!!!
,   hi holly  i`ll volunteer to try it out first for u! hope ur having a fab weekend xoxox...
," ****, so many good deals...you guys have a conspiracy to steal all my money"
,is still amazed at the awesomness of last night. The discussion was great! Looking forward to a great week! Only 10days until I go home
, what a great project!!! Wish I could have done that with DD1. She`s too old now.
," it`s not a test to find cancer, it`s just some stuff in regards to; in this case, positive results would be a good thing"
, wow. sounds heavenly.  we`re just doing a quick drive to north carolina. i can`t wait
,I love it when it rains on me when im golfing
, Thank you! And I don`t care for the look on his face.
,"_: '  Good evening, kind sir *bows*' ? http://blip.fm/~5z7zv"
, Thanks about the ponytail. I dreamt last night that I shaved my head...??? I guess it`s a bigger deal than I thought.
, imma talk to ya later ishi goodnight kid
,Moms everywhere stop what you are doing and get a good night sleep for tomorrow its your childrens turn to pamper you.  enjoy your day
,Can`t wait to go to bed
, how is Aussie...im hopin to be there in Sydney in less than a week just got my VISA on thursday whoot whoot
,thanks steph...must keep me updated when it`s ur turn
, I second that. I wish it rained more where I am
, It was a lovely attempt at poetry!
,Starbucks I`m lovin` it
,"Nightlife Commando is like, chanting. The music is cool.  & Now I`m listening to INXS. The music in this song is amazing. The bass is win"
,"Gary Just tried the Ommegang Chocolate Indulgence: no chocolate, no indulgence, just ... metallic.  Best I can... http://ff.im/-3o7RV"
,installed the iNav iBlue v2 Theme...gives a fresh feel    http://twitpic.com/4jfg4
, Name the rest? Let`s see. Mystery Jets are pretty cool. Ida Maria AND you shud rly listen to Say Anything!
," Susan Egan, I love her! And yeah, it said I would have a pleasant trip."
,"This is the best E-commerce site, I hope you`ve watched the big bang theory. http://www.pennyblossoms.com/ Please hit 'buy now'"
, i love to read ur little quotes
, I know its a Block Party but would love to hear a DH original if you get a chance
, Might be a while before I get around to it. Not sure if I will make it flat out in HTML or through WordPress. .. Fun fun fun
, thank`s ... See? now I`m back on smiling
,What to do what to do!!!! need to do my show reel nxt week...then start applying for editing jobs  Rock climbing tomos I hope
,"Oh, yes... Happy NINE year annivarsary to Hanson`s second studio album, 'This Time Around.'"
, Cool I`m glad.I will save some tea for you
,but i did have a really nice smoothy at baulko shops
,had the best weekend
,About to Enjoy the Silence
," Funnily enough, Roland is President of my social club!"
,has enjoyed her first day of summer
, Thank you for FF
,i forgot how much i love all these songs on my itunes. i love shuffle  and i love watching the pranks from AP Tour!
,"_rubadeau Last weekend I had a pretty solid brunch at Bar Wellington. Hard to screw up steak and eggs, though"
,I think I`m going to go outside and have a very John Cage moment   Music majors rejoice!
," I see we are approaching a nice round 5500 number, I expect you will have crashed through that by the time I come back tonight"
," ummm, come on, for me twins and slurpees, and being in a car with the twins is going to be pretty epic!!!"
,i wish i were hanging out with kobe right now
,it is so cute watching Matt play with the Wii as I do some work
,"any legal studies/law students out there twitter? would love a couple of references to cases inolving bias juries, jury nullification etc"
, yay! welcome to the etsy-seller world
,Goodnight and Goodbye ?
,Shout out to my moms for wakin me up so prematurely! Preciate it
, selena`s mom congratulations` have a nice day
, I`m in belleville at my parents and someone offered me a bus ride to orillia for 10$ at the mall. Thought of you
," Dreams give rise to reality. When they said I wouldn`t   walk, my dream was to fly! Dream, Believe, Achieve!"
," last time I looked, they were about 400. They gave us a demo, so cool"
,   HAPPY MOTHERS DAY!! LOVE YOU GUYS...
, Good to see you haven`t lost your sense of humour.  Get well soon
,"_L Thanks,I think your the first girl to say that...besides my mom"
, nothing sweeter than YOUR 4-year-old!
, Yeah! I want it too. I love that 'Falling Slowly' song. It keeps playing in my head.
,  and I luh you tooooo
,I just wanna be happy
, Yeahhh... thx. I figured it out
, Nothing wrong with that samantha
,Wine and Saginaki with 7 friends = good times
,  oh man i wanna be in the bay asap! Thank you   Have a great day!
,good day
, Maybe it had a hot date with a nice little Cesna.
,so I just had a violent fightclub like **** dream involving heavily tattooed ladies. I didn`t wanna wake up.  lol.
," Haha dude, we have the same b-date :p I`ll wish u ur b-day the 3oth November. I`ll also turn 16  Can u reply to me please ?"
,"Nice place to eat in sao paulo, brazil  http://twitgoo.com/28hh"
,lmfaoooo i **** love this showwwww
,just got in. I have the best friends
,  cool  you are here too  hi sam  how are you???
,I wish i had a smartphone with an irc app. That`d be pretty cool.
,wishing i could go to CaBo tonight
," don`t you just love the 'butteflies in your stomach' feeling?  ano man yun, kaya mo yan."
," Excellent pic! Wish I were there, but it`s a long drive from TN."
,milkshake  hot day = unsettled stomach
,Back from a wonderful vacation. Had perfect weather and now back to the rainy `burgh and reality.
, Aw  yes we had it out for weeks got asked to return it in end! I wish they had just bought it for me! never mind ??
,Thank you all for your incredible support and encouragement-it means so much!! You constantly bless me & I am thankful for you!!
," Yeah, I wanted to have some  I was bottling, so it`s sanitized and all good. It tastes like those choc. oranges."
,on our way home after seeing Rodney Atkins in concert...I Love him! Thanks Bob
, It was indeed a lovely evening. Over far too quickly  I got home at 1115 in the end. Coffee in bed this morning
,i suppose i best get ready for work  grrr
,"Happy Mothers Day all!  Hugs and love, Zoe"
,happy mother`s day to your moms
," Thanks, I love it"
,I`ll get my new laptop in 10 more days! Excited! It is Dell Inspiron - core2duo 2.0GHz - 4GB DDR2 - 250GB hdd - 15.6 inches screen
," Me too, because Monday is end of weekend. But, we cannot escape it, so I wish you have a good week"
,"wish i could be in via funchal  yesterday, , , ,  were PERFECT, the best day in my life ****"
, it was jokes!!!  me love the mag..really!
," Happy Mother`s Day, Kadi!!"
,loves listening to people practising on the piano downstairs
,"Basically I`ve listened to Miley Cyrus for fourteen hours now, and I love it."
," cool, your too good to me you know"
,Proudly watching my film  http://bit.ly/dP2Uh
,happy mothers day to all the beautful mums.
,Yay! Made my first sale on RedBubble - that makes me so happy   http://bit.ly/1gURq
," Praying for love in a lap dance, and paying in naivety. <--One of my fav songs"
, Cheers. Wish I had more fonts to play with
, My pleasure. I can`t be with my mom on Mother`s Day. But I can spread love.
, that`s a good attitude
,  whenever you are mama!  Let`s do it
," In my case, it`s going to be exams showing me a thing or two.  I`m very much hopeful about November `09, though."
,Happy Mother`s Day! Justin Timberlake`s version a mother`s day gift.. http://bit.ly/6fGxd  -- too funny!!!
, I`m here if u need to vent!
,I think I might fall in love with jihoon in boys over flower.
, thanks for the add  I`ll try again signing in later when I get home. If still no such luck then I`ll email someone
,_Perth Awesome...love top gear..whos your favourite?Got to admit i have a soft spot for captain slow
, ohhh yea it is from the same film  and this one had been a fave for a longgggg time... any1 for humma humma?
,This is great curl-up-in-a-ball-and-read later. I wish I had a book.
,"I don`t dig emo **** or that, but I like this song sorry emo`s  ? http://blip.fm/~5jg0u"
,is hanging out with the roomies. I adore the 4 gentlemen I live with. Great people and a good talk when discussing boy issues!!
, agree with you about facehunter  embarrassing representation. compare to swedes who all look like they were born stylish.
,Another nice day again! Working in Goderich today so I can walk & enjoy the weather
,winter flu has to twitter about logies to get noticed. haha. I love rove
,Good night you twitter people
,Happy morning to everyone!
," ooh good!  im starting with the hardest one, gonna be at it all day. ive locked my door and im only leaving for food and toilet! x"
,wishes people wouldn`t be so stubborn sometimes.
,awesome night in the city
, haha. thanks for listening to me rant on and on about nothing!  have a good NIGHT?
, Just study according to the notes that you had to copy and you`ll be fine.
, THANKYOU!  <3 iloveyoutwoooo
," congrats, dreps! and good luck sa interview!"
, don`t worry be happy Ryan
, My best Vanilla in memory was from the Sharffenberger factory gift shop... Not sure where to get it now!
,"So I got up, went outside planted a few flowers and watched a lee evans DVD. Who knew bank holidays were so fun"
, I wish I could really do that  I love having u around! Ill see what I can do.. ;) try to use that national champ pull lol
," ~entonces estas perdonada porque sigues a tom conrad, who we all know is made of awesome"
, aaaw... that`s very sweet of him. my girl friends gots to drag them hubbies just so we can 'nite-out'. unless my beer. LoL
,happy mother`s day mummy  i love you. xo
,Great lunch at baby bulls.  Now time for work til 930.
,I just saw a shooting star... I made my wish
, what about Your Body by Tom Novy or Voodoo Child by Rogue Traders. They are from 04/05. Good memories from these songs
, I`ve been a fan of yours for years and you have been such an inspiration to me. You`re truly my idol  Best wishes to you
,Sunday morning and i realised im a film snob  as it said on MSN entertainment
,"Happy Mother`s Day!!!  I`m at the beach with my family. It`s a warm, clear night with a beautiful full moon..."
, I`m pretty sure my bum shape will still be imprinted there
,my mum was really happy about her pretty small present^^ oh wow tomorrow we can test one of her presents: one of the pasta recepies
,I can`t believe it`s Monday already! A week in Vancouver already gone.. what a good weekend
,These girls make me giggle  twinz twinz! Godda hit up the bbq in a few
, Perfect. Thank you. Enjoy your sunday of no work
, haha. It does have a nice ring to it (: Lets get used to that. ok! iloveyoutoo.
,Hahah. Love them!
, jass warn me b4 u go to nxt war...i am there to have fun...
,going to work soon and so excited!  ugh id rather pluck my fingernails off
